id_lote,dia_1,dia_2,dia_3,dia_4,dia_5,dia_6,dia_7,dia_8,dia_9,dia_10,dia_11,dia_12,dia_13,dia_14,dia_15,dia_16,dia_17,dia_18,dia_19,dia_20,dia_21,dia_22,dia_23,dia_24,dia_25,dia_26,dia_27,dia_28,dia_29,dia_30,dia_31,dia_32,dia_33,dia_34,dia_35,dia_36,dia_37,dia_38,dia_39,dia_40,dia_41,dia_42,dia_43,dia_44,dia_45,dia_46,dia_47,dia_48,dia_49,dia_50,dia_51,dia_52,dia_53,dia_54,dia_55,dia_56,dia_57,dia_58,dia_59,dia_60,dia_61
1,Q1,Q2,Q3,Q4,Q5,Q5,Q6,D1,,,,,,,,,,,,,,,,,,,,,,,,,,,,,,,,,,,,,,,,,,,,,,,,,,,,,
2,Q1,Q2,Q4,Q4,D2,,,,,,,,,,,,,,,,,,,,,,,,,,,,,,,,,,,,,,,,,,,,,,,,,,,,,,,,
3,Q1,Q2,Q3,Q5,Q5,Q6,Q6,Q2,Q2,Q2,Q3,Q4,Q6,Q1,Q2,Q2,Q2,Q3,Q4,Q4,Q4,D2,,,,,,,,,,,,,,,,,,,,,,,,,,,,,,,,,,,,,,,
4,Q1,Q2,Q3,Q3,D1,,,,,,,,,,,,,,,,,,,,,,,,,,,,,,,,,,,,,,,,,,,,,,,,,,,,,,,,
5,Q1,Q2,Q2,D1,,,,,,,,,,,,,,,,,,,,,,,,,,,,,,,,,,,,,,,,,,,,,,,,,,,,,,,,,
6,Q1,Q2,Q4,Q4,Q4,Q6,Q1,Q2,Q3,Q3,Q5,Q5,Q6,Q4,Q5,Q5,Q5,Q6,Q6,Q6,Q1,Q2,Q3,Q3,Q4,Q4,D2,,,,,,,,,,,,,,,,,,,,,,,,,,,,,,,,,,
7,Q1,D2,,,,,,,,,,,,,,,,,,,,,,,,,,,,,,,,,,,,,,,,,,,,,,,,,,,,,,,,,,,
8,Q1,Q1,Q2,Q5,Q5,Q5,Q5,Q6,D1,,,,,,,,,,,,,,,,,,,,,,,,,,,,,,,,,,,,,,,,,,,,,,,,,,,,
9,Q1,Q2,Q3,Q3,D1,,,,,,,,,,,,,,,,,,,,,,,,,,,,,,,,,,,,,,,,,,,,,,,,,,,,,,,,
10,Q1,Q1,Q2,Q2,Q4,Q5,Q1,Q1,Q2,Q3,Q5,Q5,Q6,D1,,,,,,,,,,,,,,,,,,,,,,,,,,,,,,,,,,,,,,,,,,,,,,,
11,Q1,Q2,D1,,,,,,,,,,,,,,,,,,,,,,,,,,,,,,,,,,,,,,,,,,,,,,,,,,,,,,,,,,
12,Q1,Q2,Q3,Q5,Q5,Q6,Q1,Q2,Q5,Q2,Q3,Q4,Q6,Q1,Q2,D1,,,,,,,,,,,,,,,,,,,,,,,,,,,,,,,,,,,,,,,,,,,,,
13,Q1,Q2,Q2,Q4,Q4,Q6,Q1,Q2,Q1,Q1,Q2,Q2,Q3,Q5,Q6,Q4,Q4,Q4,Q4,Q6,D1,,,,,,,,,,,,,,,,,,,,,,,,,,,,,,,,,,,,,,,,
14,Q1,Q2,Q3,D2,,,,,,,,,,,,,,,,,,,,,,,,,,,,,,,,,,,,,,,,,,,,,,,,,,,,,,,,,
15,Q1,Q2,Q5,Q6,Q1,Q2,Q5,Q6,Q2,Q4,Q5,Q5,Q2,Q2,D1,,,,,,,,,,,,,,,,,,,,,,,,,,,,,,,,,,,,,,,,,,,,,,
16,Q1,Q2,Q1,Q2,Q1,Q2,D1,,,,,,,,,,,,,,,,,,,,,,,,,,,,,,,,,,,,,,,,,,,,,,,,,,,,,,
17,Q1,Q2,Q3,Q3,Q5,Q2,Q5,Q5,Q3,Q5,Q5,Q5,Q4,Q6,Q4,Q3,D2,,,,,,,,,,,,,,,,,,,,,,,,,,,,,,,,,,,,,,,,,,,,
18,Q1,Q1,Q1,Q2,Q2,Q2,Q3,D2,,,,,,,,,,,,,,,,,,,,,,,,,,,,,,,,,,,,,,,,,,,,,,,,,,,,,
19,Q1,Q2,Q1,Q2,Q2,Q5,Q5,Q6,D1,,,,,,,,,,,,,,,,,,,,,,,,,,,,,,,,,,,,,,,,,,,,,,,,,,,,
20,Q1,Q2,D1,,,,,,,,,,,,,,,,,,,,,,,,,,,,,,,,,,,,,,,,,,,,,,,,,,,,,,,,,,
21,Q1,Q2,Q3,Q5,Q1,Q2,Q2,Q2,Q3,Q4,Q5,Q6,Q6,D1,,,,,,,,,,,,,,,,,,,,,,,,,,,,,,,,,,,,,,,,,,,,,,,
22,Q1,Q2,Q2,Q2,Q5,Q6,Q1,Q2,Q5,Q6,Q1,Q2,D1,,,,,,,,,,,,,,,,,,,,,,,,,,,,,,,,,,,,,,,,,,,,,,,,
23,Q1,Q2,Q2,Q3,Q3,Q4,Q3,Q3,Q3,D1,,,,,,,,,,,,,,,,,,,,,,,,,,,,,,,,,,,,,,,,,,,,,,,,,,,
24,Q1,Q2,Q2,Q2,Q3,Q5,Q5,Q5,Q5,Q5,D1,,,,,,,,,,,,,,,,,,,,,,,,,,,,,,,,,,,,,,,,,,,,,,,,,,
25,Q1,Q2,D1,,,,,,,,,,,,,,,,,,,,,,,,,,,,,,,,,,,,,,,,,,,,,,,,,,,,,,,,,,
26,Q1,Q1,Q2,D1,,,,,,,,,,,,,,,,,,,,,,,,,,,,,,,,,,,,,,,,,,,,,,,,,,,,,,,,,
27,Q1,Q2,Q3,Q3,Q3,Q5,Q5,Q5,Q6,D1,,,,,,,,,,,,,,,,,,,,,,,,,,,,,,,,,,,,,,,,,,,,,,,,,,,
28,Q1,D2,,,,,,,,,,,,,,,,,,,,,,,,,,,,,,,,,,,,,,,,,,,,,,,,,,,,,,,,,,,
29,Q1,Q2,Q1,Q1,Q2,Q1,Q1,Q2,D2,,,,,,,,,,,,,,,,,,,,,,,,,,,,,,,,,,,,,,,,,,,,,,,,,,,,
30,Q1,Q2,Q1,Q2,Q3,Q5,Q5,Q6,D1,,,,,,,,,,,,,,,,,,,,,,,,,,,,,,,,,,,,,,,,,,,,,,,,,,,,
31,Q1,Q2,D2,,,,,,,,,,,,,,,,,,,,,,,,,,,,,,,,,,,,,,,,,,,,,,,,,,,,,,,,,,
32,Q1,Q2,Q2,Q5,Q6,Q1,Q2,Q1,Q2,Q3,Q1,Q2,D2,,,,,,,,,,,,,,,,,,,,,,,,,,,,,,,,,,,,,,,,,,,,,,,,
33,Q1,Q2,Q2,Q3,Q1,Q1,Q2,Q2,Q5,Q3,Q2,Q4,D2,,,,,,,,,,,,,,,,,,,,,,,,,,,,,,,,,,,,,,,,,,,,,,,,
34,Q1,Q2,Q5,D1,,,,,,,,,,,,,,,,,,,,,,,,,,,,,,,,,,,,,,,,,,,,,,,,,,,,,,,,,
35,Q1,Q2,Q5,Q5,Q5,Q6,Q6,D1,,,,,,,,,,,,,,,,,,,,,,,,,,,,,,,,,,,,,,,,,,,,,,,,,,,,,
36,Q1,Q2,Q1,Q1,Q2,Q5,Q6,Q2,Q1,Q2,Q2,Q2,Q3,Q3,Q4,Q4,Q4,D1,,,,,,,,,,,,,,,,,,,,,,,,,,,,,,,,,,,,,,,,,,,
37,Q1,Q2,D1,,,,,,,,,,,,,,,,,,,,,,,,,,,,,,,,,,,,,,,,,,,,,,,,,,,,,,,,,,
38,Q1,Q2,Q2,Q2,Q3,Q2,Q1,Q2,Q5,Q5,Q6,Q6,D1,,,,,,,,,,,,,,,,,,,,,,,,,,,,,,,,,,,,,,,,,,,,,,,,
39,Q1,Q2,Q3,D1,,,,,,,,,,,,,,,,,,,,,,,,,,,,,,,,,,,,,,,,,,,,,,,,,,,,,,,,,
40,Q1,Q2,Q2,D1,,,,,,,,,,,,,,,,,,,,,,,,,,,,,,,,,,,,,,,,,,,,,,,,,,,,,,,,,
41,Q1,Q2,Q4,Q6,Q6,D1,,,,,,,,,,,,,,,,,,,,,,,,,,,,,,,,,,,,,,,,,,,,,,,,,,,,,,,
42,Q1,Q2,D1,,,,,,,,,,,,,,,,,,,,,,,,,,,,,,,,,,,,,,,,,,,,,,,,,,,,,,,,,,
43,Q1,Q2,D1,,,,,,,,,,,,,,,,,,,,,,,,,,,,,,,,,,,,,,,,,,,,,,,,,,,,,,,,,,
44,Q1,Q2,Q1,Q2,Q5,Q5,Q5,Q4,Q4,Q6,Q1,Q2,Q1,Q2,Q1,Q2,Q2,Q3,Q3,Q4,Q6,Q1,Q2,Q5,Q6,Q4,D2,,,,,,,,,,,,,,,,,,,,,,,,,,,,,,,,,,
45,Q1,Q1,D2,,,,,,,,,,,,,,,,,,,,,,,,,,,,,,,,,,,,,,,,,,,,,,,,,,,,,,,,,,
46,Q1,Q2,Q2,Q1,Q2,Q3,D2,,,,,,,,,,,,,,,,,,,,,,,,,,,,,,,,,,,,,,,,,,,,,,,,,,,,,,
47,Q1,Q1,Q2,Q2,Q2,Q4,Q3,Q4,Q5,Q1,Q2,Q2,Q2,D1,,,,,,,,,,,,,,,,,,,,,,,,,,,,,,,,,,,,,,,,,,,,,,,
48,Q1,Q2,Q2,Q5,Q5,Q5,Q5,Q6,Q6,Q1,Q2,Q3,Q5,Q4,Q4,Q5,Q1,Q1,Q2,Q2,Q5,Q1,Q2,Q2,D1,,,,,,,,,,,,,,,,,,,,,,,,,,,,,,,,,,,,
49,Q1,Q2,Q4,Q5,Q1,Q2,Q3,Q2,Q3,Q1,Q2,Q3,Q5,Q5,Q4,Q4,Q4,D2,,,,,,,,,,,,,,,,,,,,,,,,,,,,,,,,,,,,,,,,,,,
50,Q1,Q2,Q3,Q2,Q1,Q2,Q1,Q1,Q2,Q2,Q2,Q2,Q5,Q5,Q6,Q6,Q1,Q2,Q5,Q4,Q5,Q6,D1,,,,,,,,,,,,,,,,,,,,,,,,,,,,,,,,,,,,,,
51,Q1,Q1,Q2,Q4,Q4,Q4,D2,,,,,,,,,,,,,,,,,,,,,,,,,,,,,,,,,,,,,,,,,,,,,,,,,,,,,,
52,Q1,Q2,Q2,Q1,Q2,Q3,D1,,,,,,,,,,,,,,,,,,,,,,,,,,,,,,,,,,,,,,,,,,,,,,,,,,,,,,
53,Q1,Q2,Q2,Q1,Q2,Q4,Q3,Q3,Q4,Q6,Q1,Q2,Q2,Q5,Q6,D1,,,,,,,,,,,,,,,,,,,,,,,,,,,,,,,,,,,,,,,,,,,,,
54,Q1,Q2,Q5,Q4,Q5,Q3,Q4,Q4,D2,,,,,,,,,,,,,,,,,,,,,,,,,,,,,,,,,,,,,,,,,,,,,,,,,,,,
55,Q1,Q1,Q2,Q5,Q2,Q3,Q4,Q6,Q6,D1,,,,,,,,,,,,,,,,,,,,,,,,,,,,,,,,,,,,,,,,,,,,,,,,,,,
56,Q1,Q2,Q3,Q3,Q2,Q2,D1,,,,,,,,,,,,,,,,,,,,,,,,,,,,,,,,,,,,,,,,,,,,,,,,,,,,,,
57,Q1,Q2,D1,,,,,,,,,,,,,,,,,,,,,,,,,,,,,,,,,,,,,,,,,,,,,,,,,,,,,,,,,,
58,Q1,Q2,Q1,Q2,Q2,Q1,Q2,Q5,Q5,Q5,D1,,,,,,,,,,,,,,,,,,,,,,,,,,,,,,,,,,,,,,,,,,,,,,,,,,
59,Q1,Q2,Q3,D2,,,,,,,,,,,,,,,,,,,,,,,,,,,,,,,,,,,,,,,,,,,,,,,,,,,,,,,,,
60,Q1,Q2,Q3,Q4,Q4,Q6,D1,,,,,,,,,,,,,,,,,,,,,,,,,,,,,,,,,,,,,,,,,,,,,,,,,,,,,,
61,Q1,Q2,Q3,Q3,Q5,Q6,D1,,,,,,,,,,,,,,,,,,,,,,,,,,,,,,,,,,,,,,,,,,,,,,,,,,,,,,
62,Q1,Q2,D1,,,,,,,,,,,,,,,,,,,,,,,,,,,,,,,,,,,,,,,,,,,,,,,,,,,,,,,,,,
63,Q1,Q2,D1,,,,,,,,,,,,,,,,,,,,,,,,,,,,,,,,,,,,,,,,,,,,,,,,,,,,,,,,,,
64,Q1,Q2,D1,,,,,,,,,,,,,,,,,,,,,,,,,,,,,,,,,,,,,,,,,,,,,,,,,,,,,,,,,,
65,Q1,Q2,Q2,Q3,Q2,Q5,Q5,Q5,Q6,D1,,,,,,,,,,,,,,,,,,,,,,,,,,,,,,,,,,,,,,,,,,,,,,,,,,,
66,Q1,Q1,Q2,Q3,Q3,Q3,Q4,D2,,,,,,,,,,,,,,,,,,,,,,,,,,,,,,,,,,,,,,,,,,,,,,,,,,,,,
67,Q1,Q2,Q1,Q2,Q5,Q6,D1,,,,,,,,,,,,,,,,,,,,,,,,,,,,,,,,,,,,,,,,,,,,,,,,,,,,,,
68,Q1,Q2,Q2,Q3,Q4,D2,,,,,,,,,,,,,,,,,,,,,,,,,,,,,,,,,,,,,,,,,,,,,,,,,,,,,,,
69,Q1,Q2,Q2,Q5,Q5,Q5,D1,,,,,,,,,,,,,,,,,,,,,,,,,,,,,,,,,,,,,,,,,,,,,,,,,,,,,,
70,Q1,Q2,Q4,D2,,,,,,,,,,,,,,,,,,,,,,,,,,,,,,,,,,,,,,,,,,,,,,,,,,,,,,,,,
71,Q1,Q2,D1,,,,,,,,,,,,,,,,,,,,,,,,,,,,,,,,,,,,,,,,,,,,,,,,,,,,,,,,,,
72,Q1,Q2,Q3,Q3,Q3,Q4,Q4,Q4,Q6,Q6,Q1,Q2,Q3,Q4,Q5,Q2,D1,,,,,,,,,,,,,,,,,,,,,,,,,,,,,,,,,,,,,,,,,,,,
73,Q1,Q2,Q2,Q2,Q3,D2,,,,,,,,,,,,,,,,,,,,,,,,,,,,,,,,,,,,,,,,,,,,,,,,,,,,,,,
74,Q1,Q2,Q2,Q1,Q2,Q2,D1,,,,,,,,,,,,,,,,,,,,,,,,,,,,,,,,,,,,,,,,,,,,,,,,,,,,,,
75,Q1,Q1,Q2,Q5,Q5,Q5,Q6,Q6,D1,,,,,,,,,,,,,,,,,,,,,,,,,,,,,,,,,,,,,,,,,,,,,,,,,,,,
76,Q1,Q2,Q3,Q5,Q6,Q1,Q2,Q4,D2,,,,,,,,,,,,,,,,,,,,,,,,,,,,,,,,,,,,,,,,,,,,,,,,,,,,
77,Q1,Q2,Q3,Q5,Q5,Q1,Q2,Q5,Q6,Q6,D1,,,,,,,,,,,,,,,,,,,,,,,,,,,,,,,,,,,,,,,,,,,,,,,,,,
78,Q1,Q2,Q2,Q5,D1,,,,,,,,,,,,,,,,,,,,,,,,,,,,,,,,,,,,,,,,,,,,,,,,,,,,,,,,
79,Q1,Q2,Q2,Q3,D1,,,,,,,,,,,,,,,,,,,,,,,,,,,,,,,,,,,,,,,,,,,,,,,,,,,,,,,,
80,Q1,Q2,D1,,,,,,,,,,,,,,,,,,,,,,,,,,,,,,,,,,,,,,,,,,,,,,,,,,,,,,,,,,
81,Q1,Q2,Q5,Q6,Q1,Q2,Q5,Q5,Q4,Q4,Q4,Q5,Q6,Q4,Q6,Q1,Q2,D1,,,,,,,,,,,,,,,,,,,,,,,,,,,,,,,,,,,,,,,,,,,
82,Q1,Q2,Q3,D1,,,,,,,,,,,,,,,,,,,,,,,,,,,,,,,,,,,,,,,,,,,,,,,,,,,,,,,,,
83,Q1,Q2,D1,,,,,,,,,,,,,,,,,,,,,,,,,,,,,,,,,,,,,,,,,,,,,,,,,,,,,,,,,,
84,Q1,Q2,D1,,,,,,,,,,,,,,,,,,,,,,,,,,,,,,,,,,,,,,,,,,,,,,,,,,,,,,,,,,
85,Q1,Q2,Q3,Q5,Q5,Q5,D1,,,,,,,,,,,,,,,,,,,,,,,,,,,,,,,,,,,,,,,,,,,,,,,,,,,,,,
86,Q1,Q1,Q2,D1,,,,,,,,,,,,,,,,,,,,,,,,,,,,,,,,,,,,,,,,,,,,,,,,,,,,,,,,,
87,Q1,D2,,,,,,,,,,,,,,,,,,,,,,,,,,,,,,,,,,,,,,,,,,,,,,,,,,,,,,,,,,,
88,Q1,Q2,D2,,,,,,,,,,,,,,,,,,,,,,,,,,,,,,,,,,,,,,,,,,,,,,,,,,,,,,,,,,
89,Q1,Q2,Q5,Q5,Q5,Q1,Q2,Q2,Q1,Q1,Q2,Q3,Q5,Q5,Q5,Q6,D1,,,,,,,,,,,,,,,,,,,,,,,,,,,,,,,,,,,,,,,,,,,,
90,Q1,Q2,Q3,D1,,,,,,,,,,,,,,,,,,,,,,,,,,,,,,,,,,,,,,,,,,,,,,,,,,,,,,,,,
91,Q1,Q1,Q2,Q5,Q5,Q6,D1,,,,,,,,,,,,,,,,,,,,,,,,,,,,,,,,,,,,,,,,,,,,,,,,,,,,,,
92,Q1,Q2,Q3,Q5,Q6,Q4,Q3,D1,,,,,,,,,,,,,,,,,,,,,,,,,,,,,,,,,,,,,,,,,,,,,,,,,,,,,
93,Q1,Q2,Q2,Q2,Q2,Q3,Q4,Q5,Q1,D2,,,,,,,,,,,,,,,,,,,,,,,,,,,,,,,,,,,,,,,,,,,,,,,,,,,
94,Q1,Q1,Q2,Q1,Q2,Q5,Q6,D1,,,,,,,,,,,,,,,,,,,,,,,,,,,,,,,,,,,,,,,,,,,,,,,,,,,,,
95,Q1,Q1,Q2,Q3,D1,,,,,,,,,,,,,,,,,,,,,,,,,,,,,,,,,,,,,,,,,,,,,,,,,,,,,,,,
96,Q1,D2,,,,,,,,,,,,,,,,,,,,,,,,,,,,,,,,,,,,,,,,,,,,,,,,,,,,,,,,,,,
97,Q1,Q2,Q5,D1,,,,,,,,,,,,,,,,,,,,,,,,,,,,,,,,,,,,,,,,,,,,,,,,,,,,,,,,,
98,Q1,Q2,Q3,Q4,Q5,Q6,Q6,Q1,Q1,Q2,Q2,Q4,D2,,,,,,,,,,,,,,,,,,,,,,,,,,,,,,,,,,,,,,,,,,,,,,,,
99,Q1,Q2,Q5,Q5,Q6,Q1,Q2,Q3,Q5,Q2,Q3,D1,,,,,,,,,,,,,,,,,,,,,,,,,,,,,,,,,,,,,,,,,,,,,,,,,
100,Q1,Q2,Q2,D1,,,,,,,,,,,,,,,,,,,,,,,,,,,,,,,,,,,,,,,,,,,,,,,,,,,,,,,,,
101,Q1,Q2,Q1,Q1,Q2,Q5,Q6,D1,,,,,,,,,,,,,,,,,,,,,,,,,,,,,,,,,,,,,,,,,,,,,,,,,,,,,
102,Q1,Q2,D1,,,,,,,,,,,,,,,,,,,,,,,,,,,,,,,,,,,,,,,,,,,,,,,,,,,,,,,,,,
103,Q1,Q2,Q3,D2,,,,,,,,,,,,,,,,,,,,,,,,,,,,,,,,,,,,,,,,,,,,,,,,,,,,,,,,,
104,Q1,Q2,Q2,D1,,,,,,,,,,,,,,,,,,,,,,,,,,,,,,,,,,,,,,,,,,,,,,,,,,,,,,,,,
105,Q1,Q1,Q2,D1,,,,,,,,,,,,,,,,,,,,,,,,,,,,,,,,,,,,,,,,,,,,,,,,,,,,,,,,,
106,Q1,Q2,Q3,Q4,Q4,Q5,Q6,Q6,D1,,,,,,,,,,,,,,,,,,,,,,,,,,,,,,,,,,,,,,,,,,,,,,,,,,,,
107,Q1,D2,,,,,,,,,,,,,,,,,,,,,,,,,,,,,,,,,,,,,,,,,,,,,,,,,,,,,,,,,,,
108,Q1,Q2,Q5,Q6,Q6,Q1,Q2,Q5,D1,,,,,,,,,,,,,,,,,,,,,,,,,,,,,,,,,,,,,,,,,,,,,,,,,,,,
109,Q1,Q1,Q2,Q1,Q2,Q3,Q3,D2,,,,,,,,,,,,,,,,,,,,,,,,,,,,,,,,,,,,,,,,,,,,,,,,,,,,,
110,Q1,Q2,Q2,Q5,Q4,Q4,Q6,Q6,D1,,,,,,,,,,,,,,,,,,,,,,,,,,,,,,,,,,,,,,,,,,,,,,,,,,,,
111,Q1,Q2,Q2,Q2,Q5,Q6,D1,,,,,,,,,,,,,,,,,,,,,,,,,,,,,,,,,,,,,,,,,,,,,,,,,,,,,,
112,Q1,D2,,,,,,,,,,,,,,,,,,,,,,,,,,,,,,,,,,,,,,,,,,,,,,,,,,,,,,,,,,,
113,Q1,Q2,Q5,D1,,,,,,,,,,,,,,,,,,,,,,,,,,,,,,,,,,,,,,,,,,,,,,,,,,,,,,,,,
114,Q1,Q2,Q1,Q1,Q2,Q5,Q5,Q6,Q1,Q2,Q2,Q5,Q1,Q2,Q2,Q4,D2,,,,,,,,,,,,,,,,,,,,,,,,,,,,,,,,,,,,,,,,,,,,
115,Q1,Q2,D1,,,,,,,,,,,,,,,,,,,,,,,,,,,,,,,,,,,,,,,,,,,,,,,,,,,,,,,,,,
116,Q1,Q2,Q2,Q2,Q1,Q1,Q2,Q1,Q2,Q3,Q5,Q5,Q1,Q2,Q4,D2,,,,,,,,,,,,,,,,,,,,,,,,,,,,,,,,,,,,,,,,,,,,,
117,Q1,Q2,Q2,Q5,Q1,Q2,D1,,,,,,,,,,,,,,,,,,,,,,,,,,,,,,,,,,,,,,,,,,,,,,,,,,,,,,
118,Q1,Q2,Q2,Q2,Q3,D1,,,,,,,,,,,,,,,,,,,,,,,,,,,,,,,,,,,,,,,,,,,,,,,,,,,,,,,
119,Q1,Q2,Q2,Q2,Q3,Q5,Q2,Q3,Q5,Q2,Q5,Q2,Q1,Q2,Q5,Q6,Q6,Q1,Q2,Q3,Q1,Q2,Q2,Q3,Q4,Q6,D1,,,,,,,,,,,,,,,,,,,,,,,,,,,,,,,,,,
120,Q1,Q2,Q2,Q2,Q2,Q2,Q5,Q5,Q5,Q6,Q4,D2,,,,,,,,,,,,,,,,,,,,,,,,,,,,,,,,,,,,,,,,,,,,,,,,,
121,Q1,Q2,Q5,D1,,,,,,,,,,,,,,,,,,,,,,,,,,,,,,,,,,,,,,,,,,,,,,,,,,,,,,,,,
122,Q1,Q2,Q4,Q6,Q6,D1,,,,,,,,,,,,,,,,,,,,,,,,,,,,,,,,,,,,,,,,,,,,,,,,,,,,,,,
123,Q1,Q2,Q2,Q1,Q2,Q1,Q2,Q2,D2,,,,,,,,,,,,,,,,,,,,,,,,,,,,,,,,,,,,,,,,,,,,,,,,,,,,
124,Q1,Q1,Q2,Q5,Q5,Q5,Q4,Q4,D2,,,,,,,,,,,,,,,,,,,,,,,,,,,,,,,,,,,,,,,,,,,,,,,,,,,,
125,Q1,Q2,Q5,Q5,Q5,Q6,D1,,,,,,,,,,,,,,,,,,,,,,,,,,,,,,,,,,,,,,,,,,,,,,,,,,,,,,
126,Q1,Q2,Q4,Q4,Q4,Q5,Q5,Q5,Q6,Q1,Q2,Q2,Q5,Q5,Q6,Q6,Q4,Q5,D1,,,,,,,,,,,,,,,,,,,,,,,,,,,,,,,,,,,,,,,,,,
127,Q1,Q2,Q1,Q1,Q2,Q2,Q2,D1,,,,,,,,,,,,,,,,,,,,,,,,,,,,,,,,,,,,,,,,,,,,,,,,,,,,,
128,Q1,Q2,Q3,Q2,Q2,Q3,Q4,Q4,Q6,D1,,,,,,,,,,,,,,,,,,,,,,,,,,,,,,,,,,,,,,,,,,,,,,,,,,,
129,Q1,Q2,Q2,Q5,Q5,Q1,Q1,D2,,,,,,,,,,,,,,,,,,,,,,,,,,,,,,,,,,,,,,,,,,,,,,,,,,,,,
130,Q1,Q2,Q3,Q3,D1,,,,,,,,,,,,,,,,,,,,,,,,,,,,,,,,,,,,,,,,,,,,,,,,,,,,,,,,
131,Q1,Q2,Q2,Q5,Q6,Q1,Q2,Q2,D1,,,,,,,,,,,,,,,,,,,,,,,,,,,,,,,,,,,,,,,,,,,,,,,,,,,,
132,Q1,Q2,Q2,Q4,D2,,,,,,,,,,,,,,,,,,,,,,,,,,,,,,,,,,,,,,,,,,,,,,,,,,,,,,,,
133,Q1,Q2,Q3,Q2,Q2,Q5,Q2,D1,,,,,,,,,,,,,,,,,,,,,,,,,,,,,,,,,,,,,,,,,,,,,,,,,,,,,
134,Q1,Q2,Q3,Q3,D1,,,,,,,,,,,,,,,,,,,,,,,,,,,,,,,,,,,,,,,,,,,,,,,,,,,,,,,,
135,Q1,Q2,Q5,Q2,Q3,Q5,Q4,Q4,Q5,Q6,Q1,Q2,Q3,Q5,Q3,D2,,,,,,,,,,,,,,,,,,,,,,,,,,,,,,,,,,,,,,,,,,,,,
136,Q1,Q2,Q5,Q1,Q2,Q2,Q2,D1,,,,,,,,,,,,,,,,,,,,,,,,,,,,,,,,,,,,,,,,,,,,,,,,,,,,,
137,Q1,Q2,Q3,Q5,Q1,Q2,D1,,,,,,,,,,,,,,,,,,,,,,,,,,,,,,,,,,,,,,,,,,,,,,,,,,,,,,
138,Q1,Q2,Q5,Q4,Q5,Q4,Q4,Q5,Q1,D2,,,,,,,,,,,,,,,,,,,,,,,,,,,,,,,,,,,,,,,,,,,,,,,,,,,
139,Q1,Q2,Q2,Q3,Q2,Q4,D1,,,,,,,,,,,,,,,,,,,,,,,,,,,,,,,,,,,,,,,,,,,,,,,,,,,,,,
140,Q1,Q2,Q1,Q1,Q2,Q2,D1,,,,,,,,,,,,,,,,,,,,,,,,,,,,,,,,,,,,,,,,,,,,,,,,,,,,,,
141,Q1,Q2,Q3,Q5,Q6,Q6,Q6,Q1,Q2,D1,,,,,,,,,,,,,,,,,,,,,,,,,,,,,,,,,,,,,,,,,,,,,,,,,,,
142,Q1,Q1,Q2,D1,,,,,,,,,,,,,,,,,,,,,,,,,,,,,,,,,,,,,,,,,,,,,,,,,,,,,,,,,
143,Q1,Q2,Q2,Q2,Q4,Q6,Q1,Q2,Q5,Q6,Q6,D1,,,,,,,,,,,,,,,,,,,,,,,,,,,,,,,,,,,,,,,,,,,,,,,,,
144,Q1,Q2,Q5,Q5,Q1,Q1,Q2,Q1,Q2,Q2,Q5,Q5,Q2,Q2,Q1,Q2,Q1,D2,,,,,,,,,,,,,,,,,,,,,,,,,,,,,,,,,,,,,,,,,,,
145,Q1,Q2,Q3,Q2,Q1,Q2,Q2,Q2,Q2,Q5,Q6,Q4,Q5,Q5,Q3,Q3,Q5,Q1,Q2,Q1,Q2,Q5,Q5,Q6,D1,,,,,,,,,,,,,,,,,,,,,,,,,,,,,,,,,,,,
146,Q1,Q2,Q2,Q1,Q2,Q2,D1,,,,,,,,,,,,,,,,,,,,,,,,,,,,,,,,,,,,,,,,,,,,,,,,,,,,,,
147,Q1,Q2,Q3,Q5,Q6,Q2,Q2,Q2,Q3,Q5,Q6,Q1,Q2,Q2,Q2,Q1,Q2,D1,,,,,,,,,,,,,,,,,,,,,,,,,,,,,,,,,,,,,,,,,,,
148,Q1,Q2,Q3,D1,,,,,,,,,,,,,,,,,,,,,,,,,,,,,,,,,,,,,,,,,,,,,,,,,,,,,,,,,
149,Q1,Q2,Q3,Q5,D1,,,,,,,,,,,,,,,,,,,,,,,,,,,,,,,,,,,,,,,,,,,,,,,,,,,,,,,,
150,Q1,Q1,Q2,Q4,Q5,Q5,Q5,Q6,D1,,,,,,,,,,,,,,,,,,,,,,,,,,,,,,,,,,,,,,,,,,,,,,,,,,,,
151,Q1,Q1,Q2,Q4,Q5,Q5,Q5,Q6,Q6,Q6,Q6,D1,,,,,,,,,,,,,,,,,,,,,,,,,,,,,,,,,,,,,,,,,,,,,,,,,
152,Q1,Q2,Q1,Q2,Q3,Q1,Q2,Q2,Q2,Q1,Q1,Q2,D1,,,,,,,,,,,,,,,,,,,,,,,,,,,,,,,,,,,,,,,,,,,,,,,,
153,Q1,Q2,D1,,,,,,,,,,,,,,,,,,,,,,,,,,,,,,,,,,,,,,,,,,,,,,,,,,,,,,,,,,
154,Q1,Q1,Q2,Q3,Q5,Q6,Q4,Q6,Q1,Q2,Q3,Q2,Q2,Q1,Q2,Q2,Q3,Q5,Q5,D1,,,,,,,,,,,,,,,,,,,,,,,,,,,,,,,,,,,,,,,,,
155,Q1,Q2,Q3,Q3,Q3,Q3,Q5,Q1,Q1,Q2,Q2,Q2,Q1,Q1,Q2,Q3,D2,,,,,,,,,,,,,,,,,,,,,,,,,,,,,,,,,,,,,,,,,,,,
156,Q1,Q2,Q2,Q4,Q3,Q5,Q5,Q6,D1,,,,,,,,,,,,,,,,,,,,,,,,,,,,,,,,,,,,,,,,,,,,,,,,,,,,
157,Q1,D2,,,,,,,,,,,,,,,,,,,,,,,,,,,,,,,,,,,,,,,,,,,,,,,,,,,,,,,,,,,
158,Q1,Q2,Q1,Q1,Q2,Q1,Q2,D1,,,,,,,,,,,,,,,,,,,,,,,,,,,,,,,,,,,,,,,,,,,,,,,,,,,,,
159,Q1,Q2,Q2,Q5,Q6,Q2,Q3,Q5,Q6,Q1,Q2,Q1,Q2,D1,,,,,,,,,,,,,,,,,,,,,,,,,,,,,,,,,,,,,,,,,,,,,,,
160,Q1,Q2,Q5,Q5,Q4,Q5,Q3,Q4,Q5,Q6,D1,,,,,,,,,,,,,,,,,,,,,,,,,,,,,,,,,,,,,,,,,,,,,,,,,,
161,Q1,Q2,Q3,D1,,,,,,,,,,,,,,,,,,,,,,,,,,,,,,,,,,,,,,,,,,,,,,,,,,,,,,,,,
162,Q1,Q2,Q3,Q2,Q2,Q5,Q5,Q3,D1,,,,,,,,,,,,,,,,,,,,,,,,,,,,,,,,,,,,,,,,,,,,,,,,,,,,
163,Q1,Q2,Q1,Q2,Q3,Q3,Q4,Q5,D1,,,,,,,,,,,,,,,,,,,,,,,,,,,,,,,,,,,,,,,,,,,,,,,,,,,,
164,Q1,Q2,Q2,Q2,Q1,Q2,Q5,Q5,Q6,Q2,Q3,Q2,Q1,Q2,D1,,,,,,,,,,,,,,,,,,,,,,,,,,,,,,,,,,,,,,,,,,,,,,
165,Q1,Q2,Q2,Q2,Q1,Q2,D1,,,,,,,,,,,,,,,,,,,,,,,,,,,,,,,,,,,,,,,,,,,,,,,,,,,,,,
166,Q1,Q2,Q5,Q5,Q6,Q6,D1,,,,,,,,,,,,,,,,,,,,,,,,,,,,,,,,,,,,,,,,,,,,,,,,,,,,,,
167,Q1,Q2,Q5,Q4,Q4,Q4,Q5,Q4,Q5,Q6,Q1,Q2,Q4,D2,,,,,,,,,,,,,,,,,,,,,,,,,,,,,,,,,,,,,,,,,,,,,,,
168,Q1,Q2,D1,,,,,,,,,,,,,,,,,,,,,,,,,,,,,,,,,,,,,,,,,,,,,,,,,,,,,,,,,,
169,Q1,Q2,D1,,,,,,,,,,,,,,,,,,,,,,,,,,,,,,,,,,,,,,,,,,,,,,,,,,,,,,,,,,
170,Q1,D2,,,,,,,,,,,,,,,,,,,,,,,,,,,,,,,,,,,,,,,,,,,,,,,,,,,,,,,,,,,
171,Q1,D2,,,,,,,,,,,,,,,,,,,,,,,,,,,,,,,,,,,,,,,,,,,,,,,,,,,,,,,,,,,
172,Q1,Q2,Q1,Q2,Q2,D1,,,,,,,,,,,,,,,,,,,,,,,,,,,,,,,,,,,,,,,,,,,,,,,,,,,,,,,
173,Q1,D2,,,,,,,,,,,,,,,,,,,,,,,,,,,,,,,,,,,,,,,,,,,,,,,,,,,,,,,,,,,
174,Q1,Q2,Q2,Q4,D1,,,,,,,,,,,,,,,,,,,,,,,,,,,,,,,,,,,,,,,,,,,,,,,,,,,,,,,,
175,Q1,Q2,D1,,,,,,,,,,,,,,,,,,,,,,,,,,,,,,,,,,,,,,,,,,,,,,,,,,,,,,,,,,
176,Q1,Q2,D1,,,,,,,,,,,,,,,,,,,,,,,,,,,,,,,,,,,,,,,,,,,,,,,,,,,,,,,,,,
177,Q1,Q2,D1,,,,,,,,,,,,,,,,,,,,,,,,,,,,,,,,,,,,,,,,,,,,,,,,,,,,,,,,,,
178,Q1,Q2,Q5,Q6,Q6,Q1,D2,,,,,,,,,,,,,,,,,,,,,,,,,,,,,,,,,,,,,,,,,,,,,,,,,,,,,,
179,Q1,Q2,Q2,D1,,,,,,,,,,,,,,,,,,,,,,,,,,,,,,,,,,,,,,,,,,,,,,,,,,,,,,,,,
180,Q1,Q2,D1,,,,,,,,,,,,,,,,,,,,,,,,,,,,,,,,,,,,,,,,,,,,,,,,,,,,,,,,,,
181,Q1,Q2,Q2,Q3,Q4,Q5,Q1,Q2,Q2,Q1,Q2,Q2,Q4,Q5,Q5,Q2,Q2,Q2,Q1,Q2,Q2,Q2,Q2,Q5,Q5,Q5,Q6,D1,,,,,,,,,,,,,,,,,,,,,,,,,,,,,,,,,
182,Q1,Q2,Q3,Q2,D1,,,,,,,,,,,,,,,,,,,,,,,,,,,,,,,,,,,,,,,,,,,,,,,,,,,,,,,,
183,Q1,Q2,D1,,,,,,,,,,,,,,,,,,,,,,,,,,,,,,,,,,,,,,,,,,,,,,,,,,,,,,,,,,
184,Q1,Q2,Q1,Q2,Q2,D1,,,,,,,,,,,,,,,,,,,,,,,,,,,,,,,,,,,,,,,,,,,,,,,,,,,,,,,
185,Q1,Q2,Q2,Q3,Q3,Q5,Q6,D1,,,,,,,,,,,,,,,,,,,,,,,,,,,,,,,,,,,,,,,,,,,,,,,,,,,,,
186,Q1,Q2,Q1,Q2,Q5,Q6,Q2,Q3,D1,,,,,,,,,,,,,,,,,,,,,,,,,,,,,,,,,,,,,,,,,,,,,,,,,,,,
187,Q1,Q2,Q4,D2,,,,,,,,,,,,,,,,,,,,,,,,,,,,,,,,,,,,,,,,,,,,,,,,,,,,,,,,,
188,Q1,Q2,Q1,Q2,Q1,Q2,D1,,,,,,,,,,,,,,,,,,,,,,,,,,,,,,,,,,,,,,,,,,,,,,,,,,,,,,
189,Q1,Q2,Q2,Q4,Q5,Q6,Q6,D1,,,,,,,,,,,,,,,,,,,,,,,,,,,,,,,,,,,,,,,,,,,,,,,,,,,,,
190,Q1,Q2,Q1,Q2,Q1,Q2,Q2,Q3,Q3,Q3,D1,,,,,,,,,,,,,,,,,,,,,,,,,,,,,,,,,,,,,,,,,,,,,,,,,,
191,Q1,Q1,Q2,Q3,Q3,Q4,Q4,D2,,,,,,,,,,,,,,,,,,,,,,,,,,,,,,,,,,,,,,,,,,,,,,,,,,,,,
192,Q1,Q1,Q1,Q2,Q5,Q6,Q6,D1,,,,,,,,,,,,,,,,,,,,,,,,,,,,,,,,,,,,,,,,,,,,,,,,,,,,,
193,Q1,Q2,D1,,,,,,,,,,,,,,,,,,,,,,,,,,,,,,,,,,,,,,,,,,,,,,,,,,,,,,,,,,
194,Q1,Q2,D1,,,,,,,,,,,,,,,,,,,,,,,,,,,,,,,,,,,,,,,,,,,,,,,,,,,,,,,,,,
195,Q1,Q1,Q2,Q4,Q4,Q4,Q4,Q5,Q1,Q2,Q2,Q1,Q1,Q1,Q2,Q4,Q5,D1,,,,,,,,,,,,,,,,,,,,,,,,,,,,,,,,,,,,,,,,,,,
196,Q1,Q2,D1,,,,,,,,,,,,,,,,,,,,,,,,,,,,,,,,,,,,,,,,,,,,,,,,,,,,,,,,,,
197,Q1,Q2,Q2,Q4,Q5,Q3,Q2,D1,,,,,,,,,,,,,,,,,,,,,,,,,,,,,,,,,,,,,,,,,,,,,,,,,,,,,
198,Q1,Q2,Q5,Q5,Q1,Q2,Q1,Q2,Q2,Q5,Q2,Q1,Q1,Q2,Q2,Q3,Q3,Q3,Q3,Q5,Q5,D1,,,,,,,,,,,,,,,,,,,,,,,,,,,,,,,,,,,,,,,
199,Q1,Q2,Q5,Q1,Q2,Q1,Q2,Q2,Q2,Q2,Q1,D2,,,,,,,,,,,,,,,,,,,,,,,,,,,,,,,,,,,,,,,,,,,,,,,,,
200,Q1,Q2,Q3,Q5,Q5,Q6,D1,,,,,,,,,,,,,,,,,,,,,,,,,,,,,,,,,,,,,,,,,,,,,,,,,,,,,,
201,Q1,Q1,Q2,Q1,Q2,Q2,Q5,Q4,Q5,Q5,Q6,D1,,,,,,,,,,,,,,,,,,,,,,,,,,,,,,,,,,,,,,,,,,,,,,,,,
202,Q1,Q1,Q2,Q1,Q2,Q1,Q1,Q2,D1,,,,,,,,,,,,,,,,,,,,,,,,,,,,,,,,,,,,,,,,,,,,,,,,,,,,
203,Q1,Q2,Q2,Q2,Q2,Q2,Q1,Q2,Q1,Q1,Q2,Q4,Q6,Q6,Q2,Q4,D2,,,,,,,,,,,,,,,,,,,,,,,,,,,,,,,,,,,,,,,,,,,,
204,Q1,Q2,Q2,D1,,,,,,,,,,,,,,,,,,,,,,,,,,,,,,,,,,,,,,,,,,,,,,,,,,,,,,,,,
205,Q1,Q2,Q2,Q3,Q3,Q3,Q4,Q5,Q1,Q2,Q2,Q2,Q5,Q4,Q5,Q6,D1,,,,,,,,,,,,,,,,,,,,,,,,,,,,,,,,,,,,,,,,,,,,
206,Q1,Q2,Q2,Q2,Q2,Q2,Q5,Q5,Q1,Q2,Q2,Q5,Q2,Q1,Q2,Q1,Q2,Q2,Q3,Q3,Q2,Q4,Q3,Q5,Q6,Q1,Q2,Q5,Q5,Q5,Q1,Q2,Q2,Q4,Q5,Q6,D1,,,,,,,,,,,,,,,,,,,,,,,,
207,Q1,Q2,Q1,Q2,Q2,Q2,Q5,Q5,Q5,Q3,Q5,Q6,Q6,D1,,,,,,,,,,,,,,,,,,,,,,,,,,,,,,,,,,,,,,,,,,,,,,,
208,Q1,Q1,Q2,Q3,Q5,Q1,Q2,D1,,,,,,,,,,,,,,,,,,,,,,,,,,,,,,,,,,,,,,,,,,,,,,,,,,,,,
209,Q1,Q1,Q2,Q2,D1,,,,,,,,,,,,,,,,,,,,,,,,,,,,,,,,,,,,,,,,,,,,,,,,,,,,,,,,
210,Q1,Q1,Q2,D1,,,,,,,,,,,,,,,,,,,,,,,,,,,,,,,,,,,,,,,,,,,,,,,,,,,,,,,,,
211,Q1,Q2,Q2,D1,,,,,,,,,,,,,,,,,,,,,,,,,,,,,,,,,,,,,,,,,,,,,,,,,,,,,,,,,
212,Q1,Q2,Q4,Q4,Q6,D1,,,,,,,,,,,,,,,,,,,,,,,,,,,,,,,,,,,,,,,,,,,,,,,,,,,,,,,
213,Q1,Q2,Q2,D2,,,,,,,,,,,,,,,,,,,,,,,,,,,,,,,,,,,,,,,,,,,,,,,,,,,,,,,,,
214,Q1,Q1,Q2,D1,,,,,,,,,,,,,,,,,,,,,,,,,,,,,,,,,,,,,,,,,,,,,,,,,,,,,,,,,
215,Q1,Q2,Q1,Q2,D2,,,,,,,,,,,,,,,,,,,,,,,,,,,,,,,,,,,,,,,,,,,,,,,,,,,,,,,,
216,Q1,Q2,Q2,Q2,Q2,Q2,Q2,Q2,Q5,Q5,Q4,D1,,,,,,,,,,,,,,,,,,,,,,,,,,,,,,,,,,,,,,,,,,,,,,,,,
217,Q1,Q2,Q2,Q3,Q2,Q1,Q2,Q2,Q3,Q4,D2,,,,,,,,,,,,,,,,,,,,,,,,,,,,,,,,,,,,,,,,,,,,,,,,,,
218,Q1,Q1,D2,,,,,,,,,,,,,,,,,,,,,,,,,,,,,,,,,,,,,,,,,,,,,,,,,,,,,,,,,,
219,Q1,Q2,D2,,,,,,,,,,,,,,,,,,,,,,,,,,,,,,,,,,,,,,,,,,,,,,,,,,,,,,,,,,
220,Q1,Q2,Q2,Q1,D2,,,,,,,,,,,,,,,,,,,,,,,,,,,,,,,,,,,,,,,,,,,,,,,,,,,,,,,,
221,Q1,Q2,Q2,Q3,D1,,,,,,,,,,,,,,,,,,,,,,,,,,,,,,,,,,,,,,,,,,,,,,,,,,,,,,,,
222,Q1,Q2,Q1,Q2,Q3,Q4,Q4,Q4,Q5,Q1,Q2,D1,,,,,,,,,,,,,,,,,,,,,,,,,,,,,,,,,,,,,,,,,,,,,,,,,
223,Q1,Q2,Q5,Q5,Q5,Q5,Q3,Q3,Q5,Q5,D1,,,,,,,,,,,,,,,,,,,,,,,,,,,,,,,,,,,,,,,,,,,,,,,,,,
224,Q1,Q2,Q2,Q3,Q5,Q6,Q1,Q2,Q2,Q2,Q2,Q2,Q5,Q5,Q6,Q6,Q1,Q2,Q2,Q2,Q2,Q1,Q2,Q2,Q3,Q3,Q5,Q6,Q1,Q2,Q3,Q2,Q3,D2,,,,,,,,,,,,,,,,,,,,,,,,,,,
225,Q1,Q2,Q3,Q3,Q2,D1,,,,,,,,,,,,,,,,,,,,,,,,,,,,,,,,,,,,,,,,,,,,,,,,,,,,,,,
226,Q1,Q2,Q5,Q5,Q1,Q2,Q3,Q1,Q2,Q3,Q2,Q2,Q2,Q5,Q5,Q6,Q4,Q5,Q2,Q2,D2,,,,,,,,,,,,,,,,,,,,,,,,,,,,,,,,,,,,,,,,
227,Q1,Q2,Q4,D1,,,,,,,,,,,,,,,,,,,,,,,,,,,,,,,,,,,,,,,,,,,,,,,,,,,,,,,,,
228,Q1,Q1,Q2,Q5,Q6,D1,,,,,,,,,,,,,,,,,,,,,,,,,,,,,,,,,,,,,,,,,,,,,,,,,,,,,,,
229,Q1,Q1,Q1,Q2,Q2,D1,,,,,,,,,,,,,,,,,,,,,,,,,,,,,,,,,,,,,,,,,,,,,,,,,,,,,,,
230,Q1,Q2,Q2,Q5,Q5,Q3,Q4,Q4,D2,,,,,,,,,,,,,,,,,,,,,,,,,,,,,,,,,,,,,,,,,,,,,,,,,,,,
231,Q1,Q2,Q1,Q2,Q5,Q1,Q1,Q2,D1,,,,,,,,,,,,,,,,,,,,,,,,,,,,,,,,,,,,,,,,,,,,,,,,,,,,
232,Q1,Q2,Q2,Q2,Q1,Q2,Q2,Q3,D2,,,,,,,,,,,,,,,,,,,,,,,,,,,,,,,,,,,,,,,,,,,,,,,,,,,,
233,Q1,Q2,Q2,Q2,Q2,Q3,Q3,Q1,Q2,Q3,Q5,Q5,Q4,Q5,Q5,Q5,Q6,D1,,,,,,,,,,,,,,,,,,,,,,,,,,,,,,,,,,,,,,,,,,,
234,Q1,Q2,D1,,,,,,,,,,,,,,,,,,,,,,,,,,,,,,,,,,,,,,,,,,,,,,,,,,,,,,,,,,
235,Q1,Q2,Q2,Q5,Q6,Q1,D2,,,,,,,,,,,,,,,,,,,,,,,,,,,,,,,,,,,,,,,,,,,,,,,,,,,,,,
236,Q1,Q2,Q2,Q2,Q2,Q3,Q3,Q3,D1,,,,,,,,,,,,,,,,,,,,,,,,,,,,,,,,,,,,,,,,,,,,,,,,,,,,
237,Q1,Q2,D2,,,,,,,,,,,,,,,,,,,,,,,,,,,,,,,,,,,,,,,,,,,,,,,,,,,,,,,,,,
238,Q1,Q2,Q2,Q5,Q4,D2,,,,,,,,,,,,,,,,,,,,,,,,,,,,,,,,,,,,,,,,,,,,,,,,,,,,,,,
239,Q1,Q2,Q2,Q4,Q4,Q5,Q5,Q1,Q2,Q3,Q3,Q3,Q1,Q2,Q5,Q5,Q3,Q2,Q3,Q4,Q5,Q5,Q5,Q5,Q5,Q6,Q1,Q2,Q5,Q5,Q1,Q2,Q3,Q5,Q2,Q3,Q3,Q2,Q3,Q4,D1,,,,,,,,,,,,,,,,,,,,
240,Q1,Q2,Q2,Q2,Q3,Q4,Q4,D2,,,,,,,,,,,,,,,,,,,,,,,,,,,,,,,,,,,,,,,,,,,,,,,,,,,,,
241,Q1,Q2,Q5,Q5,Q5,Q6,D1,,,,,,,,,,,,,,,,,,,,,,,,,,,,,,,,,,,,,,,,,,,,,,,,,,,,,,
242,Q1,Q2,Q1,Q2,Q3,Q1,Q2,D1,,,,,,,,,,,,,,,,,,,,,,,,,,,,,,,,,,,,,,,,,,,,,,,,,,,,,
243,Q1,Q2,Q5,Q5,Q1,Q2,Q2,Q1,Q2,Q3,Q3,Q1,Q2,Q4,Q4,Q6,Q4,Q6,D1,,,,,,,,,,,,,,,,,,,,,,,,,,,,,,,,,,,,,,,,,,
244,Q1,Q2,Q3,Q5,D1,,,,,,,,,,,,,,,,,,,,,,,,,,,,,,,,,,,,,,,,,,,,,,,,,,,,,,,,
245,Q1,Q2,Q4,D2,,,,,,,,,,,,,,,,,,,,,,,,,,,,,,,,,,,,,,,,,,,,,,,,,,,,,,,,,
246,Q1,Q1,Q2,Q5,Q5,Q5,Q5,Q1,Q2,Q1,Q2,D1,,,,,,,,,,,,,,,,,,,,,,,,,,,,,,,,,,,,,,,,,,,,,,,,,
247,Q1,Q2,D1,,,,,,,,,,,,,,,,,,,,,,,,,,,,,,,,,,,,,,,,,,,,,,,,,,,,,,,,,,
248,Q1,Q2,Q1,Q2,Q2,Q5,Q5,Q1,Q2,Q5,Q5,Q6,Q1,Q2,Q2,Q1,Q2,Q3,Q5,Q5,Q5,Q5,Q5,Q6,Q6,Q6,Q1,Q2,Q5,Q5,Q6,Q1,Q1,Q2,Q4,Q4,D2,,,,,,,,,,,,,,,,,,,,,,,,
249,Q1,Q2,Q3,Q3,Q3,Q3,Q5,Q4,Q6,D1,,,,,,,,,,,,,,,,,,,,,,,,,,,,,,,,,,,,,,,,,,,,,,,,,,,
250,Q1,Q2,Q1,Q2,Q1,Q2,Q2,Q2,Q1,Q2,Q4,Q5,Q2,Q5,Q6,D1,,,,,,,,,,,,,,,,,,,,,,,,,,,,,,,,,,,,,,,,,,,,,
251,Q1,D2,,,,,,,,,,,,,,,,,,,,,,,,,,,,,,,,,,,,,,,,,,,,,,,,,,,,,,,,,,,
252,Q1,Q2,Q5,Q3,D2,,,,,,,,,,,,,,,,,,,,,,,,,,,,,,,,,,,,,,,,,,,,,,,,,,,,,,,,
253,Q1,Q2,Q2,D1,,,,,,,,,,,,,,,,,,,,,,,,,,,,,,,,,,,,,,,,,,,,,,,,,,,,,,,,,
254,Q1,D2,,,,,,,,,,,,,,,,,,,,,,,,,,,,,,,,,,,,,,,,,,,,,,,,,,,,,,,,,,,
255,Q1,Q2,D1,,,,,,,,,,,,,,,,,,,,,,,,,,,,,,,,,,,,,,,,,,,,,,,,,,,,,,,,,,
256,Q1,Q2,Q2,Q1,Q2,Q1,Q2,Q2,Q2,Q5,Q6,Q4,Q4,D1,,,,,,,,,,,,,,,,,,,,,,,,,,,,,,,,,,,,,,,,,,,,,,,
257,Q1,Q2,D2,,,,,,,,,,,,,,,,,,,,,,,,,,,,,,,,,,,,,,,,,,,,,,,,,,,,,,,,,,
258,Q1,Q2,D1,,,,,,,,,,,,,,,,,,,,,,,,,,,,,,,,,,,,,,,,,,,,,,,,,,,,,,,,,,
259,Q1,Q2,D1,,,,,,,,,,,,,,,,,,,,,,,,,,,,,,,,,,,,,,,,,,,,,,,,,,,,,,,,,,
260,Q1,Q2,Q5,Q5,Q6,Q1,Q2,Q2,Q2,Q2,Q1,Q2,Q5,Q6,D1,,,,,,,,,,,,,,,,,,,,,,,,,,,,,,,,,,,,,,,,,,,,,,
261,Q1,Q2,Q2,Q5,Q3,Q5,Q1,Q1,Q2,Q5,Q5,Q6,Q2,Q3,Q5,Q3,Q3,Q3,Q5,Q4,Q5,Q6,Q1,Q2,Q1,Q2,Q3,Q5,Q5,Q6,D1,,,,,,,,,,,,,,,,,,,,,,,,,,,,,,
262,Q1,Q1,Q2,Q4,Q5,Q5,Q3,Q5,Q1,Q2,D2,,,,,,,,,,,,,,,,,,,,,,,,,,,,,,,,,,,,,,,,,,,,,,,,,,
263,Q1,Q2,Q2,Q5,Q6,D1,,,,,,,,,,,,,,,,,,,,,,,,,,,,,,,,,,,,,,,,,,,,,,,,,,,,,,,
264,Q1,Q2,D1,,,,,,,,,,,,,,,,,,,,,,,,,,,,,,,,,,,,,,,,,,,,,,,,,,,,,,,,,,
265,Q1,Q2,Q2,Q2,Q2,Q1,Q1,Q2,D1,,,,,,,,,,,,,,,,,,,,,,,,,,,,,,,,,,,,,,,,,,,,,,,,,,,,
266,Q1,Q2,Q2,Q3,D1,,,,,,,,,,,,,,,,,,,,,,,,,,,,,,,,,,,,,,,,,,,,,,,,,,,,,,,,
267,Q1,Q2,Q2,Q2,Q1,Q1,Q2,Q3,Q4,Q6,Q1,Q2,D1,,,,,,,,,,,,,,,,,,,,,,,,,,,,,,,,,,,,,,,,,,,,,,,,
268,Q1,Q2,Q5,Q5,Q2,D2,,,,,,,,,,,,,,,,,,,,,,,,,,,,,,,,,,,,,,,,,,,,,,,,,,,,,,,
269,Q1,Q2,Q2,Q3,Q2,Q2,Q3,Q1,Q2,Q2,Q3,Q5,Q5,Q6,D1,,,,,,,,,,,,,,,,,,,,,,,,,,,,,,,,,,,,,,,,,,,,,,
270,Q1,Q2,Q3,Q5,Q1,Q2,Q2,Q1,Q2,Q2,D2,,,,,,,,,,,,,,,,,,,,,,,,,,,,,,,,,,,,,,,,,,,,,,,,,,
271,Q1,Q2,Q2,Q5,Q6,Q6,D1,,,,,,,,,,,,,,,,,,,,,,,,,,,,,,,,,,,,,,,,,,,,,,,,,,,,,,
272,Q1,Q1,Q2,Q1,Q2,D1,,,,,,,,,,,,,,,,,,,,,,,,,,,,,,,,,,,,,,,,,,,,,,,,,,,,,,,
273,Q1,D2,,,,,,,,,,,,,,,,,,,,,,,,,,,,,,,,,,,,,,,,,,,,,,,,,,,,,,,,,,,
274,Q1,Q2,Q2,D1,,,,,,,,,,,,,,,,,,,,,,,,,,,,,,,,,,,,,,,,,,,,,,,,,,,,,,,,,
275,Q1,Q2,Q3,Q2,Q3,Q2,Q2,Q2,Q5,Q6,D1,,,,,,,,,,,,,,,,,,,,,,,,,,,,,,,,,,,,,,,,,,,,,,,,,,
276,Q1,Q2,Q1,D2,,,,,,,,,,,,,,,,,,,,,,,,,,,,,,,,,,,,,,,,,,,,,,,,,,,,,,,,,
277,Q1,Q2,Q2,Q3,Q2,Q2,Q2,Q3,Q2,D2,,,,,,,,,,,,,,,,,,,,,,,,,,,,,,,,,,,,,,,,,,,,,,,,,,,
278,Q1,Q2,Q2,Q5,Q5,Q4,Q5,Q2,Q3,Q5,Q1,Q1,Q2,Q2,Q1,Q2,Q2,Q5,Q5,Q5,Q6,D1,,,,,,,,,,,,,,,,,,,,,,,,,,,,,,,,,,,,,,,
279,Q1,Q2,Q2,Q4,Q4,Q4,Q4,Q4,Q5,Q6,D1,,,,,,,,,,,,,,,,,,,,,,,,,,,,,,,,,,,,,,,,,,,,,,,,,,
280,Q1,Q2,Q5,Q6,D1,,,,,,,,,,,,,,,,,,,,,,,,,,,,,,,,,,,,,,,,,,,,,,,,,,,,,,,,
281,Q1,D2,,,,,,,,,,,,,,,,,,,,,,,,,,,,,,,,,,,,,,,,,,,,,,,,,,,,,,,,,,,
282,Q1,Q2,Q2,Q5,Q1,Q2,Q5,Q6,Q1,Q2,Q2,Q1,Q2,Q2,Q3,Q3,Q3,Q5,Q6,Q1,Q2,Q1,Q1,Q1,Q2,Q5,Q5,Q3,Q1,Q1,Q2,Q2,Q1,Q2,D1,,,,,,,,,,,,,,,,,,,,,,,,,,
283,Q1,Q2,Q2,Q2,Q3,Q3,Q3,D1,,,,,,,,,,,,,,,,,,,,,,,,,,,,,,,,,,,,,,,,,,,,,,,,,,,,,
284,Q1,Q1,Q2,Q1,Q1,Q1,Q2,D1,,,,,,,,,,,,,,,,,,,,,,,,,,,,,,,,,,,,,,,,,,,,,,,,,,,,,
285,Q1,D2,,,,,,,,,,,,,,,,,,,,,,,,,,,,,,,,,,,,,,,,,,,,,,,,,,,,,,,,,,,
286,Q1,Q2,D1,,,,,,,,,,,,,,,,,,,,,,,,,,,,,,,,,,,,,,,,,,,,,,,,,,,,,,,,,,
287,Q1,Q2,Q2,Q3,Q5,Q3,Q5,Q6,Q2,Q5,Q5,Q2,Q2,Q1,Q2,Q2,Q1,Q1,Q1,Q2,D1,,,,,,,,,,,,,,,,,,,,,,,,,,,,,,,,,,,,,,,,
288,Q1,Q2,Q2,D1,,,,,,,,,,,,,,,,,,,,,,,,,,,,,,,,,,,,,,,,,,,,,,,,,,,,,,,,,
289,Q1,Q2,Q3,Q5,Q5,D1,,,,,,,,,,,,,,,,,,,,,,,,,,,,,,,,,,,,,,,,,,,,,,,,,,,,,,,
290,Q1,Q1,Q1,D2,,,,,,,,,,,,,,,,,,,,,,,,,,,,,,,,,,,,,,,,,,,,,,,,,,,,,,,,,
291,Q1,Q2,Q2,D1,,,,,,,,,,,,,,,,,,,,,,,,,,,,,,,,,,,,,,,,,,,,,,,,,,,,,,,,,
292,Q1,Q2,D1,,,,,,,,,,,,,,,,,,,,,,,,,,,,,,,,,,,,,,,,,,,,,,,,,,,,,,,,,,
293,Q1,Q1,Q2,Q5,Q5,Q6,D1,,,,,,,,,,,,,,,,,,,,,,,,,,,,,,,,,,,,,,,,,,,,,,,,,,,,,,
294,Q1,Q2,Q2,Q5,Q6,Q6,Q2,Q3,Q3,Q3,Q3,Q5,Q6,D1,,,,,,,,,,,,,,,,,,,,,,,,,,,,,,,,,,,,,,,,,,,,,,,
295,Q1,Q1,Q2,D1,,,,,,,,,,,,,,,,,,,,,,,,,,,,,,,,,,,,,,,,,,,,,,,,,,,,,,,,,
296,Q1,Q2,D1,,,,,,,,,,,,,,,,,,,,,,,,,,,,,,,,,,,,,,,,,,,,,,,,,,,,,,,,,,
297,Q1,Q2,Q2,Q3,Q3,Q3,Q4,Q6,Q6,Q6,Q6,D1,,,,,,,,,,,,,,,,,,,,,,,,,,,,,,,,,,,,,,,,,,,,,,,,,
298,Q1,D2,,,,,,,,,,,,,,,,,,,,,,,,,,,,,,,,,,,,,,,,,,,,,,,,,,,,,,,,,,,
299,Q1,Q2,Q3,Q1,Q2,Q5,Q1,Q1,Q1,Q2,Q3,Q2,D1,,,,,,,,,,,,,,,,,,,,,,,,,,,,,,,,,,,,,,,,,,,,,,,,
300,Q1,Q1,Q2,Q5,Q6,D1,,,,,,,,,,,,,,,,,,,,,,,,,,,,,,,,,,,,,,,,,,,,,,,,,,,,,,,
301,Q1,Q2,D2,,,,,,,,,,,,,,,,,,,,,,,,,,,,,,,,,,,,,,,,,,,,,,,,,,,,,,,,,,
302,Q1,Q2,Q3,Q1,Q2,Q2,Q1,Q2,Q1,Q2,D1,,,,,,,,,,,,,,,,,,,,,,,,,,,,,,,,,,,,,,,,,,,,,,,,,,
303,Q1,Q2,Q4,Q3,Q3,Q2,Q2,Q1,Q2,Q5,Q6,D1,,,,,,,,,,,,,,,,,,,,,,,,,,,,,,,,,,,,,,,,,,,,,,,,,
304,Q1,Q2,Q5,Q6,Q6,Q1,Q2,Q3,D1,,,,,,,,,,,,,,,,,,,,,,,,,,,,,,,,,,,,,,,,,,,,,,,,,,,,
305,Q1,Q2,D1,,,,,,,,,,,,,,,,,,,,,,,,,,,,,,,,,,,,,,,,,,,,,,,,,,,,,,,,,,
306,Q1,Q2,Q1,Q2,Q2,Q3,Q3,Q3,D1,,,,,,,,,,,,,,,,,,,,,,,,,,,,,,,,,,,,,,,,,,,,,,,,,,,,
307,Q1,Q2,Q2,Q2,Q5,Q5,Q6,D1,,,,,,,,,,,,,,,,,,,,,,,,,,,,,,,,,,,,,,,,,,,,,,,,,,,,,
308,Q1,Q2,Q3,Q5,Q3,Q5,Q4,Q5,Q6,Q2,Q5,Q5,Q6,Q1,Q2,Q2,Q2,Q3,D1,,,,,,,,,,,,,,,,,,,,,,,,,,,,,,,,,,,,,,,,,,
309,Q1,Q2,Q3,D2,,,,,,,,,,,,,,,,,,,,,,,,,,,,,,,,,,,,,,,,,,,,,,,,,,,,,,,,,
310,Q1,Q2,Q5,Q6,Q6,Q4,D2,,,,,,,,,,,,,,,,,,,,,,,,,,,,,,,,,,,,,,,,,,,,,,,,,,,,,,
311,Q1,D2,,,,,,,,,,,,,,,,,,,,,,,,,,,,,,,,,,,,,,,,,,,,,,,,,,,,,,,,,,,
312,Q1,Q2,Q2,Q5,Q5,Q4,D2,,,,,,,,,,,,,,,,,,,,,,,,,,,,,,,,,,,,,,,,,,,,,,,,,,,,,,
313,Q1,Q2,Q2,Q2,Q3,Q3,Q5,Q2,Q2,Q5,Q2,Q5,Q6,D1,,,,,,,,,,,,,,,,,,,,,,,,,,,,,,,,,,,,,,,,,,,,,,,
314,Q1,Q1,Q2,Q2,Q2,Q1,Q2,Q5,Q6,D1,,,,,,,,,,,,,,,,,,,,,,,,,,,,,,,,,,,,,,,,,,,,,,,,,,,
315,Q1,Q2,Q1,Q2,Q2,Q5,Q6,Q6,Q1,Q2,Q4,Q4,Q5,Q4,Q6,Q6,Q6,Q6,Q2,D1,,,,,,,,,,,,,,,,,,,,,,,,,,,,,,,,,,,,,,,,,
316,Q1,Q1,Q2,Q2,Q2,Q4,Q3,Q5,Q6,Q1,Q2,Q3,Q3,Q3,Q5,Q5,Q6,Q4,D1,,,,,,,,,,,,,,,,,,,,,,,,,,,,,,,,,,,,,,,,,,
317,Q1,Q2,Q5,Q5,Q6,D1,,,,,,,,,,,,,,,,,,,,,,,,,,,,,,,,,,,,,,,,,,,,,,,,,,,,,,,
318,Q1,Q2,Q3,Q2,Q3,Q4,Q4,Q4,Q4,Q4,Q3,Q2,D1,,,,,,,,,,,,,,,,,,,,,,,,,,,,,,,,,,,,,,,,,,,,,,,,
319,Q1,Q2,Q2,D2,,,,,,,,,,,,,,,,,,,,,,,,,,,,,,,,,,,,,,,,,,,,,,,,,,,,,,,,,
320,Q1,Q2,D1,,,,,,,,,,,,,,,,,,,,,,,,,,,,,,,,,,,,,,,,,,,,,,,,,,,,,,,,,,
321,Q1,Q2,D1,,,,,,,,,,,,,,,,,,,,,,,,,,,,,,,,,,,,,,,,,,,,,,,,,,,,,,,,,,
322,Q1,Q2,Q4,Q4,Q4,Q4,Q4,Q5,Q5,Q6,Q4,Q4,Q5,Q2,D1,,,,,,,,,,,,,,,,,,,,,,,,,,,,,,,,,,,,,,,,,,,,,,
323,Q1,Q2,Q3,Q2,Q3,Q3,D2,,,,,,,,,,,,,,,,,,,,,,,,,,,,,,,,,,,,,,,,,,,,,,,,,,,,,,
324,Q1,Q2,Q4,Q4,Q5,Q3,Q5,D1,,,,,,,,,,,,,,,,,,,,,,,,,,,,,,,,,,,,,,,,,,,,,,,,,,,,,
325,Q1,Q2,Q5,Q1,Q2,Q1,Q2,Q2,Q3,Q4,Q5,Q6,Q2,D1,,,,,,,,,,,,,,,,,,,,,,,,,,,,,,,,,,,,,,,,,,,,,,,
326,Q1,Q2,D1,,,,,,,,,,,,,,,,,,,,,,,,,,,,,,,,,,,,,,,,,,,,,,,,,,,,,,,,,,
327,Q1,Q2,Q5,Q5,Q6,Q6,D1,,,,,,,,,,,,,,,,,,,,,,,,,,,,,,,,,,,,,,,,,,,,,,,,,,,,,,
328,Q1,Q1,Q2,Q4,Q4,Q5,Q5,Q5,Q5,Q6,Q1,Q1,Q2,Q5,Q5,Q6,Q1,Q2,Q3,Q3,Q3,Q4,Q4,Q6,D1,,,,,,,,,,,,,,,,,,,,,,,,,,,,,,,,,,,,
329,Q1,Q2,Q3,Q3,Q1,Q2,Q2,Q2,Q4,Q4,Q5,Q6,Q1,Q2,Q5,Q5,Q5,Q3,D2,,,,,,,,,,,,,,,,,,,,,,,,,,,,,,,,,,,,,,,,,,
330,Q1,Q2,Q2,Q1,Q2,Q5,Q3,Q5,Q6,Q4,Q5,Q3,Q3,Q3,Q5,Q5,Q6,D1,,,,,,,,,,,,,,,,,,,,,,,,,,,,,,,,,,,,,,,,,,,
331,Q1,Q2,Q2,Q3,Q4,Q5,Q5,Q3,D2,,,,,,,,,,,,,,,,,,,,,,,,,,,,,,,,,,,,,,,,,,,,,,,,,,,,
332,Q1,Q1,Q1,Q1,Q2,Q3,Q3,Q5,Q5,Q2,Q2,Q2,Q3,Q3,Q4,Q4,Q4,Q5,Q6,D1,,,,,,,,,,,,,,,,,,,,,,,,,,,,,,,,,,,,,,,,,
333,Q1,Q2,Q3,Q3,Q4,D2,,,,,,,,,,,,,,,,,,,,,,,,,,,,,,,,,,,,,,,,,,,,,,,,,,,,,,,
334,Q1,Q2,Q3,D1,,,,,,,,,,,,,,,,,,,,,,,,,,,,,,,,,,,,,,,,,,,,,,,,,,,,,,,,,
335,Q1,Q2,Q3,Q4,Q3,Q5,Q5,Q3,Q4,Q5,Q6,Q6,Q1,Q2,Q3,Q4,Q5,Q5,Q6,D1,,,,,,,,,,,,,,,,,,,,,,,,,,,,,,,,,,,,,,,,,
336,Q1,Q2,Q3,Q3,Q3,Q2,Q3,Q3,Q3,D1,,,,,,,,,,,,,,,,,,,,,,,,,,,,,,,,,,,,,,,,,,,,,,,,,,,
337,Q1,Q2,Q2,Q2,Q3,Q4,Q5,Q5,D1,,,,,,,,,,,,,,,,,,,,,,,,,,,,,,,,,,,,,,,,,,,,,,,,,,,,
338,Q1,Q2,Q1,Q2,D1,,,,,,,,,,,,,,,,,,,,,,,,,,,,,,,,,,,,,,,,,,,,,,,,,,,,,,,,
339,Q1,Q2,Q2,Q1,Q2,Q3,Q5,D1,,,,,,,,,,,,,,,,,,,,,,,,,,,,,,,,,,,,,,,,,,,,,,,,,,,,,
340,Q1,Q2,Q3,Q3,Q2,Q2,Q1,Q2,Q5,Q6,Q6,Q6,Q6,Q1,D2,,,,,,,,,,,,,,,,,,,,,,,,,,,,,,,,,,,,,,,,,,,,,,
341,Q1,Q2,Q1,Q2,Q1,Q2,Q5,Q5,Q4,Q5,Q3,Q3,D2,,,,,,,,,,,,,,,,,,,,,,,,,,,,,,,,,,,,,,,,,,,,,,,,
342,Q1,Q2,Q5,Q6,D1,,,,,,,,,,,,,,,,,,,,,,,,,,,,,,,,,,,,,,,,,,,,,,,,,,,,,,,,
343,Q1,Q1,Q1,Q1,Q2,Q3,Q5,Q1,Q2,Q5,Q6,Q2,Q2,Q2,Q2,Q2,Q5,Q1,Q2,Q1,Q2,Q1,Q2,Q3,Q4,D2,,,,,,,,,,,,,,,,,,,,,,,,,,,,,,,,,,,
344,Q1,Q2,Q2,Q2,Q2,Q4,Q5,Q6,Q1,Q2,D1,,,,,,,,,,,,,,,,,,,,,,,,,,,,,,,,,,,,,,,,,,,,,,,,,,
345,Q1,Q2,Q1,Q2,Q2,Q2,Q1,Q2,Q2,D1,,,,,,,,,,,,,,,,,,,,,,,,,,,,,,,,,,,,,,,,,,,,,,,,,,,
346,Q1,Q2,Q4,Q3,Q4,D2,,,,,,,,,,,,,,,,,,,,,,,,,,,,,,,,,,,,,,,,,,,,,,,,,,,,,,,
347,Q1,Q2,Q1,Q2,Q2,D1,,,,,,,,,,,,,,,,,,,,,,,,,,,,,,,,,,,,,,,,,,,,,,,,,,,,,,,
348,Q1,D2,,,,,,,,,,,,,,,,,,,,,,,,,,,,,,,,,,,,,,,,,,,,,,,,,,,,,,,,,,,
349,Q1,Q1,Q2,Q2,Q5,Q6,D1,,,,,,,,,,,,,,,,,,,,,,,,,,,,,,,,,,,,,,,,,,,,,,,,,,,,,,
350,Q1,Q2,Q1,Q2,D1,,,,,,,,,,,,,,,,,,,,,,,,,,,,,,,,,,,,,,,,,,,,,,,,,,,,,,,,
351,Q1,Q2,D1,,,,,,,,,,,,,,,,,,,,,,,,,,,,,,,,,,,,,,,,,,,,,,,,,,,,,,,,,,
352,Q1,Q2,Q2,D1,,,,,,,,,,,,,,,,,,,,,,,,,,,,,,,,,,,,,,,,,,,,,,,,,,,,,,,,,
353,Q1,Q2,Q3,Q3,Q3,Q4,Q6,D1,,,,,,,,,,,,,,,,,,,,,,,,,,,,,,,,,,,,,,,,,,,,,,,,,,,,,
354,Q1,Q1,Q2,Q5,Q6,Q2,Q5,Q6,Q2,Q3,Q3,Q1,Q2,Q3,Q5,Q6,D1,,,,,,,,,,,,,,,,,,,,,,,,,,,,,,,,,,,,,,,,,,,,
355,Q1,Q1,Q2,Q1,Q1,Q2,Q2,Q5,Q5,Q5,Q5,Q6,Q1,Q2,Q5,Q5,Q6,Q6,D1,,,,,,,,,,,,,,,,,,,,,,,,,,,,,,,,,,,,,,,,,,
356,Q1,Q2,Q3,Q3,Q3,D2,,,,,,,,,,,,,,,,,,,,,,,,,,,,,,,,,,,,,,,,,,,,,,,,,,,,,,,
357,Q1,Q2,Q3,Q3,Q5,Q5,Q5,D1,,,,,,,,,,,,,,,,,,,,,,,,,,,,,,,,,,,,,,,,,,,,,,,,,,,,,
358,Q1,Q2,Q2,Q3,Q3,Q5,Q5,Q6,D1,,,,,,,,,,,,,,,,,,,,,,,,,,,,,,,,,,,,,,,,,,,,,,,,,,,,
359,Q1,Q2,Q2,Q2,Q2,Q2,Q2,Q3,Q3,Q3,D1,,,,,,,,,,,,,,,,,,,,,,,,,,,,,,,,,,,,,,,,,,,,,,,,,,
360,Q1,Q1,D2,,,,,,,,,,,,,,,,,,,,,,,,,,,,,,,,,,,,,,,,,,,,,,,,,,,,,,,,,,
361,Q1,Q1,Q2,Q3,Q5,Q6,Q4,Q6,Q1,Q1,Q2,Q2,Q2,Q2,Q3,Q3,Q3,Q3,D2,,,,,,,,,,,,,,,,,,,,,,,,,,,,,,,,,,,,,,,,,,
362,Q1,Q2,Q1,Q2,Q5,Q3,Q5,Q6,Q1,Q2,D1,,,,,,,,,,,,,,,,,,,,,,,,,,,,,,,,,,,,,,,,,,,,,,,,,,
363,Q1,Q2,Q2,Q3,Q3,D1,,,,,,,,,,,,,,,,,,,,,,,,,,,,,,,,,,,,,,,,,,,,,,,,,,,,,,,
364,Q1,D2,,,,,,,,,,,,,,,,,,,,,,,,,,,,,,,,,,,,,,,,,,,,,,,,,,,,,,,,,,,
365,Q1,Q2,Q4,Q4,Q6,Q1,Q2,D2,,,,,,,,,,,,,,,,,,,,,,,,,,,,,,,,,,,,,,,,,,,,,,,,,,,,,
366,Q1,Q2,Q5,Q1,Q2,Q1,Q1,Q1,Q2,Q2,Q2,Q5,Q6,Q1,Q2,Q3,D1,,,,,,,,,,,,,,,,,,,,,,,,,,,,,,,,,,,,,,,,,,,,
367,Q1,Q2,Q2,Q3,Q4,Q4,Q6,Q6,Q1,Q2,D1,,,,,,,,,,,,,,,,,,,,,,,,,,,,,,,,,,,,,,,,,,,,,,,,,,
368,Q1,Q2,Q2,Q2,Q5,Q3,D1,,,,,,,,,,,,,,,,,,,,,,,,,,,,,,,,,,,,,,,,,,,,,,,,,,,,,,
369,Q1,Q2,Q2,D2,,,,,,,,,,,,,,,,,,,,,,,,,,,,,,,,,,,,,,,,,,,,,,,,,,,,,,,,,
370,Q1,Q2,Q2,Q2,Q4,Q5,Q6,Q6,Q6,Q6,Q2,Q2,Q2,Q4,D2,,,,,,,,,,,,,,,,,,,,,,,,,,,,,,,,,,,,,,,,,,,,,,
371,Q1,Q2,Q2,Q5,Q2,D1,,,,,,,,,,,,,,,,,,,,,,,,,,,,,,,,,,,,,,,,,,,,,,,,,,,,,,,
372,Q1,Q2,Q3,Q2,Q3,D2,,,,,,,,,,,,,,,,,,,,,,,,,,,,,,,,,,,,,,,,,,,,,,,,,,,,,,,
373,Q1,Q2,Q2,Q1,Q2,Q5,Q6,D1,,,,,,,,,,,,,,,,,,,,,,,,,,,,,,,,,,,,,,,,,,,,,,,,,,,,,
374,Q1,Q2,Q5,Q5,D1,,,,,,,,,,,,,,,,,,,,,,,,,,,,,,,,,,,,,,,,,,,,,,,,,,,,,,,,
375,Q1,Q2,Q3,Q5,Q6,Q6,Q6,Q1,Q2,Q5,Q2,Q4,Q4,Q5,Q5,Q3,Q4,Q4,Q6,Q1,Q2,Q1,Q2,D1,,,,,,,,,,,,,,,,,,,,,,,,,,,,,,,,,,,,,
376,Q1,Q2,D1,,,,,,,,,,,,,,,,,,,,,,,,,,,,,,,,,,,,,,,,,,,,,,,,,,,,,,,,,,
377,Q1,Q2,Q5,Q5,Q6,Q1,Q2,Q2,Q2,Q3,Q2,D1,,,,,,,,,,,,,,,,,,,,,,,,,,,,,,,,,,,,,,,,,,,,,,,,,
378,Q1,Q2,Q1,Q2,Q2,Q2,Q1,Q2,Q3,Q3,Q3,Q5,Q6,Q6,Q6,Q6,Q1,D2,,,,,,,,,,,,,,,,,,,,,,,,,,,,,,,,,,,,,,,,,,,
379,Q1,Q1,Q2,Q2,D1,,,,,,,,,,,,,,,,,,,,,,,,,,,,,,,,,,,,,,,,,,,,,,,,,,,,,,,,
380,Q1,Q2,Q3,Q5,Q6,Q2,Q1,D2,,,,,,,,,,,,,,,,,,,,,,,,,,,,,,,,,,,,,,,,,,,,,,,,,,,,,
381,Q1,Q2,D1,,,,,,,,,,,,,,,,,,,,,,,,,,,,,,,,,,,,,,,,,,,,,,,,,,,,,,,,,,
382,Q1,Q1,Q2,Q5,Q6,D1,,,,,,,,,,,,,,,,,,,,,,,,,,,,,,,,,,,,,,,,,,,,,,,,,,,,,,,
383,Q1,Q2,D1,,,,,,,,,,,,,,,,,,,,,,,,,,,,,,,,,,,,,,,,,,,,,,,,,,,,,,,,,,
384,Q1,Q2,Q2,Q2,Q1,Q2,Q2,Q1,Q2,Q2,D1,,,,,,,,,,,,,,,,,,,,,,,,,,,,,,,,,,,,,,,,,,,,,,,,,,
385,Q1,Q2,Q2,Q2,Q5,Q3,D1,,,,,,,,,,,,,,,,,,,,,,,,,,,,,,,,,,,,,,,,,,,,,,,,,,,,,,
386,Q1,Q2,Q3,Q5,Q4,Q5,Q6,Q1,Q2,D1,,,,,,,,,,,,,,,,,,,,,,,,,,,,,,,,,,,,,,,,,,,,,,,,,,,
387,Q1,Q2,Q1,Q2,Q2,Q1,D2,,,,,,,,,,,,,,,,,,,,,,,,,,,,,,,,,,,,,,,,,,,,,,,,,,,,,,
388,Q1,Q2,Q3,Q1,Q2,Q1,Q1,Q2,D1,,,,,,,,,,,,,,,,,,,,,,,,,,,,,,,,,,,,,,,,,,,,,,,,,,,,
389,Q1,Q2,Q3,Q4,Q5,Q6,Q1,Q2,D1,,,,,,,,,,,,,,,,,,,,,,,,,,,,,,,,,,,,,,,,,,,,,,,,,,,,
390,Q1,Q2,Q2,Q1,Q2,Q3,Q3,Q3,Q2,Q2,Q3,D2,,,,,,,,,,,,,,,,,,,,,,,,,,,,,,,,,,,,,,,,,,,,,,,,,
391,Q1,Q2,Q2,D1,,,,,,,,,,,,,,,,,,,,,,,,,,,,,,,,,,,,,,,,,,,,,,,,,,,,,,,,,
392,Q1,Q2,Q2,Q3,Q3,Q3,Q5,Q5,D1,,,,,,,,,,,,,,,,,,,,,,,,,,,,,,,,,,,,,,,,,,,,,,,,,,,,
393,Q1,Q2,D1,,,,,,,,,,,,,,,,,,,,,,,,,,,,,,,,,,,,,,,,,,,,,,,,,,,,,,,,,,
394,Q1,Q2,Q3,D2,,,,,,,,,,,,,,,,,,,,,,,,,,,,,,,,,,,,,,,,,,,,,,,,,,,,,,,,,
395,Q1,Q2,Q2,Q2,Q5,Q5,Q1,D2,,,,,,,,,,,,,,,,,,,,,,,,,,,,,,,,,,,,,,,,,,,,,,,,,,,,,
396,Q1,Q2,Q2,Q4,D1,,,,,,,,,,,,,,,,,,,,,,,,,,,,,,,,,,,,,,,,,,,,,,,,,,,,,,,,
397,Q1,Q2,Q5,Q5,Q6,Q6,Q2,Q1,Q2,Q1,Q2,Q3,Q5,Q5,Q5,Q5,Q6,Q6,Q6,Q6,Q1,Q2,D1,,,,,,,,,,,,,,,,,,,,,,,,,,,,,,,,,,,,,,
398,Q1,Q2,Q5,Q2,Q3,D2,,,,,,,,,,,,,,,,,,,,,,,,,,,,,,,,,,,,,,,,,,,,,,,,,,,,,,,
399,Q1,Q2,Q3,Q3,D2,,,,,,,,,,,,,,,,,,,,,,,,,,,,,,,,,,,,,,,,,,,,,,,,,,,,,,,,
400,Q1,Q2,Q2,Q3,Q5,Q2,Q2,Q3,Q3,Q4,Q5,Q4,Q4,Q5,Q5,Q5,Q6,Q6,Q1,Q2,Q3,Q5,Q3,Q2,Q2,D1,,,,,,,,,,,,,,,,,,,,,,,,,,,,,,,,,,,
401,Q1,Q2,D1,,,,,,,,,,,,,,,,,,,,,,,,,,,,,,,,,,,,,,,,,,,,,,,,,,,,,,,,,,
402,Q1,Q2,Q5,D1,,,,,,,,,,,,,,,,,,,,,,,,,,,,,,,,,,,,,,,,,,,,,,,,,,,,,,,,,
403,Q1,Q2,Q2,Q1,Q2,D1,,,,,,,,,,,,,,,,,,,,,,,,,,,,,,,,,,,,,,,,,,,,,,,,,,,,,,,
404,Q1,Q2,Q3,Q3,Q5,Q1,Q1,Q2,Q3,Q5,Q5,Q6,Q1,Q1,Q2,Q1,Q2,D2,,,,,,,,,,,,,,,,,,,,,,,,,,,,,,,,,,,,,,,,,,,
405,Q1,Q2,Q2,Q1,Q2,Q2,Q5,Q5,Q6,Q6,Q6,Q1,Q2,Q4,Q3,Q3,Q5,Q5,Q6,Q6,Q6,D1,,,,,,,,,,,,,,,,,,,,,,,,,,,,,,,,,,,,,,,
406,Q1,Q2,D1,,,,,,,,,,,,,,,,,,,,,,,,,,,,,,,,,,,,,,,,,,,,,,,,,,,,,,,,,,
407,Q1,Q2,Q3,Q1,Q2,Q3,Q3,Q1,Q2,Q1,Q2,Q1,Q2,Q3,Q3,Q5,Q3,Q2,Q2,Q2,Q3,Q5,Q5,Q5,Q6,D1,,,,,,,,,,,,,,,,,,,,,,,,,,,,,,,,,,,
408,Q1,Q1,Q2,Q1,Q2,Q2,Q1,Q2,Q2,Q3,Q5,Q5,Q6,Q1,Q1,Q2,Q3,Q5,Q3,Q2,Q3,D1,,,,,,,,,,,,,,,,,,,,,,,,,,,,,,,,,,,,,,,
409,Q1,Q2,Q2,Q5,Q6,Q6,D1,,,,,,,,,,,,,,,,,,,,,,,,,,,,,,,,,,,,,,,,,,,,,,,,,,,,,,
410,Q1,Q2,Q5,Q2,Q1,Q2,Q5,Q6,Q6,Q6,D1,,,,,,,,,,,,,,,,,,,,,,,,,,,,,,,,,,,,,,,,,,,,,,,,,,
411,Q1,Q2,Q3,Q3,Q3,Q3,Q2,Q1,Q2,Q2,Q2,Q3,Q3,D2,,,,,,,,,,,,,,,,,,,,,,,,,,,,,,,,,,,,,,,,,,,,,,,
412,Q1,Q1,Q2,Q5,Q5,Q4,D1,,,,,,,,,,,,,,,,,,,,,,,,,,,,,,,,,,,,,,,,,,,,,,,,,,,,,,
413,Q1,Q2,Q1,Q2,Q2,Q5,Q6,Q2,Q3,Q3,Q4,Q4,Q4,Q4,Q4,D1,,,,,,,,,,,,,,,,,,,,,,,,,,,,,,,,,,,,,,,,,,,,,
414,Q1,Q2,Q2,Q1,Q2,Q4,Q4,Q5,Q5,Q6,Q1,Q2,Q3,Q4,Q6,Q6,Q6,Q6,D1,,,,,,,,,,,,,,,,,,,,,,,,,,,,,,,,,,,,,,,,,,
415,Q1,Q2,Q5,Q5,Q5,Q6,D1,,,,,,,,,,,,,,,,,,,,,,,,,,,,,,,,,,,,,,,,,,,,,,,,,,,,,,
416,Q1,Q2,D1,,,,,,,,,,,,,,,,,,,,,,,,,,,,,,,,,,,,,,,,,,,,,,,,,,,,,,,,,,
417,Q1,Q2,Q1,Q2,Q3,Q2,Q5,Q6,Q6,Q2,Q1,Q2,D1,,,,,,,,,,,,,,,,,,,,,,,,,,,,,,,,,,,,,,,,,,,,,,,,
418,Q1,Q2,Q2,Q2,Q2,Q1,Q2,Q1,Q1,Q1,Q2,Q3,Q3,Q3,Q3,Q4,Q4,D2,,,,,,,,,,,,,,,,,,,,,,,,,,,,,,,,,,,,,,,,,,,
419,Q1,Q2,Q2,Q5,Q5,Q3,Q2,Q3,Q2,Q5,Q6,D1,,,,,,,,,,,,,,,,,,,,,,,,,,,,,,,,,,,,,,,,,,,,,,,,,
420,Q1,Q2,Q2,Q5,Q6,Q1,Q2,Q2,Q1,Q2,Q3,Q3,Q5,Q4,Q5,Q5,Q1,Q2,D1,,,,,,,,,,,,,,,,,,,,,,,,,,,,,,,,,,,,,,,,,,
421,Q1,Q2,Q2,Q1,Q2,Q5,Q5,D1,,,,,,,,,,,,,,,,,,,,,,,,,,,,,,,,,,,,,,,,,,,,,,,,,,,,,
422,Q1,Q2,D1,,,,,,,,,,,,,,,,,,,,,,,,,,,,,,,,,,,,,,,,,,,,,,,,,,,,,,,,,,
423,Q1,Q2,Q4,Q4,Q5,Q5,Q5,Q5,Q1,Q2,Q1,Q2,Q2,Q1,Q2,Q5,D1,,,,,,,,,,,,,,,,,,,,,,,,,,,,,,,,,,,,,,,,,,,,
424,Q1,Q2,Q2,Q1,D2,,,,,,,,,,,,,,,,,,,,,,,,,,,,,,,,,,,,,,,,,,,,,,,,,,,,,,,,
425,Q1,Q1,Q1,Q1,Q2,Q2,Q5,Q6,D1,,,,,,,,,,,,,,,,,,,,,,,,,,,,,,,,,,,,,,,,,,,,,,,,,,,,
426,Q1,Q2,Q4,D2,,,,,,,,,,,,,,,,,,,,,,,,,,,,,,,,,,,,,,,,,,,,,,,,,,,,,,,,,
427,Q1,Q2,Q2,Q1,Q2,Q2,Q1,Q2,Q2,Q4,Q4,Q4,Q4,Q6,Q1,Q1,Q2,Q5,Q2,Q2,D1,,,,,,,,,,,,,,,,,,,,,,,,,,,,,,,,,,,,,,,,
428,Q1,Q2,Q5,Q5,Q6,Q2,Q2,Q1,Q2,D1,,,,,,,,,,,,,,,,,,,,,,,,,,,,,,,,,,,,,,,,,,,,,,,,,,,
429,Q1,Q2,Q2,Q5,Q6,D1,,,,,,,,,,,,,,,,,,,,,,,,,,,,,,,,,,,,,,,,,,,,,,,,,,,,,,,
430,Q1,Q2,Q5,Q6,Q6,Q1,Q2,Q3,D1,,,,,,,,,,,,,,,,,,,,,,,,,,,,,,,,,,,,,,,,,,,,,,,,,,,,
431,Q1,Q2,Q3,Q4,Q4,D2,,,,,,,,,,,,,,,,,,,,,,,,,,,,,,,,,,,,,,,,,,,,,,,,,,,,,,,
432,Q1,Q2,Q5,Q6,Q1,Q2,Q2,Q1,Q2,Q3,Q4,D2,,,,,,,,,,,,,,,,,,,,,,,,,,,,,,,,,,,,,,,,,,,,,,,,,
433,Q1,Q2,Q5,Q5,Q6,Q6,Q6,Q6,Q6,Q6,D1,,,,,,,,,,,,,,,,,,,,,,,,,,,,,,,,,,,,,,,,,,,,,,,,,,
434,Q1,Q2,Q2,Q5,Q5,Q6,D1,,,,,,,,,,,,,,,,,,,,,,,,,,,,,,,,,,,,,,,,,,,,,,,,,,,,,,
435,Q1,Q2,D1,,,,,,,,,,,,,,,,,,,,,,,,,,,,,,,,,,,,,,,,,,,,,,,,,,,,,,,,,,
436,Q1,Q1,Q2,Q4,Q5,Q1,Q2,Q3,Q1,Q2,Q3,D2,,,,,,,,,,,,,,,,,,,,,,,,,,,,,,,,,,,,,,,,,,,,,,,,,
437,Q1,D2,,,,,,,,,,,,,,,,,,,,,,,,,,,,,,,,,,,,,,,,,,,,,,,,,,,,,,,,,,,
438,Q1,Q2,D1,,,,,,,,,,,,,,,,,,,,,,,,,,,,,,,,,,,,,,,,,,,,,,,,,,,,,,,,,,
439,Q1,Q2,Q3,Q3,Q5,Q3,Q3,Q5,Q6,Q1,D2,,,,,,,,,,,,,,,,,,,,,,,,,,,,,,,,,,,,,,,,,,,,,,,,,,
440,Q1,Q2,Q2,Q5,Q3,Q5,Q5,Q3,Q3,Q5,Q5,Q5,Q6,Q6,Q6,Q6,D1,,,,,,,,,,,,,,,,,,,,,,,,,,,,,,,,,,,,,,,,,,,,
441,Q1,D2,,,,,,,,,,,,,,,,,,,,,,,,,,,,,,,,,,,,,,,,,,,,,,,,,,,,,,,,,,,
442,Q1,Q1,D2,,,,,,,,,,,,,,,,,,,,,,,,,,,,,,,,,,,,,,,,,,,,,,,,,,,,,,,,,,
443,Q1,Q2,Q1,Q2,Q2,Q3,Q4,D2,,,,,,,,,,,,,,,,,,,,,,,,,,,,,,,,,,,,,,,,,,,,,,,,,,,,,
444,Q1,Q2,Q3,Q5,Q1,Q2,Q5,Q5,Q5,Q5,Q5,Q6,D1,,,,,,,,,,,,,,,,,,,,,,,,,,,,,,,,,,,,,,,,,,,,,,,,
445,Q1,Q1,Q2,Q2,Q2,D1,,,,,,,,,,,,,,,,,,,,,,,,,,,,,,,,,,,,,,,,,,,,,,,,,,,,,,,
446,Q1,Q2,Q2,Q3,Q3,Q4,Q5,Q5,Q5,Q5,Q2,Q2,Q3,Q5,Q6,Q1,Q2,Q1,Q2,Q2,D2,,,,,,,,,,,,,,,,,,,,,,,,,,,,,,,,,,,,,,,,
447,Q1,Q2,Q1,Q2,Q5,Q6,D1,,,,,,,,,,,,,,,,,,,,,,,,,,,,,,,,,,,,,,,,,,,,,,,,,,,,,,
448,Q1,Q2,D2,,,,,,,,,,,,,,,,,,,,,,,,,,,,,,,,,,,,,,,,,,,,,,,,,,,,,,,,,,
449,Q1,Q1,Q2,Q1,Q2,Q3,Q4,Q4,D2,,,,,,,,,,,,,,,,,,,,,,,,,,,,,,,,,,,,,,,,,,,,,,,,,,,,
450,Q1,Q2,Q1,Q2,Q3,Q5,Q6,Q1,Q1,Q2,Q1,Q2,Q5,Q5,Q1,Q2,D1,,,,,,,,,,,,,,,,,,,,,,,,,,,,,,,,,,,,,,,,,,,,
451,Q1,Q2,Q5,Q3,Q5,Q1,Q2,Q2,Q3,Q5,Q6,Q6,Q6,Q1,Q2,Q3,Q4,Q5,D1,,,,,,,,,,,,,,,,,,,,,,,,,,,,,,,,,,,,,,,,,,
452,Q1,Q1,Q2,Q1,Q1,Q2,D1,,,,,,,,,,,,,,,,,,,,,,,,,,,,,,,,,,,,,,,,,,,,,,,,,,,,,,
453,Q1,Q2,Q1,Q2,Q1,Q2,Q2,Q5,Q5,Q6,D1,,,,,,,,,,,,,,,,,,,,,,,,,,,,,,,,,,,,,,,,,,,,,,,,,,
454,Q1,Q2,Q4,Q6,Q4,Q5,Q2,Q5,Q1,Q1,Q2,Q2,D1,,,,,,,,,,,,,,,,,,,,,,,,,,,,,,,,,,,,,,,,,,,,,,,,
455,Q1,Q2,Q2,D1,,,,,,,,,,,,,,,,,,,,,,,,,,,,,,,,,,,,,,,,,,,,,,,,,,,,,,,,,
456,Q1,D2,,,,,,,,,,,,,,,,,,,,,,,,,,,,,,,,,,,,,,,,,,,,,,,,,,,,,,,,,,,
457,Q1,Q2,Q2,Q2,D1,,,,,,,,,,,,,,,,,,,,,,,,,,,,,,,,,,,,,,,,,,,,,,,,,,,,,,,,
458,Q1,Q2,Q2,Q3,Q5,Q5,Q5,D1,,,,,,,,,,,,,,,,,,,,,,,,,,,,,,,,,,,,,,,,,,,,,,,,,,,,,
459,Q1,Q1,Q2,D1,,,,,,,,,,,,,,,,,,,,,,,,,,,,,,,,,,,,,,,,,,,,,,,,,,,,,,,,,
460,Q1,Q2,Q3,Q3,Q4,Q6,D1,,,,,,,,,,,,,,,,,,,,,,,,,,,,,,,,,,,,,,,,,,,,,,,,,,,,,,
461,Q1,Q2,Q3,Q5,Q1,Q2,D2,,,,,,,,,,,,,,,,,,,,,,,,,,,,,,,,,,,,,,,,,,,,,,,,,,,,,,
462,Q1,Q2,Q5,Q5,Q5,Q5,Q6,Q6,D1,,,,,,,,,,,,,,,,,,,,,,,,,,,,,,,,,,,,,,,,,,,,,,,,,,,,
463,Q1,Q2,Q2,Q2,D1,,,,,,,,,,,,,,,,,,,,,,,,,,,,,,,,,,,,,,,,,,,,,,,,,,,,,,,,
464,Q1,Q2,Q5,Q5,Q5,Q6,Q1,Q2,Q2,D2,,,,,,,,,,,,,,,,,,,,,,,,,,,,,,,,,,,,,,,,,,,,,,,,,,,
465,Q1,Q2,Q3,Q3,Q5,Q6,Q6,D1,,,,,,,,,,,,,,,,,,,,,,,,,,,,,,,,,,,,,,,,,,,,,,,,,,,,,
466,Q1,Q2,Q2,Q3,Q3,Q2,Q1,D2,,,,,,,,,,,,,,,,,,,,,,,,,,,,,,,,,,,,,,,,,,,,,,,,,,,,,
467,Q1,Q2,D1,,,,,,,,,,,,,,,,,,,,,,,,,,,,,,,,,,,,,,,,,,,,,,,,,,,,,,,,,,
468,Q1,Q2,Q2,Q2,Q2,Q5,Q5,Q5,Q6,Q4,D2,,,,,,,,,,,,,,,,,,,,,,,,,,,,,,,,,,,,,,,,,,,,,,,,,,
469,Q1,D2,,,,,,,,,,,,,,,,,,,,,,,,,,,,,,,,,,,,,,,,,,,,,,,,,,,,,,,,,,,
470,Q1,Q2,Q4,Q6,Q1,Q2,Q1,D2,,,,,,,,,,,,,,,,,,,,,,,,,,,,,,,,,,,,,,,,,,,,,,,,,,,,,
471,Q1,Q2,Q3,Q2,D1,,,,,,,,,,,,,,,,,,,,,,,,,,,,,,,,,,,,,,,,,,,,,,,,,,,,,,,,
472,Q1,Q2,Q2,Q2,Q2,Q3,Q4,Q4,Q4,Q4,Q5,Q6,Q1,Q2,Q5,Q1,Q2,Q2,Q5,Q6,Q6,Q1,Q2,Q2,Q2,D1,,,,,,,,,,,,,,,,,,,,,,,,,,,,,,,,,,,
473,Q1,Q2,D1,,,,,,,,,,,,,,,,,,,,,,,,,,,,,,,,,,,,,,,,,,,,,,,,,,,,,,,,,,
474,Q1,Q2,D1,,,,,,,,,,,,,,,,,,,,,,,,,,,,,,,,,,,,,,,,,,,,,,,,,,,,,,,,,,
475,Q1,Q2,D1,,,,,,,,,,,,,,,,,,,,,,,,,,,,,,,,,,,,,,,,,,,,,,,,,,,,,,,,,,
476,Q1,Q1,Q2,Q5,Q5,Q1,Q2,Q3,Q1,Q2,Q3,Q5,Q6,Q2,Q3,Q5,Q6,D1,,,,,,,,,,,,,,,,,,,,,,,,,,,,,,,,,,,,,,,,,,,
477,Q1,Q1,Q2,Q2,Q2,Q3,Q2,Q1,Q1,Q2,Q5,Q5,Q5,Q6,Q1,Q2,Q3,Q1,Q2,Q1,Q2,D1,,,,,,,,,,,,,,,,,,,,,,,,,,,,,,,,,,,,,,,
478,Q1,Q2,Q2,Q4,Q5,D1,,,,,,,,,,,,,,,,,,,,,,,,,,,,,,,,,,,,,,,,,,,,,,,,,,,,,,,
479,Q1,Q2,D1,,,,,,,,,,,,,,,,,,,,,,,,,,,,,,,,,,,,,,,,,,,,,,,,,,,,,,,,,,
480,Q1,Q2,Q3,Q3,Q5,Q5,Q6,Q1,Q2,Q3,Q4,Q5,Q1,Q2,Q2,Q3,Q5,Q5,Q2,Q3,Q4,Q4,Q6,D1,,,,,,,,,,,,,,,,,,,,,,,,,,,,,,,,,,,,,
481,Q1,Q2,Q5,Q5,Q6,D1,,,,,,,,,,,,,,,,,,,,,,,,,,,,,,,,,,,,,,,,,,,,,,,,,,,,,,,
482,Q1,Q2,Q4,Q4,Q6,D1,,,,,,,,,,,,,,,,,,,,,,,,,,,,,,,,,,,,,,,,,,,,,,,,,,,,,,,
483,Q1,Q2,D2,,,,,,,,,,,,,,,,,,,,,,,,,,,,,,,,,,,,,,,,,,,,,,,,,,,,,,,,,,
484,Q1,Q2,Q1,Q2,Q3,Q2,D1,,,,,,,,,,,,,,,,,,,,,,,,,,,,,,,,,,,,,,,,,,,,,,,,,,,,,,
485,Q1,D2,,,,,,,,,,,,,,,,,,,,,,,,,,,,,,,,,,,,,,,,,,,,,,,,,,,,,,,,,,,
486,Q1,Q2,Q2,D1,,,,,,,,,,,,,,,,,,,,,,,,,,,,,,,,,,,,,,,,,,,,,,,,,,,,,,,,,
487,Q1,Q2,Q2,Q1,Q2,Q1,Q2,Q2,Q2,Q5,Q6,Q1,Q2,Q2,Q3,Q5,Q6,Q1,Q2,Q2,Q2,Q1,Q1,Q2,Q2,Q2,D2,,,,,,,,,,,,,,,,,,,,,,,,,,,,,,,,,,
488,Q1,Q2,Q4,Q4,Q5,Q5,Q1,Q2,Q2,Q1,Q2,D1,,,,,,,,,,,,,,,,,,,,,,,,,,,,,,,,,,,,,,,,,,,,,,,,,
489,Q1,Q2,Q5,Q6,Q6,Q6,Q2,Q5,Q5,Q1,Q2,D2,,,,,,,,,,,,,,,,,,,,,,,,,,,,,,,,,,,,,,,,,,,,,,,,,
490,Q1,Q2,Q2,D1,,,,,,,,,,,,,,,,,,,,,,,,,,,,,,,,,,,,,,,,,,,,,,,,,,,,,,,,,
491,Q1,Q2,Q3,Q3,Q3,Q5,Q3,Q3,Q5,Q6,D1,,,,,,,,,,,,,,,,,,,,,,,,,,,,,,,,,,,,,,,,,,,,,,,,,,
492,Q1,Q1,Q2,Q3,Q4,Q5,Q6,D1,,,,,,,,,,,,,,,,,,,,,,,,,,,,,,,,,,,,,,,,,,,,,,,,,,,,,
493,Q1,Q2,Q2,Q2,Q1,Q2,Q2,Q3,Q5,Q5,Q5,Q5,Q4,Q4,D1,,,,,,,,,,,,,,,,,,,,,,,,,,,,,,,,,,,,,,,,,,,,,,
494,Q1,Q2,Q2,Q1,Q1,Q2,Q3,Q2,Q4,Q3,Q5,Q5,Q1,Q2,Q2,D1,,,,,,,,,,,,,,,,,,,,,,,,,,,,,,,,,,,,,,,,,,,,,
495,Q1,Q1,Q2,D2,,,,,,,,,,,,,,,,,,,,,,,,,,,,,,,,,,,,,,,,,,,,,,,,,,,,,,,,,
496,Q1,Q2,Q3,Q5,Q4,Q6,D1,,,,,,,,,,,,,,,,,,,,,,,,,,,,,,,,,,,,,,,,,,,,,,,,,,,,,,
497,Q1,Q2,Q4,Q4,Q4,Q5,Q6,Q1,Q2,Q3,Q5,Q6,D1,,,,,,,,,,,,,,,,,,,,,,,,,,,,,,,,,,,,,,,,,,,,,,,,
498,Q1,D2,,,,,,,,,,,,,,,,,,,,,,,,,,,,,,,,,,,,,,,,,,,,,,,,,,,,,,,,,,,
499,Q1,Q1,Q2,D1,,,,,,,,,,,,,,,,,,,,,,,,,,,,,,,,,,,,,,,,,,,,,,,,,,,,,,,,,
500,Q1,Q2,Q1,Q2,Q2,Q3,Q4,Q4,Q4,Q3,Q5,Q5,Q5,Q5,Q3,Q5,Q5,Q5,Q5,Q6,D1,,,,,,,,,,,,,,,,,,,,,,,,,,,,,,,,,,,,,,,,
501,Q1,Q2,Q5,Q5,Q4,Q4,Q6,D1,,,,,,,,,,,,,,,,,,,,,,,,,,,,,,,,,,,,,,,,,,,,,,,,,,,,,
502,Q1,Q2,Q2,Q3,Q3,D1,,,,,,,,,,,,,,,,,,,,,,,,,,,,,,,,,,,,,,,,,,,,,,,,,,,,,,,
503,Q1,Q2,Q5,Q5,Q5,Q6,D1,,,,,,,,,,,,,,,,,,,,,,,,,,,,,,,,,,,,,,,,,,,,,,,,,,,,,,
504,Q1,Q2,Q4,Q6,Q6,D1,,,,,,,,,,,,,,,,,,,,,,,,,,,,,,,,,,,,,,,,,,,,,,,,,,,,,,,
505,Q1,Q2,Q3,D1,,,,,,,,,,,,,,,,,,,,,,,,,,,,,,,,,,,,,,,,,,,,,,,,,,,,,,,,,
506,Q1,Q1,Q2,Q2,D1,,,,,,,,,,,,,,,,,,,,,,,,,,,,,,,,,,,,,,,,,,,,,,,,,,,,,,,,
507,Q1,Q2,Q2,Q1,D2,,,,,,,,,,,,,,,,,,,,,,,,,,,,,,,,,,,,,,,,,,,,,,,,,,,,,,,,
508,Q1,Q2,Q3,Q5,Q6,D1,,,,,,,,,,,,,,,,,,,,,,,,,,,,,,,,,,,,,,,,,,,,,,,,,,,,,,,
509,Q1,Q2,D1,,,,,,,,,,,,,,,,,,,,,,,,,,,,,,,,,,,,,,,,,,,,,,,,,,,,,,,,,,
510,Q1,Q2,Q2,D1,,,,,,,,,,,,,,,,,,,,,,,,,,,,,,,,,,,,,,,,,,,,,,,,,,,,,,,,,
511,Q1,Q2,Q2,Q1,Q2,Q5,Q6,D1,,,,,,,,,,,,,,,,,,,,,,,,,,,,,,,,,,,,,,,,,,,,,,,,,,,,,
512,Q1,Q2,Q1,Q2,Q5,Q6,Q6,Q4,Q6,D1,,,,,,,,,,,,,,,,,,,,,,,,,,,,,,,,,,,,,,,,,,,,,,,,,,,
513,Q1,Q2,Q2,Q3,D1,,,,,,,,,,,,,,,,,,,,,,,,,,,,,,,,,,,,,,,,,,,,,,,,,,,,,,,,
514,Q1,Q2,Q3,Q5,Q6,Q1,Q1,Q2,Q1,Q2,Q2,Q2,Q2,Q1,Q2,Q4,Q4,Q4,Q6,D1,,,,,,,,,,,,,,,,,,,,,,,,,,,,,,,,,,,,,,,,,
515,Q1,Q2,Q5,Q5,Q1,Q1,Q2,Q5,Q5,Q5,Q5,Q4,Q5,Q5,Q3,Q3,Q5,Q1,D2,,,,,,,,,,,,,,,,,,,,,,,,,,,,,,,,,,,,,,,,,,
516,Q1,Q2,Q3,Q4,Q4,Q5,Q5,Q5,Q6,Q6,Q6,D1,,,,,,,,,,,,,,,,,,,,,,,,,,,,,,,,,,,,,,,,,,,,,,,,,
517,Q1,Q2,Q5,Q5,Q5,Q6,Q6,D1,,,,,,,,,,,,,,,,,,,,,,,,,,,,,,,,,,,,,,,,,,,,,,,,,,,,,
518,Q1,Q2,D1,,,,,,,,,,,,,,,,,,,,,,,,,,,,,,,,,,,,,,,,,,,,,,,,,,,,,,,,,,
519,Q1,Q2,Q4,Q5,Q6,D1,,,,,,,,,,,,,,,,,,,,,,,,,,,,,,,,,,,,,,,,,,,,,,,,,,,,,,,
520,Q1,Q2,Q1,Q1,Q2,Q2,Q1,Q2,Q3,Q2,Q3,D1,,,,,,,,,,,,,,,,,,,,,,,,,,,,,,,,,,,,,,,,,,,,,,,,,
521,Q1,Q2,Q1,Q2,Q1,Q2,Q3,Q2,Q5,Q6,Q6,D1,,,,,,,,,,,,,,,,,,,,,,,,,,,,,,,,,,,,,,,,,,,,,,,,,
522,Q1,Q2,Q5,Q6,Q1,Q2,Q3,Q3,D1,,,,,,,,,,,,,,,,,,,,,,,,,,,,,,,,,,,,,,,,,,,,,,,,,,,,
523,Q1,Q2,Q2,Q5,Q5,Q6,D1,,,,,,,,,,,,,,,,,,,,,,,,,,,,,,,,,,,,,,,,,,,,,,,,,,,,,,
524,Q1,Q2,Q1,Q2,Q2,Q3,Q1,Q1,Q2,Q5,Q3,Q5,Q5,Q6,Q4,Q4,Q3,Q3,Q1,Q2,Q2,Q2,Q2,Q3,Q5,Q5,Q5,Q6,D1,,,,,,,,,,,,,,,,,,,,,,,,,,,,,,,,
525,Q1,Q2,Q5,D1,,,,,,,,,,,,,,,,,,,,,,,,,,,,,,,,,,,,,,,,,,,,,,,,,,,,,,,,,
526,Q1,Q2,Q5,D1,,,,,,,,,,,,,,,,,,,,,,,,,,,,,,,,,,,,,,,,,,,,,,,,,,,,,,,,,
527,Q1,Q2,D1,,,,,,,,,,,,,,,,,,,,,,,,,,,,,,,,,,,,,,,,,,,,,,,,,,,,,,,,,,
528,Q1,Q2,Q3,Q4,Q5,Q1,D2,,,,,,,,,,,,,,,,,,,,,,,,,,,,,,,,,,,,,,,,,,,,,,,,,,,,,,
529,Q1,Q1,Q1,Q2,Q5,Q5,Q5,Q6,D1,,,,,,,,,,,,,,,,,,,,,,,,,,,,,,,,,,,,,,,,,,,,,,,,,,,,
530,Q1,Q1,Q2,Q3,D1,,,,,,,,,,,,,,,,,,,,,,,,,,,,,,,,,,,,,,,,,,,,,,,,,,,,,,,,
531,Q1,Q2,Q1,D2,,,,,,,,,,,,,,,,,,,,,,,,,,,,,,,,,,,,,,,,,,,,,,,,,,,,,,,,,
532,Q1,Q2,Q1,Q2,Q1,Q2,Q1,Q2,Q2,Q4,Q5,Q6,D1,,,,,,,,,,,,,,,,,,,,,,,,,,,,,,,,,,,,,,,,,,,,,,,,
533,Q1,Q2,Q1,Q2,Q4,Q5,Q2,Q2,Q4,Q3,Q4,Q5,Q2,Q5,Q6,D1,,,,,,,,,,,,,,,,,,,,,,,,,,,,,,,,,,,,,,,,,,,,,
534,Q1,Q2,Q5,Q6,Q2,Q3,Q5,Q6,Q1,Q2,D2,,,,,,,,,,,,,,,,,,,,,,,,,,,,,,,,,,,,,,,,,,,,,,,,,,
535,Q1,Q2,Q4,Q4,Q4,D1,,,,,,,,,,,,,,,,,,,,,,,,,,,,,,,,,,,,,,,,,,,,,,,,,,,,,,,
536,Q1,Q2,Q3,Q2,Q3,Q4,Q5,Q5,Q5,Q2,D1,,,,,,,,,,,,,,,,,,,,,,,,,,,,,,,,,,,,,,,,,,,,,,,,,,
537,Q1,Q2,Q1,Q2,Q5,Q5,Q6,Q1,Q2,Q1,Q2,Q5,Q5,Q5,Q6,Q1,Q2,Q2,Q1,Q2,Q4,Q3,Q5,Q6,Q6,Q1,Q2,Q2,D2,,,,,,,,,,,,,,,,,,,,,,,,,,,,,,,,
538,Q1,Q2,Q3,Q3,Q2,Q3,Q5,Q5,Q6,D1,,,,,,,,,,,,,,,,,,,,,,,,,,,,,,,,,,,,,,,,,,,,,,,,,,,
539,Q1,Q1,Q2,Q2,Q2,Q5,Q5,Q6,Q6,D1,,,,,,,,,,,,,,,,,,,,,,,,,,,,,,,,,,,,,,,,,,,,,,,,,,,
540,Q1,Q1,Q2,Q5,Q6,D1,,,,,,,,,,,,,,,,,,,,,,,,,,,,,,,,,,,,,,,,,,,,,,,,,,,,,,,
541,Q1,Q2,Q1,Q2,Q3,Q3,Q3,Q2,Q3,Q4,Q6,Q1,Q2,Q1,Q2,Q5,Q6,Q1,Q2,Q5,Q5,Q5,Q5,Q5,Q2,D1,,,,,,,,,,,,,,,,,,,,,,,,,,,,,,,,,,,
542,Q1,Q2,D1,,,,,,,,,,,,,,,,,,,,,,,,,,,,,,,,,,,,,,,,,,,,,,,,,,,,,,,,,,
543,Q1,Q2,Q1,D2,,,,,,,,,,,,,,,,,,,,,,,,,,,,,,,,,,,,,,,,,,,,,,,,,,,,,,,,,
544,Q1,Q2,D1,,,,,,,,,,,,,,,,,,,,,,,,,,,,,,,,,,,,,,,,,,,,,,,,,,,,,,,,,,
545,Q1,Q2,Q1,D2,,,,,,,,,,,,,,,,,,,,,,,,,,,,,,,,,,,,,,,,,,,,,,,,,,,,,,,,,
546,Q1,Q1,Q1,Q2,Q2,Q3,Q5,Q6,D1,,,,,,,,,,,,,,,,,,,,,,,,,,,,,,,,,,,,,,,,,,,,,,,,,,,,
547,Q1,Q2,D1,,,,,,,,,,,,,,,,,,,,,,,,,,,,,,,,,,,,,,,,,,,,,,,,,,,,,,,,,,
548,Q1,D2,,,,,,,,,,,,,,,,,,,,,,,,,,,,,,,,,,,,,,,,,,,,,,,,,,,,,,,,,,,
549,Q1,Q2,Q2,Q2,Q1,Q2,D1,,,,,,,,,,,,,,,,,,,,,,,,,,,,,,,,,,,,,,,,,,,,,,,,,,,,,,
550,Q1,Q2,Q3,D1,,,,,,,,,,,,,,,,,,,,,,,,,,,,,,,,,,,,,,,,,,,,,,,,,,,,,,,,,
551,Q1,Q2,Q3,Q5,Q6,D1,,,,,,,,,,,,,,,,,,,,,,,,,,,,,,,,,,,,,,,,,,,,,,,,,,,,,,,
552,Q1,Q2,Q2,D1,,,,,,,,,,,,,,,,,,,,,,,,,,,,,,,,,,,,,,,,,,,,,,,,,,,,,,,,,
553,Q1,Q2,Q1,Q2,Q2,Q3,Q5,Q5,Q5,Q3,Q5,Q5,Q1,Q2,Q5,Q6,Q6,D1,,,,,,,,,,,,,,,,,,,,,,,,,,,,,,,,,,,,,,,,,,,
554,Q1,Q2,Q2,Q2,Q2,Q5,Q5,Q6,D1,,,,,,,,,,,,,,,,,,,,,,,,,,,,,,,,,,,,,,,,,,,,,,,,,,,,
555,Q1,Q2,Q1,Q2,D1,,,,,,,,,,,,,,,,,,,,,,,,,,,,,,,,,,,,,,,,,,,,,,,,,,,,,,,,
556,Q1,Q2,Q2,Q3,Q2,Q2,D1,,,,,,,,,,,,,,,,,,,,,,,,,,,,,,,,,,,,,,,,,,,,,,,,,,,,,,
557,Q1,Q2,Q5,Q4,D2,,,,,,,,,,,,,,,,,,,,,,,,,,,,,,,,,,,,,,,,,,,,,,,,,,,,,,,,
558,Q1,Q2,Q3,D1,,,,,,,,,,,,,,,,,,,,,,,,,,,,,,,,,,,,,,,,,,,,,,,,,,,,,,,,,
559,Q1,Q2,Q3,Q5,Q6,D1,,,,,,,,,,,,,,,,,,,,,,,,,,,,,,,,,,,,,,,,,,,,,,,,,,,,,,,
560,Q1,Q2,Q3,Q5,Q5,Q5,Q5,Q4,Q3,Q4,Q5,Q6,D1,,,,,,,,,,,,,,,,,,,,,,,,,,,,,,,,,,,,,,,,,,,,,,,,
561,Q1,Q2,Q3,Q3,Q3,Q4,D2,,,,,,,,,,,,,,,,,,,,,,,,,,,,,,,,,,,,,,,,,,,,,,,,,,,,,,
562,Q1,Q2,Q1,Q2,Q2,Q2,Q5,Q6,Q1,Q2,Q4,D2,,,,,,,,,,,,,,,,,,,,,,,,,,,,,,,,,,,,,,,,,,,,,,,,,
563,Q1,Q2,Q2,Q2,Q2,Q1,Q2,Q2,Q5,Q6,D1,,,,,,,,,,,,,,,,,,,,,,,,,,,,,,,,,,,,,,,,,,,,,,,,,,
564,Q1,Q2,Q2,Q2,D2,,,,,,,,,,,,,,,,,,,,,,,,,,,,,,,,,,,,,,,,,,,,,,,,,,,,,,,,
565,Q1,Q2,Q5,Q6,Q6,Q6,Q6,D1,,,,,,,,,,,,,,,,,,,,,,,,,,,,,,,,,,,,,,,,,,,,,,,,,,,,,
566,Q1,Q2,Q1,Q2,Q1,Q2,D1,,,,,,,,,,,,,,,,,,,,,,,,,,,,,,,,,,,,,,,,,,,,,,,,,,,,,,
567,Q1,Q2,D1,,,,,,,,,,,,,,,,,,,,,,,,,,,,,,,,,,,,,,,,,,,,,,,,,,,,,,,,,,
568,Q1,Q1,Q2,Q2,Q2,D2,,,,,,,,,,,,,,,,,,,,,,,,,,,,,,,,,,,,,,,,,,,,,,,,,,,,,,,
569,Q1,Q1,Q1,Q2,Q5,Q6,D1,,,,,,,,,,,,,,,,,,,,,,,,,,,,,,,,,,,,,,,,,,,,,,,,,,,,,,
570,Q1,Q2,D1,,,,,,,,,,,,,,,,,,,,,,,,,,,,,,,,,,,,,,,,,,,,,,,,,,,,,,,,,,
571,Q1,Q2,Q3,Q5,Q6,Q1,Q2,Q3,Q2,Q2,Q1,Q2,Q1,Q2,Q2,Q2,D1,,,,,,,,,,,,,,,,,,,,,,,,,,,,,,,,,,,,,,,,,,,,
572,Q1,Q2,Q2,Q1,Q2,Q5,Q1,Q2,Q2,Q3,Q2,Q5,Q6,Q1,Q2,Q4,D2,,,,,,,,,,,,,,,,,,,,,,,,,,,,,,,,,,,,,,,,,,,,
573,Q1,Q2,Q3,Q3,Q3,Q3,Q1,Q2,D1,,,,,,,,,,,,,,,,,,,,,,,,,,,,,,,,,,,,,,,,,,,,,,,,,,,,
574,Q1,Q2,Q2,Q3,D1,,,,,,,,,,,,,,,,,,,,,,,,,,,,,,,,,,,,,,,,,,,,,,,,,,,,,,,,
575,Q1,Q2,Q3,Q4,D2,,,,,,,,,,,,,,,,,,,,,,,,,,,,,,,,,,,,,,,,,,,,,,,,,,,,,,,,
576,Q1,Q2,Q5,Q6,Q1,Q1,Q2,Q3,Q5,Q5,Q6,D1,,,,,,,,,,,,,,,,,,,,,,,,,,,,,,,,,,,,,,,,,,,,,,,,,
577,Q1,Q2,Q2,Q2,Q5,Q1,Q2,Q3,Q1,Q2,Q3,Q5,Q5,Q6,Q1,Q1,Q2,Q1,Q2,Q2,D1,,,,,,,,,,,,,,,,,,,,,,,,,,,,,,,,,,,,,,,,
578,Q1,Q1,Q1,Q2,Q2,Q1,Q1,Q2,Q2,Q1,Q2,Q4,Q5,Q1,Q2,Q4,Q6,Q6,Q1,Q2,Q5,Q6,D1,,,,,,,,,,,,,,,,,,,,,,,,,,,,,,,,,,,,,,
579,Q1,Q2,D1,,,,,,,,,,,,,,,,,,,,,,,,,,,,,,,,,,,,,,,,,,,,,,,,,,,,,,,,,,
580,Q1,Q2,D1,,,,,,,,,,,,,,,,,,,,,,,,,,,,,,,,,,,,,,,,,,,,,,,,,,,,,,,,,,
581,Q1,Q1,Q2,Q3,Q5,Q5,Q2,D1,,,,,,,,,,,,,,,,,,,,,,,,,,,,,,,,,,,,,,,,,,,,,,,,,,,,,
582,Q1,Q2,Q2,Q1,Q2,Q2,Q5,Q3,Q3,Q3,Q3,Q4,Q5,Q6,Q1,Q2,D2,,,,,,,,,,,,,,,,,,,,,,,,,,,,,,,,,,,,,,,,,,,,
583,Q1,Q2,Q2,Q3,Q3,Q5,Q1,Q2,Q2,Q2,Q2,Q5,Q5,Q5,Q6,D1,,,,,,,,,,,,,,,,,,,,,,,,,,,,,,,,,,,,,,,,,,,,,
584,Q1,Q2,Q5,Q6,Q6,Q1,Q2,Q5,Q1,Q2,Q4,Q6,Q1,Q2,Q4,Q5,Q5,D1,,,,,,,,,,,,,,,,,,,,,,,,,,,,,,,,,,,,,,,,,,,
585,Q1,Q2,Q1,Q2,D2,,,,,,,,,,,,,,,,,,,,,,,,,,,,,,,,,,,,,,,,,,,,,,,,,,,,,,,,
586,Q1,Q1,Q2,Q2,Q5,Q5,Q5,Q1,Q2,Q5,Q5,Q4,Q6,Q1,Q2,Q3,Q4,Q3,Q4,Q4,Q3,Q4,Q3,Q3,Q2,Q4,Q4,D1,,,,,,,,,,,,,,,,,,,,,,,,,,,,,,,,,
587,Q1,Q2,Q3,Q5,Q1,Q2,Q2,Q3,Q5,Q6,Q1,Q2,Q5,Q5,Q6,Q1,Q2,Q2,Q2,Q2,Q2,Q3,D2,,,,,,,,,,,,,,,,,,,,,,,,,,,,,,,,,,,,,,
588,Q1,Q2,Q2,Q2,Q3,Q5,Q6,Q6,Q6,D1,,,,,,,,,,,,,,,,,,,,,,,,,,,,,,,,,,,,,,,,,,,,,,,,,,,
589,Q1,Q1,Q2,Q2,Q3,D1,,,,,,,,,,,,,,,,,,,,,,,,,,,,,,,,,,,,,,,,,,,,,,,,,,,,,,,
590,Q1,Q2,Q1,Q2,Q3,Q1,Q2,Q3,Q2,Q2,D1,,,,,,,,,,,,,,,,,,,,,,,,,,,,,,,,,,,,,,,,,,,,,,,,,,
591,Q1,Q1,Q2,Q3,Q3,Q5,Q3,Q2,D1,,,,,,,,,,,,,,,,,,,,,,,,,,,,,,,,,,,,,,,,,,,,,,,,,,,,
592,Q1,Q2,Q5,Q6,D1,,,,,,,,,,,,,,,,,,,,,,,,,,,,,,,,,,,,,,,,,,,,,,,,,,,,,,,,
593,Q1,Q2,Q2,Q3,Q5,Q6,Q6,Q6,D1,,,,,,,,,,,,,,,,,,,,,,,,,,,,,,,,,,,,,,,,,,,,,,,,,,,,
594,Q1,Q2,Q1,D2,,,,,,,,,,,,,,,,,,,,,,,,,,,,,,,,,,,,,,,,,,,,,,,,,,,,,,,,,
595,Q1,Q2,Q3,Q2,Q5,Q5,Q5,Q5,Q5,Q5,Q5,Q5,Q6,D1,,,,,,,,,,,,,,,,,,,,,,,,,,,,,,,,,,,,,,,,,,,,,,,
596,Q1,Q1,Q2,D1,,,,,,,,,,,,,,,,,,,,,,,,,,,,,,,,,,,,,,,,,,,,,,,,,,,,,,,,,
597,Q1,Q1,Q2,Q3,D1,,,,,,,,,,,,,,,,,,,,,,,,,,,,,,,,,,,,,,,,,,,,,,,,,,,,,,,,
598,Q1,Q2,Q1,Q2,Q5,Q3,Q3,Q3,D1,,,,,,,,,,,,,,,,,,,,,,,,,,,,,,,,,,,,,,,,,,,,,,,,,,,,
599,Q1,Q2,Q1,Q2,D1,,,,,,,,,,,,,,,,,,,,,,,,,,,,,,,,,,,,,,,,,,,,,,,,,,,,,,,,
600,Q1,Q2,Q1,Q2,D1,,,,,,,,,,,,,,,,,,,,,,,,,,,,,,,,,,,,,,,,,,,,,,,,,,,,,,,,
601,Q1,Q2,D1,,,,,,,,,,,,,,,,,,,,,,,,,,,,,,,,,,,,,,,,,,,,,,,,,,,,,,,,,,
602,Q1,Q2,D2,,,,,,,,,,,,,,,,,,,,,,,,,,,,,,,,,,,,,,,,,,,,,,,,,,,,,,,,,,
603,Q1,Q1,Q2,D1,,,,,,,,,,,,,,,,,,,,,,,,,,,,,,,,,,,,,,,,,,,,,,,,,,,,,,,,,
604,Q1,Q2,Q3,Q4,Q5,Q6,Q1,Q2,Q4,Q6,Q1,Q2,Q3,Q5,Q5,Q6,Q6,Q6,Q1,Q2,Q2,Q2,Q2,Q5,Q5,Q6,Q1,Q2,Q2,Q5,Q1,Q2,Q3,Q3,D1,,,,,,,,,,,,,,,,,,,,,,,,,,
605,Q1,Q2,D1,,,,,,,,,,,,,,,,,,,,,,,,,,,,,,,,,,,,,,,,,,,,,,,,,,,,,,,,,,
606,Q1,Q2,Q1,Q2,Q2,Q3,Q3,Q5,Q5,Q5,Q6,D1,,,,,,,,,,,,,,,,,,,,,,,,,,,,,,,,,,,,,,,,,,,,,,,,,
607,Q1,Q1,Q2,D1,,,,,,,,,,,,,,,,,,,,,,,,,,,,,,,,,,,,,,,,,,,,,,,,,,,,,,,,,
608,Q1,Q2,Q4,Q5,Q5,Q6,Q6,Q6,Q6,Q2,Q3,Q5,Q6,Q1,Q2,Q2,Q2,Q2,D1,,,,,,,,,,,,,,,,,,,,,,,,,,,,,,,,,,,,,,,,,,
609,Q1,Q2,Q2,Q2,Q2,Q3,D1,,,,,,,,,,,,,,,,,,,,,,,,,,,,,,,,,,,,,,,,,,,,,,,,,,,,,,
610,Q1,Q2,D1,,,,,,,,,,,,,,,,,,,,,,,,,,,,,,,,,,,,,,,,,,,,,,,,,,,,,,,,,,
611,Q1,Q2,Q2,Q2,Q5,Q5,Q4,Q5,Q6,Q1,Q2,Q2,Q2,Q2,Q2,D1,,,,,,,,,,,,,,,,,,,,,,,,,,,,,,,,,,,,,,,,,,,,,
612,Q1,Q2,Q3,D1,,,,,,,,,,,,,,,,,,,,,,,,,,,,,,,,,,,,,,,,,,,,,,,,,,,,,,,,,
613,Q1,Q2,Q3,D1,,,,,,,,,,,,,,,,,,,,,,,,,,,,,,,,,,,,,,,,,,,,,,,,,,,,,,,,,
614,Q1,Q2,Q3,Q3,Q5,Q1,D2,,,,,,,,,,,,,,,,,,,,,,,,,,,,,,,,,,,,,,,,,,,,,,,,,,,,,,
615,Q1,Q2,Q3,Q3,Q4,D2,,,,,,,,,,,,,,,,,,,,,,,,,,,,,,,,,,,,,,,,,,,,,,,,,,,,,,,
616,Q1,Q2,Q3,D2,,,,,,,,,,,,,,,,,,,,,,,,,,,,,,,,,,,,,,,,,,,,,,,,,,,,,,,,,
617,Q1,Q2,Q4,Q5,Q5,Q5,Q1,Q2,Q2,Q2,Q5,Q6,Q6,D1,,,,,,,,,,,,,,,,,,,,,,,,,,,,,,,,,,,,,,,,,,,,,,,
618,Q1,Q2,Q3,D1,,,,,,,,,,,,,,,,,,,,,,,,,,,,,,,,,,,,,,,,,,,,,,,,,,,,,,,,,
619,Q1,Q2,Q1,Q2,D1,,,,,,,,,,,,,,,,,,,,,,,,,,,,,,,,,,,,,,,,,,,,,,,,,,,,,,,,
620,Q1,Q2,Q2,Q3,Q3,Q3,Q5,Q3,Q5,Q5,Q5,Q4,Q5,D1,,,,,,,,,,,,,,,,,,,,,,,,,,,,,,,,,,,,,,,,,,,,,,,
621,Q1,Q2,D1,,,,,,,,,,,,,,,,,,,,,,,,,,,,,,,,,,,,,,,,,,,,,,,,,,,,,,,,,,
622,Q1,Q2,Q5,Q2,Q5,Q5,Q6,Q6,Q1,Q2,Q1,Q2,Q3,D1,,,,,,,,,,,,,,,,,,,,,,,,,,,,,,,,,,,,,,,,,,,,,,,
623,Q1,Q1,Q2,Q2,Q1,Q2,Q1,Q2,Q3,Q4,Q3,Q3,Q1,Q2,Q2,Q5,Q5,Q6,Q6,D1,,,,,,,,,,,,,,,,,,,,,,,,,,,,,,,,,,,,,,,,,
624,Q1,Q2,Q2,Q1,Q1,Q2,D1,,,,,,,,,,,,,,,,,,,,,,,,,,,,,,,,,,,,,,,,,,,,,,,,,,,,,,
625,Q1,Q2,Q5,Q5,D1,,,,,,,,,,,,,,,,,,,,,,,,,,,,,,,,,,,,,,,,,,,,,,,,,,,,,,,,
626,Q1,Q2,Q1,Q2,D1,,,,,,,,,,,,,,,,,,,,,,,,,,,,,,,,,,,,,,,,,,,,,,,,,,,,,,,,
627,Q1,Q2,Q3,Q5,Q5,Q6,Q1,Q2,Q1,Q2,Q4,Q4,D2,,,,,,,,,,,,,,,,,,,,,,,,,,,,,,,,,,,,,,,,,,,,,,,,
628,Q1,Q2,Q2,Q5,Q6,Q1,Q1,Q2,Q2,D1,,,,,,,,,,,,,,,,,,,,,,,,,,,,,,,,,,,,,,,,,,,,,,,,,,,
629,Q1,Q2,Q3,D2,,,,,,,,,,,,,,,,,,,,,,,,,,,,,,,,,,,,,,,,,,,,,,,,,,,,,,,,,
630,Q1,Q2,Q3,Q3,Q2,Q1,Q1,Q1,D2,,,,,,,,,,,,,,,,,,,,,,,,,,,,,,,,,,,,,,,,,,,,,,,,,,,,
631,Q1,Q1,Q2,D1,,,,,,,,,,,,,,,,,,,,,,,,,,,,,,,,,,,,,,,,,,,,,,,,,,,,,,,,,
632,Q1,Q2,Q3,Q5,Q4,Q4,Q3,Q3,Q5,Q5,Q6,D1,,,,,,,,,,,,,,,,,,,,,,,,,,,,,,,,,,,,,,,,,,,,,,,,,
633,Q1,Q2,Q5,Q6,D1,,,,,,,,,,,,,,,,,,,,,,,,,,,,,,,,,,,,,,,,,,,,,,,,,,,,,,,,
634,Q1,Q2,Q2,Q3,Q4,Q3,Q5,Q1,Q2,Q5,Q6,D1,,,,,,,,,,,,,,,,,,,,,,,,,,,,,,,,,,,,,,,,,,,,,,,,,
635,Q1,Q2,Q3,Q4,Q4,Q4,Q4,Q4,D2,,,,,,,,,,,,,,,,,,,,,,,,,,,,,,,,,,,,,,,,,,,,,,,,,,,,
636,Q1,Q1,Q2,D1,,,,,,,,,,,,,,,,,,,,,,,,,,,,,,,,,,,,,,,,,,,,,,,,,,,,,,,,,
637,Q1,Q2,Q1,Q2,D1,,,,,,,,,,,,,,,,,,,,,,,,,,,,,,,,,,,,,,,,,,,,,,,,,,,,,,,,
638,Q1,Q2,Q2,Q4,Q6,D1,,,,,,,,,,,,,,,,,,,,,,,,,,,,,,,,,,,,,,,,,,,,,,,,,,,,,,,
639,Q1,Q2,Q1,D2,,,,,,,,,,,,,,,,,,,,,,,,,,,,,,,,,,,,,,,,,,,,,,,,,,,,,,,,,
640,Q1,Q2,Q5,Q6,Q6,Q6,Q1,Q1,Q1,Q2,Q2,Q3,Q4,D2,,,,,,,,,,,,,,,,,,,,,,,,,,,,,,,,,,,,,,,,,,,,,,,
641,Q1,Q2,Q3,Q5,Q5,Q6,Q1,Q1,D2,,,,,,,,,,,,,,,,,,,,,,,,,,,,,,,,,,,,,,,,,,,,,,,,,,,,
642,Q1,Q2,Q3,Q3,Q3,D1,,,,,,,,,,,,,,,,,,,,,,,,,,,,,,,,,,,,,,,,,,,,,,,,,,,,,,,
643,Q1,Q2,Q3,Q3,D2,,,,,,,,,,,,,,,,,,,,,,,,,,,,,,,,,,,,,,,,,,,,,,,,,,,,,,,,
644,Q1,Q2,Q1,Q2,Q2,Q1,Q2,Q3,Q5,D1,,,,,,,,,,,,,,,,,,,,,,,,,,,,,,,,,,,,,,,,,,,,,,,,,,,
645,Q1,Q2,Q2,D1,,,,,,,,,,,,,,,,,,,,,,,,,,,,,,,,,,,,,,,,,,,,,,,,,,,,,,,,,
646,Q1,Q2,Q3,Q3,Q5,Q6,Q6,Q4,Q5,Q6,Q6,D1,,,,,,,,,,,,,,,,,,,,,,,,,,,,,,,,,,,,,,,,,,,,,,,,,
647,Q1,Q2,Q4,Q5,Q6,Q6,Q6,Q6,Q6,Q1,Q2,Q2,D1,,,,,,,,,,,,,,,,,,,,,,,,,,,,,,,,,,,,,,,,,,,,,,,,
648,Q1,Q2,Q5,Q6,D1,,,,,,,,,,,,,,,,,,,,,,,,,,,,,,,,,,,,,,,,,,,,,,,,,,,,,,,,
649,Q1,Q2,Q3,Q1,Q2,Q2,D1,,,,,,,,,,,,,,,,,,,,,,,,,,,,,,,,,,,,,,,,,,,,,,,,,,,,,,
650,Q1,Q2,Q4,Q4,D2,,,,,,,,,,,,,,,,,,,,,,,,,,,,,,,,,,,,,,,,,,,,,,,,,,,,,,,,
651,Q1,D2,,,,,,,,,,,,,,,,,,,,,,,,,,,,,,,,,,,,,,,,,,,,,,,,,,,,,,,,,,,
652,Q1,Q2,D2,,,,,,,,,,,,,,,,,,,,,,,,,,,,,,,,,,,,,,,,,,,,,,,,,,,,,,,,,,
653,Q1,Q2,Q1,Q2,Q2,Q3,D1,,,,,,,,,,,,,,,,,,,,,,,,,,,,,,,,,,,,,,,,,,,,,,,,,,,,,,
654,Q1,Q2,Q3,Q4,Q5,Q6,Q6,Q6,Q6,D1,,,,,,,,,,,,,,,,,,,,,,,,,,,,,,,,,,,,,,,,,,,,,,,,,,,
655,Q1,Q2,Q2,Q2,Q3,Q5,Q6,Q1,Q2,Q2,Q2,Q3,Q3,Q5,Q6,D1,,,,,,,,,,,,,,,,,,,,,,,,,,,,,,,,,,,,,,,,,,,,,
656,Q1,Q2,D2,,,,,,,,,,,,,,,,,,,,,,,,,,,,,,,,,,,,,,,,,,,,,,,,,,,,,,,,,,
657,Q1,Q2,Q3,Q4,D1,,,,,,,,,,,,,,,,,,,,,,,,,,,,,,,,,,,,,,,,,,,,,,,,,,,,,,,,
658,Q1,Q2,Q3,Q5,Q5,Q6,Q6,Q2,Q3,Q4,Q5,Q6,Q6,Q6,Q1,Q2,D1,,,,,,,,,,,,,,,,,,,,,,,,,,,,,,,,,,,,,,,,,,,,
659,Q1,Q2,D1,,,,,,,,,,,,,,,,,,,,,,,,,,,,,,,,,,,,,,,,,,,,,,,,,,,,,,,,,,
660,Q1,Q2,D1,,,,,,,,,,,,,,,,,,,,,,,,,,,,,,,,,,,,,,,,,,,,,,,,,,,,,,,,,,
661,Q1,Q1,D2,,,,,,,,,,,,,,,,,,,,,,,,,,,,,,,,,,,,,,,,,,,,,,,,,,,,,,,,,,
662,Q1,Q2,D2,,,,,,,,,,,,,,,,,,,,,,,,,,,,,,,,,,,,,,,,,,,,,,,,,,,,,,,,,,
663,Q1,Q2,Q1,Q2,Q1,Q2,Q2,Q1,Q2,Q1,Q2,Q2,Q2,Q1,Q2,Q5,Q5,Q5,Q6,D1,,,,,,,,,,,,,,,,,,,,,,,,,,,,,,,,,,,,,,,,,
664,Q1,Q2,Q3,D1,,,,,,,,,,,,,,,,,,,,,,,,,,,,,,,,,,,,,,,,,,,,,,,,,,,,,,,,,
665,Q1,Q2,Q2,Q5,Q6,D1,,,,,,,,,,,,,,,,,,,,,,,,,,,,,,,,,,,,,,,,,,,,,,,,,,,,,,,
666,Q1,Q2,Q3,Q1,Q2,Q2,Q5,Q6,D1,,,,,,,,,,,,,,,,,,,,,,,,,,,,,,,,,,,,,,,,,,,,,,,,,,,,
667,Q1,Q1,Q2,Q4,Q4,Q5,Q5,Q5,Q5,Q6,Q1,D2,,,,,,,,,,,,,,,,,,,,,,,,,,,,,,,,,,,,,,,,,,,,,,,,,
668,Q1,Q2,D2,,,,,,,,,,,,,,,,,,,,,,,,,,,,,,,,,,,,,,,,,,,,,,,,,,,,,,,,,,
669,Q1,Q2,Q5,Q6,Q1,Q2,Q1,Q2,Q3,D1,,,,,,,,,,,,,,,,,,,,,,,,,,,,,,,,,,,,,,,,,,,,,,,,,,,
670,Q1,Q2,Q5,Q5,Q5,Q6,Q1,Q2,Q3,Q5,Q6,Q1,Q2,Q2,Q1,Q2,Q5,Q1,Q2,Q2,Q2,Q4,Q5,Q6,D1,,,,,,,,,,,,,,,,,,,,,,,,,,,,,,,,,,,,
671,Q1,Q2,Q2,Q5,Q6,Q1,Q2,Q3,D1,,,,,,,,,,,,,,,,,,,,,,,,,,,,,,,,,,,,,,,,,,,,,,,,,,,,
672,Q1,Q2,D1,,,,,,,,,,,,,,,,,,,,,,,,,,,,,,,,,,,,,,,,,,,,,,,,,,,,,,,,,,
673,Q1,Q2,Q5,Q6,Q6,D1,,,,,,,,,,,,,,,,,,,,,,,,,,,,,,,,,,,,,,,,,,,,,,,,,,,,,,,
674,Q1,Q2,Q2,Q2,Q1,Q2,Q5,Q6,D1,,,,,,,,,,,,,,,,,,,,,,,,,,,,,,,,,,,,,,,,,,,,,,,,,,,,
675,Q1,Q1,Q2,Q5,Q6,Q1,Q2,Q2,Q1,Q2,Q4,D1,,,,,,,,,,,,,,,,,,,,,,,,,,,,,,,,,,,,,,,,,,,,,,,,,
676,Q1,D2,,,,,,,,,,,,,,,,,,,,,,,,,,,,,,,,,,,,,,,,,,,,,,,,,,,,,,,,,,,
677,Q1,Q2,Q1,Q2,D1,,,,,,,,,,,,,,,,,,,,,,,,,,,,,,,,,,,,,,,,,,,,,,,,,,,,,,,,
678,Q1,D2,,,,,,,,,,,,,,,,,,,,,,,,,,,,,,,,,,,,,,,,,,,,,,,,,,,,,,,,,,,
679,Q1,Q2,Q2,Q3,Q5,Q6,Q1,Q2,Q2,D2,,,,,,,,,,,,,,,,,,,,,,,,,,,,,,,,,,,,,,,,,,,,,,,,,,,
680,Q1,Q1,Q2,D1,,,,,,,,,,,,,,,,,,,,,,,,,,,,,,,,,,,,,,,,,,,,,,,,,,,,,,,,,
681,Q1,Q2,Q1,Q1,Q2,Q4,D2,,,,,,,,,,,,,,,,,,,,,,,,,,,,,,,,,,,,,,,,,,,,,,,,,,,,,,
682,Q1,Q2,Q2,Q2,Q3,Q3,Q3,D2,,,,,,,,,,,,,,,,,,,,,,,,,,,,,,,,,,,,,,,,,,,,,,,,,,,,,
683,Q1,Q2,D1,,,,,,,,,,,,,,,,,,,,,,,,,,,,,,,,,,,,,,,,,,,,,,,,,,,,,,,,,,
684,Q1,Q2,D1,,,,,,,,,,,,,,,,,,,,,,,,,,,,,,,,,,,,,,,,,,,,,,,,,,,,,,,,,,
685,Q1,Q2,Q3,Q5,Q4,Q5,Q6,D1,,,,,,,,,,,,,,,,,,,,,,,,,,,,,,,,,,,,,,,,,,,,,,,,,,,,,
686,Q1,Q2,Q2,Q1,Q2,Q1,Q1,Q2,Q1,Q2,Q1,Q2,Q5,Q6,Q6,Q1,D2,,,,,,,,,,,,,,,,,,,,,,,,,,,,,,,,,,,,,,,,,,,,
687,Q1,Q2,Q1,Q2,D2,,,,,,,,,,,,,,,,,,,,,,,,,,,,,,,,,,,,,,,,,,,,,,,,,,,,,,,,
688,Q1,Q2,Q2,Q1,Q2,Q3,D1,,,,,,,,,,,,,,,,,,,,,,,,,,,,,,,,,,,,,,,,,,,,,,,,,,,,,,
689,Q1,Q2,Q5,Q6,D1,,,,,,,,,,,,,,,,,,,,,,,,,,,,,,,,,,,,,,,,,,,,,,,,,,,,,,,,
690,Q1,D2,,,,,,,,,,,,,,,,,,,,,,,,,,,,,,,,,,,,,,,,,,,,,,,,,,,,,,,,,,,
691,Q1,Q2,Q5,Q1,Q2,Q4,Q5,Q2,Q2,Q2,D1,,,,,,,,,,,,,,,,,,,,,,,,,,,,,,,,,,,,,,,,,,,,,,,,,,
692,Q1,Q2,Q1,Q2,Q1,Q2,Q5,Q1,Q2,Q1,Q2,Q2,Q2,Q1,Q2,D2,,,,,,,,,,,,,,,,,,,,,,,,,,,,,,,,,,,,,,,,,,,,,
693,Q1,Q2,D1,,,,,,,,,,,,,,,,,,,,,,,,,,,,,,,,,,,,,,,,,,,,,,,,,,,,,,,,,,
694,Q1,Q2,Q4,D1,,,,,,,,,,,,,,,,,,,,,,,,,,,,,,,,,,,,,,,,,,,,,,,,,,,,,,,,,
695,Q1,Q1,Q1,Q2,Q5,Q3,Q5,Q6,Q6,Q1,Q2,Q3,Q5,Q5,Q6,Q1,Q2,Q2,D1,,,,,,,,,,,,,,,,,,,,,,,,,,,,,,,,,,,,,,,,,,
696,Q1,Q2,D2,,,,,,,,,,,,,,,,,,,,,,,,,,,,,,,,,,,,,,,,,,,,,,,,,,,,,,,,,,
697,Q1,Q2,Q2,Q3,Q5,Q5,Q5,Q1,Q2,Q1,Q2,Q3,Q5,Q5,Q2,Q4,Q5,Q4,Q6,D1,,,,,,,,,,,,,,,,,,,,,,,,,,,,,,,,,,,,,,,,,
698,Q1,Q2,Q5,Q3,Q3,D1,,,,,,,,,,,,,,,,,,,,,,,,,,,,,,,,,,,,,,,,,,,,,,,,,,,,,,,
699,Q1,Q2,Q3,Q2,D1,,,,,,,,,,,,,,,,,,,,,,,,,,,,,,,,,,,,,,,,,,,,,,,,,,,,,,,,
700,Q1,Q2,Q2,Q3,D2,,,,,,,,,,,,,,,,,,,,,,,,,,,,,,,,,,,,,,,,,,,,,,,,,,,,,,,,
701,Q1,Q2,Q2,Q1,Q2,Q5,Q6,Q1,Q2,Q3,D1,,,,,,,,,,,,,,,,,,,,,,,,,,,,,,,,,,,,,,,,,,,,,,,,,,
702,Q1,D2,,,,,,,,,,,,,,,,,,,,,,,,,,,,,,,,,,,,,,,,,,,,,,,,,,,,,,,,,,,
703,Q1,Q2,Q3,Q2,D1,,,,,,,,,,,,,,,,,,,,,,,,,,,,,,,,,,,,,,,,,,,,,,,,,,,,,,,,
704,Q1,Q2,Q2,D1,,,,,,,,,,,,,,,,,,,,,,,,,,,,,,,,,,,,,,,,,,,,,,,,,,,,,,,,,
705,Q1,Q2,Q5,Q6,Q1,Q2,Q5,Q6,D1,,,,,,,,,,,,,,,,,,,,,,,,,,,,,,,,,,,,,,,,,,,,,,,,,,,,
706,Q1,Q2,Q2,Q2,Q5,Q6,Q6,Q6,Q1,Q2,Q2,Q3,Q5,Q5,Q5,Q4,D1,,,,,,,,,,,,,,,,,,,,,,,,,,,,,,,,,,,,,,,,,,,,
707,Q1,Q2,Q2,Q3,Q5,Q4,Q4,Q4,D1,,,,,,,,,,,,,,,,,,,,,,,,,,,,,,,,,,,,,,,,,,,,,,,,,,,,
708,Q1,Q2,Q3,Q2,Q5,Q6,Q6,D1,,,,,,,,,,,,,,,,,,,,,,,,,,,,,,,,,,,,,,,,,,,,,,,,,,,,,
709,Q1,Q2,Q1,Q2,Q2,D1,,,,,,,,,,,,,,,,,,,,,,,,,,,,,,,,,,,,,,,,,,,,,,,,,,,,,,,
710,Q1,Q2,Q3,Q1,Q2,Q2,Q3,D2,,,,,,,,,,,,,,,,,,,,,,,,,,,,,,,,,,,,,,,,,,,,,,,,,,,,,
711,Q1,Q1,Q2,D1,,,,,,,,,,,,,,,,,,,,,,,,,,,,,,,,,,,,,,,,,,,,,,,,,,,,,,,,,
712,Q1,Q2,Q2,Q5,Q6,Q2,Q2,Q3,Q5,Q5,Q6,Q6,Q6,Q6,Q6,Q1,Q2,Q2,Q3,D2,,,,,,,,,,,,,,,,,,,,,,,,,,,,,,,,,,,,,,,,,
713,Q1,Q1,Q2,D1,,,,,,,,,,,,,,,,,,,,,,,,,,,,,,,,,,,,,,,,,,,,,,,,,,,,,,,,,
714,Q1,Q1,Q2,D1,,,,,,,,,,,,,,,,,,,,,,,,,,,,,,,,,,,,,,,,,,,,,,,,,,,,,,,,,
715,Q1,Q2,Q1,Q2,Q1,Q1,Q2,Q3,D2,,,,,,,,,,,,,,,,,,,,,,,,,,,,,,,,,,,,,,,,,,,,,,,,,,,,
716,Q1,Q2,Q1,Q2,Q2,Q2,Q2,Q3,Q2,D1,,,,,,,,,,,,,,,,,,,,,,,,,,,,,,,,,,,,,,,,,,,,,,,,,,,
717,Q1,Q2,Q2,Q2,Q5,Q5,Q5,Q6,Q1,D2,,,,,,,,,,,,,,,,,,,,,,,,,,,,,,,,,,,,,,,,,,,,,,,,,,,
718,Q1,D2,,,,,,,,,,,,,,,,,,,,,,,,,,,,,,,,,,,,,,,,,,,,,,,,,,,,,,,,,,,
719,Q1,Q2,Q2,Q3,D1,,,,,,,,,,,,,,,,,,,,,,,,,,,,,,,,,,,,,,,,,,,,,,,,,,,,,,,,
720,Q1,Q2,Q2,D1,,,,,,,,,,,,,,,,,,,,,,,,,,,,,,,,,,,,,,,,,,,,,,,,,,,,,,,,,
721,Q1,D2,,,,,,,,,,,,,,,,,,,,,,,,,,,,,,,,,,,,,,,,,,,,,,,,,,,,,,,,,,,
722,Q1,Q2,Q2,Q2,D1,,,,,,,,,,,,,,,,,,,,,,,,,,,,,,,,,,,,,,,,,,,,,,,,,,,,,,,,
723,Q1,Q2,D1,,,,,,,,,,,,,,,,,,,,,,,,,,,,,,,,,,,,,,,,,,,,,,,,,,,,,,,,,,
724,Q1,Q2,Q2,Q1,Q2,Q5,D1,,,,,,,,,,,,,,,,,,,,,,,,,,,,,,,,,,,,,,,,,,,,,,,,,,,,,,
725,Q1,Q2,D1,,,,,,,,,,,,,,,,,,,,,,,,,,,,,,,,,,,,,,,,,,,,,,,,,,,,,,,,,,
726,Q1,Q2,D1,,,,,,,,,,,,,,,,,,,,,,,,,,,,,,,,,,,,,,,,,,,,,,,,,,,,,,,,,,
727,Q1,Q2,Q2,Q5,Q6,Q1,Q2,Q3,D1,,,,,,,,,,,,,,,,,,,,,,,,,,,,,,,,,,,,,,,,,,,,,,,,,,,,
728,Q1,Q2,Q2,Q1,Q2,Q1,Q2,Q3,Q4,Q4,D1,,,,,,,,,,,,,,,,,,,,,,,,,,,,,,,,,,,,,,,,,,,,,,,,,,
729,Q1,Q2,Q2,D1,,,,,,,,,,,,,,,,,,,,,,,,,,,,,,,,,,,,,,,,,,,,,,,,,,,,,,,,,
730,Q1,Q2,Q2,Q1,Q2,Q2,Q5,Q6,Q1,Q2,Q5,Q5,Q6,Q6,Q6,Q1,Q2,Q2,Q5,Q2,Q3,Q5,Q6,Q6,Q6,Q6,D1,,,,,,,,,,,,,,,,,,,,,,,,,,,,,,,,,,
731,Q1,Q2,Q3,D1,,,,,,,,,,,,,,,,,,,,,,,,,,,,,,,,,,,,,,,,,,,,,,,,,,,,,,,,,
732,Q1,Q2,Q1,D2,,,,,,,,,,,,,,,,,,,,,,,,,,,,,,,,,,,,,,,,,,,,,,,,,,,,,,,,,
733,Q1,Q2,Q3,Q1,Q2,Q4,Q4,Q4,Q4,D2,,,,,,,,,,,,,,,,,,,,,,,,,,,,,,,,,,,,,,,,,,,,,,,,,,,
734,Q1,Q1,Q1,Q2,Q3,Q3,Q3,Q5,Q5,Q5,Q5,Q5,Q3,Q2,Q2,D1,,,,,,,,,,,,,,,,,,,,,,,,,,,,,,,,,,,,,,,,,,,,,
735,Q1,D2,,,,,,,,,,,,,,,,,,,,,,,,,,,,,,,,,,,,,,,,,,,,,,,,,,,,,,,,,,,
736,Q1,Q1,Q2,Q2,Q2,Q1,Q2,Q1,Q2,D1,,,,,,,,,,,,,,,,,,,,,,,,,,,,,,,,,,,,,,,,,,,,,,,,,,,
737,Q1,Q2,Q5,Q6,Q6,Q1,Q2,Q3,Q4,Q5,Q5,Q3,Q5,Q6,D1,,,,,,,,,,,,,,,,,,,,,,,,,,,,,,,,,,,,,,,,,,,,,,
738,Q1,Q2,Q3,Q4,Q4,Q5,Q1,Q2,Q1,D2,,,,,,,,,,,,,,,,,,,,,,,,,,,,,,,,,,,,,,,,,,,,,,,,,,,
739,Q1,Q2,Q2,Q5,Q5,Q5,Q6,Q1,Q1,Q2,D1,,,,,,,,,,,,,,,,,,,,,,,,,,,,,,,,,,,,,,,,,,,,,,,,,,
740,Q1,Q2,Q3,Q2,D2,,,,,,,,,,,,,,,,,,,,,,,,,,,,,,,,,,,,,,,,,,,,,,,,,,,,,,,,
741,Q1,Q1,Q2,Q2,Q1,Q2,Q1,Q1,Q2,Q2,Q5,Q6,Q1,Q2,Q3,Q2,Q2,Q3,Q3,Q2,Q3,Q5,Q5,Q1,Q2,D1,,,,,,,,,,,,,,,,,,,,,,,,,,,,,,,,,,,
742,Q1,D2,,,,,,,,,,,,,,,,,,,,,,,,,,,,,,,,,,,,,,,,,,,,,,,,,,,,,,,,,,,
743,Q1,Q2,Q1,Q2,Q3,Q2,Q1,Q2,Q1,Q2,Q3,Q2,Q2,Q4,Q4,Q4,Q5,Q3,Q1,D2,,,,,,,,,,,,,,,,,,,,,,,,,,,,,,,,,,,,,,,,,
744,Q1,Q2,Q5,Q6,Q1,Q2,Q3,Q3,Q4,Q5,D1,,,,,,,,,,,,,,,,,,,,,,,,,,,,,,,,,,,,,,,,,,,,,,,,,,
745,Q1,Q2,Q2,Q1,Q2,Q1,Q2,D2,,,,,,,,,,,,,,,,,,,,,,,,,,,,,,,,,,,,,,,,,,,,,,,,,,,,,
746,Q1,Q2,Q1,Q2,D1,,,,,,,,,,,,,,,,,,,,,,,,,,,,,,,,,,,,,,,,,,,,,,,,,,,,,,,,
747,Q1,Q2,Q5,Q6,Q1,Q2,Q2,D1,,,,,,,,,,,,,,,,,,,,,,,,,,,,,,,,,,,,,,,,,,,,,,,,,,,,,
748,Q1,Q2,Q1,Q2,Q2,D1,,,,,,,,,,,,,,,,,,,,,,,,,,,,,,,,,,,,,,,,,,,,,,,,,,,,,,,
749,Q1,Q2,Q5,Q3,Q5,Q6,Q1,Q2,Q2,D1,,,,,,,,,,,,,,,,,,,,,,,,,,,,,,,,,,,,,,,,,,,,,,,,,,,
750,Q1,Q2,D1,,,,,,,,,,,,,,,,,,,,,,,,,,,,,,,,,,,,,,,,,,,,,,,,,,,,,,,,,,
751,Q1,Q2,Q4,Q5,Q3,Q2,Q2,Q2,Q2,Q2,Q2,Q2,Q4,Q4,Q5,Q6,Q1,Q2,D1,,,,,,,,,,,,,,,,,,,,,,,,,,,,,,,,,,,,,,,,,,
752,Q1,Q2,Q3,Q3,Q1,Q2,Q1,D2,,,,,,,,,,,,,,,,,,,,,,,,,,,,,,,,,,,,,,,,,,,,,,,,,,,,,
753,Q1,Q1,Q2,Q1,Q2,Q1,Q2,Q1,Q2,Q5,Q5,Q5,Q5,Q6,Q6,D1,,,,,,,,,,,,,,,,,,,,,,,,,,,,,,,,,,,,,,,,,,,,,
754,Q1,Q2,Q5,Q5,Q5,Q6,Q6,Q2,Q2,Q1,Q2,Q3,Q2,D1,,,,,,,,,,,,,,,,,,,,,,,,,,,,,,,,,,,,,,,,,,,,,,,
755,Q1,Q2,D1,,,,,,,,,,,,,,,,,,,,,,,,,,,,,,,,,,,,,,,,,,,,,,,,,,,,,,,,,,
756,Q1,Q2,Q2,Q2,Q2,Q2,Q2,Q3,Q2,Q2,Q2,D1,,,,,,,,,,,,,,,,,,,,,,,,,,,,,,,,,,,,,,,,,,,,,,,,,
757,Q1,Q2,Q2,Q2,Q5,Q6,Q6,Q6,Q6,D1,,,,,,,,,,,,,,,,,,,,,,,,,,,,,,,,,,,,,,,,,,,,,,,,,,,
758,Q1,D2,,,,,,,,,,,,,,,,,,,,,,,,,,,,,,,,,,,,,,,,,,,,,,,,,,,,,,,,,,,
759,Q1,Q2,Q3,Q2,Q3,Q5,Q5,Q6,Q1,Q2,Q1,Q2,Q2,Q1,Q2,Q5,Q6,Q6,Q2,Q1,Q2,D1,,,,,,,,,,,,,,,,,,,,,,,,,,,,,,,,,,,,,,,
760,Q1,Q2,Q4,Q5,Q6,Q6,Q6,Q6,Q1,Q2,Q3,D1,,,,,,,,,,,,,,,,,,,,,,,,,,,,,,,,,,,,,,,,,,,,,,,,,
761,Q1,Q2,Q3,Q5,Q5,Q6,D1,,,,,,,,,,,,,,,,,,,,,,,,,,,,,,,,,,,,,,,,,,,,,,,,,,,,,,
762,Q1,Q2,Q2,Q5,Q5,Q4,Q4,Q4,Q4,D2,,,,,,,,,,,,,,,,,,,,,,,,,,,,,,,,,,,,,,,,,,,,,,,,,,,
763,Q1,Q2,Q2,Q1,Q1,Q2,Q5,Q2,Q2,Q5,Q6,D1,,,,,,,,,,,,,,,,,,,,,,,,,,,,,,,,,,,,,,,,,,,,,,,,,
764,Q1,D2,,,,,,,,,,,,,,,,,,,,,,,,,,,,,,,,,,,,,,,,,,,,,,,,,,,,,,,,,,,
765,Q1,Q2,Q5,Q6,D1,,,,,,,,,,,,,,,,,,,,,,,,,,,,,,,,,,,,,,,,,,,,,,,,,,,,,,,,
766,Q1,Q1,Q2,Q4,D2,,,,,,,,,,,,,,,,,,,,,,,,,,,,,,,,,,,,,,,,,,,,,,,,,,,,,,,,
767,Q1,Q2,Q5,Q6,Q1,Q2,Q3,D1,,,,,,,,,,,,,,,,,,,,,,,,,,,,,,,,,,,,,,,,,,,,,,,,,,,,,
768,Q1,Q2,Q2,D1,,,,,,,,,,,,,,,,,,,,,,,,,,,,,,,,,,,,,,,,,,,,,,,,,,,,,,,,,
769,Q1,Q2,Q2,D1,,,,,,,,,,,,,,,,,,,,,,,,,,,,,,,,,,,,,,,,,,,,,,,,,,,,,,,,,
770,Q1,Q1,Q2,Q3,Q2,Q3,Q5,Q2,Q5,Q6,D1,,,,,,,,,,,,,,,,,,,,,,,,,,,,,,,,,,,,,,,,,,,,,,,,,,
771,Q1,Q2,Q4,Q6,Q1,Q2,D1,,,,,,,,,,,,,,,,,,,,,,,,,,,,,,,,,,,,,,,,,,,,,,,,,,,,,,
772,Q1,D2,,,,,,,,,,,,,,,,,,,,,,,,,,,,,,,,,,,,,,,,,,,,,,,,,,,,,,,,,,,
773,Q1,Q2,Q3,Q5,Q5,Q5,Q4,Q5,Q4,Q4,Q4,Q5,Q5,Q5,Q2,Q5,Q6,Q6,Q1,Q2,Q5,Q5,Q6,Q1,Q2,Q2,Q3,Q4,Q5,Q4,Q5,Q6,Q6,Q6,Q6,D1,,,,,,,,,,,,,,,,,,,,,,,,,
774,Q1,Q2,Q5,Q5,Q1,Q2,Q3,D2,,,,,,,,,,,,,,,,,,,,,,,,,,,,,,,,,,,,,,,,,,,,,,,,,,,,,
775,Q1,Q2,Q5,D1,,,,,,,,,,,,,,,,,,,,,,,,,,,,,,,,,,,,,,,,,,,,,,,,,,,,,,,,,
776,Q1,Q2,Q1,Q2,Q5,Q5,Q6,Q4,Q4,Q5,Q3,Q2,Q3,D2,,,,,,,,,,,,,,,,,,,,,,,,,,,,,,,,,,,,,,,,,,,,,,,
777,Q1,Q2,Q5,Q6,Q6,D1,,,,,,,,,,,,,,,,,,,,,,,,,,,,,,,,,,,,,,,,,,,,,,,,,,,,,,,
778,Q1,Q2,D1,,,,,,,,,,,,,,,,,,,,,,,,,,,,,,,,,,,,,,,,,,,,,,,,,,,,,,,,,,
779,Q1,Q2,Q5,Q5,Q5,Q6,D1,,,,,,,,,,,,,,,,,,,,,,,,,,,,,,,,,,,,,,,,,,,,,,,,,,,,,,
780,Q1,Q2,Q3,Q3,Q5,Q4,D2,,,,,,,,,,,,,,,,,,,,,,,,,,,,,,,,,,,,,,,,,,,,,,,,,,,,,,
781,Q1,Q2,Q3,Q5,Q2,Q2,D1,,,,,,,,,,,,,,,,,,,,,,,,,,,,,,,,,,,,,,,,,,,,,,,,,,,,,,
782,Q1,Q2,Q5,Q1,Q2,Q4,Q6,Q4,Q4,Q5,Q1,Q2,Q3,Q3,Q1,Q2,Q2,Q2,Q2,Q3,Q3,Q3,D2,,,,,,,,,,,,,,,,,,,,,,,,,,,,,,,,,,,,,,
783,Q1,Q1,Q2,Q3,Q5,Q6,Q6,Q6,Q1,D2,,,,,,,,,,,,,,,,,,,,,,,,,,,,,,,,,,,,,,,,,,,,,,,,,,,
784,Q1,Q1,Q2,Q3,Q5,Q6,D1,,,,,,,,,,,,,,,,,,,,,,,,,,,,,,,,,,,,,,,,,,,,,,,,,,,,,,
785,Q1,Q2,Q2,Q3,Q3,Q1,Q2,Q2,D1,,,,,,,,,,,,,,,,,,,,,,,,,,,,,,,,,,,,,,,,,,,,,,,,,,,,
786,Q1,Q2,Q1,Q2,Q3,Q2,Q2,D1,,,,,,,,,,,,,,,,,,,,,,,,,,,,,,,,,,,,,,,,,,,,,,,,,,,,,
787,Q1,Q2,Q2,D1,,,,,,,,,,,,,,,,,,,,,,,,,,,,,,,,,,,,,,,,,,,,,,,,,,,,,,,,,
788,Q1,D2,,,,,,,,,,,,,,,,,,,,,,,,,,,,,,,,,,,,,,,,,,,,,,,,,,,,,,,,,,,
789,Q1,D2,,,,,,,,,,,,,,,,,,,,,,,,,,,,,,,,,,,,,,,,,,,,,,,,,,,,,,,,,,,
790,Q1,Q1,Q1,Q2,Q5,Q5,Q4,Q3,Q5,Q5,Q6,Q6,Q6,Q6,Q4,Q5,Q5,D1,,,,,,,,,,,,,,,,,,,,,,,,,,,,,,,,,,,,,,,,,,,
791,Q1,D2,,,,,,,,,,,,,,,,,,,,,,,,,,,,,,,,,,,,,,,,,,,,,,,,,,,,,,,,,,,
792,Q1,Q2,Q4,D1,,,,,,,,,,,,,,,,,,,,,,,,,,,,,,,,,,,,,,,,,,,,,,,,,,,,,,,,,
793,Q1,Q1,Q2,D1,,,,,,,,,,,,,,,,,,,,,,,,,,,,,,,,,,,,,,,,,,,,,,,,,,,,,,,,,
794,Q1,Q2,Q3,Q5,Q5,Q4,Q5,Q5,Q6,Q1,Q2,Q2,Q1,Q2,Q3,Q4,Q4,Q5,Q6,Q1,Q2,Q2,Q1,Q2,Q3,Q4,Q5,Q5,Q6,Q1,Q2,D1,,,,,,,,,,,,,,,,,,,,,,,,,,,,,
795,Q1,Q2,Q2,Q1,Q1,Q2,Q2,Q2,Q1,Q2,Q2,Q3,Q4,Q5,Q2,Q2,Q3,Q3,Q5,Q1,Q2,Q1,Q2,Q2,Q3,Q2,Q5,Q2,Q5,Q5,Q3,Q1,Q2,Q5,Q5,Q5,Q6,Q1,Q2,Q1,Q2,Q3,Q3,Q5,Q5,Q6,Q6,Q6,Q6,Q1,Q1,Q1,Q2,Q5,Q5,Q6,Q1,Q2,Q5,Q6,D1
796,Q1,Q1,Q2,D1,,,,,,,,,,,,,,,,,,,,,,,,,,,,,,,,,,,,,,,,,,,,,,,,,,,,,,,,,
797,Q1,Q2,D1,,,,,,,,,,,,,,,,,,,,,,,,,,,,,,,,,,,,,,,,,,,,,,,,,,,,,,,,,,
798,Q1,Q2,Q3,Q5,Q5,Q6,Q1,Q2,Q5,Q3,Q4,Q5,Q6,Q6,Q6,D1,,,,,,,,,,,,,,,,,,,,,,,,,,,,,,,,,,,,,,,,,,,,,
799,Q1,Q2,D1,,,,,,,,,,,,,,,,,,,,,,,,,,,,,,,,,,,,,,,,,,,,,,,,,,,,,,,,,,
800,Q1,Q2,Q3,Q5,Q6,D1,,,,,,,,,,,,,,,,,,,,,,,,,,,,,,,,,,,,,,,,,,,,,,,,,,,,,,,
801,Q1,Q1,Q1,Q2,Q1,Q1,Q2,Q5,Q5,Q5,Q6,D1,,,,,,,,,,,,,,,,,,,,,,,,,,,,,,,,,,,,,,,,,,,,,,,,,
802,Q1,Q2,Q3,Q5,Q3,Q3,Q4,Q4,Q5,D1,,,,,,,,,,,,,,,,,,,,,,,,,,,,,,,,,,,,,,,,,,,,,,,,,,,
803,Q1,Q2,Q1,Q2,Q3,Q4,Q6,Q1,Q2,Q4,Q5,Q5,Q6,Q1,Q2,Q4,Q6,Q1,Q2,Q2,D1,,,,,,,,,,,,,,,,,,,,,,,,,,,,,,,,,,,,,,,,
804,Q1,Q1,Q2,Q1,Q2,Q2,Q3,Q4,Q5,Q4,Q4,Q5,Q4,Q4,Q5,Q5,Q6,Q6,Q6,D1,,,,,,,,,,,,,,,,,,,,,,,,,,,,,,,,,,,,,,,,,
805,Q1,Q1,Q1,Q2,Q1,Q1,Q2,Q5,Q5,Q1,Q2,Q2,Q2,Q4,Q5,Q1,Q2,Q2,Q5,Q2,Q3,Q1,Q2,Q2,Q5,Q6,D1,,,,,,,,,,,,,,,,,,,,,,,,,,,,,,,,,,
806,Q1,Q2,Q2,Q5,Q5,Q2,Q3,Q3,Q3,Q4,Q5,Q6,D1,,,,,,,,,,,,,,,,,,,,,,,,,,,,,,,,,,,,,,,,,,,,,,,,
807,Q1,Q2,Q2,Q5,Q5,Q5,Q3,D1,,,,,,,,,,,,,,,,,,,,,,,,,,,,,,,,,,,,,,,,,,,,,,,,,,,,,
808,Q1,Q2,Q2,D1,,,,,,,,,,,,,,,,,,,,,,,,,,,,,,,,,,,,,,,,,,,,,,,,,,,,,,,,,
809,Q1,Q2,Q5,Q6,Q1,Q2,D1,,,,,,,,,,,,,,,,,,,,,,,,,,,,,,,,,,,,,,,,,,,,,,,,,,,,,,
810,Q1,Q1,Q2,Q2,Q3,Q3,Q3,Q3,Q4,Q4,Q4,Q4,Q4,Q6,D1,,,,,,,,,,,,,,,,,,,,,,,,,,,,,,,,,,,,,,,,,,,,,,
811,Q1,Q2,Q5,Q3,Q5,D1,,,,,,,,,,,,,,,,,,,,,,,,,,,,,,,,,,,,,,,,,,,,,,,,,,,,,,,
812,Q1,D2,,,,,,,,,,,,,,,,,,,,,,,,,,,,,,,,,,,,,,,,,,,,,,,,,,,,,,,,,,,
813,Q1,Q1,Q2,Q2,Q1,D2,,,,,,,,,,,,,,,,,,,,,,,,,,,,,,,,,,,,,,,,,,,,,,,,,,,,,,,
814,Q1,Q1,Q2,D1,,,,,,,,,,,,,,,,,,,,,,,,,,,,,,,,,,,,,,,,,,,,,,,,,,,,,,,,,
815,Q1,D2,,,,,,,,,,,,,,,,,,,,,,,,,,,,,,,,,,,,,,,,,,,,,,,,,,,,,,,,,,,
816,Q1,Q2,Q2,Q3,Q3,Q2,Q4,Q4,Q4,D2,,,,,,,,,,,,,,,,,,,,,,,,,,,,,,,,,,,,,,,,,,,,,,,,,,,
817,Q1,Q1,Q2,Q2,Q3,Q3,Q4,Q5,Q6,Q1,Q2,Q3,Q5,Q6,D1,,,,,,,,,,,,,,,,,,,,,,,,,,,,,,,,,,,,,,,,,,,,,,
818,Q1,Q2,Q1,Q2,D1,,,,,,,,,,,,,,,,,,,,,,,,,,,,,,,,,,,,,,,,,,,,,,,,,,,,,,,,
819,Q1,Q2,Q2,Q3,Q5,Q6,Q1,Q2,Q3,D1,,,,,,,,,,,,,,,,,,,,,,,,,,,,,,,,,,,,,,,,,,,,,,,,,,,
820,Q1,Q1,Q2,D1,,,,,,,,,,,,,,,,,,,,,,,,,,,,,,,,,,,,,,,,,,,,,,,,,,,,,,,,,
821,Q1,Q2,Q2,Q2,Q1,Q2,Q3,Q5,Q4,Q6,Q4,Q6,Q4,D2,,,,,,,,,,,,,,,,,,,,,,,,,,,,,,,,,,,,,,,,,,,,,,,
822,Q1,Q2,Q1,Q2,Q2,Q2,Q3,Q4,Q5,Q1,Q2,Q1,Q1,Q2,Q1,Q2,Q2,Q2,Q1,Q2,Q5,Q2,D1,,,,,,,,,,,,,,,,,,,,,,,,,,,,,,,,,,,,,,
823,Q1,Q2,Q2,Q5,Q6,Q2,Q2,Q5,Q1,Q2,Q3,Q2,Q5,Q3,Q2,D1,,,,,,,,,,,,,,,,,,,,,,,,,,,,,,,,,,,,,,,,,,,,,
824,Q1,Q1,Q2,Q3,Q4,Q5,Q6,D1,,,,,,,,,,,,,,,,,,,,,,,,,,,,,,,,,,,,,,,,,,,,,,,,,,,,,
825,Q1,Q2,Q5,Q6,D1,,,,,,,,,,,,,,,,,,,,,,,,,,,,,,,,,,,,,,,,,,,,,,,,,,,,,,,,
826,Q1,Q2,Q1,Q2,Q2,Q1,Q2,Q2,Q2,Q2,Q3,Q3,Q4,Q4,D2,,,,,,,,,,,,,,,,,,,,,,,,,,,,,,,,,,,,,,,,,,,,,,
827,Q1,Q2,Q1,Q2,Q1,Q2,Q2,D1,,,,,,,,,,,,,,,,,,,,,,,,,,,,,,,,,,,,,,,,,,,,,,,,,,,,,
828,Q1,Q1,Q2,Q2,Q2,D1,,,,,,,,,,,,,,,,,,,,,,,,,,,,,,,,,,,,,,,,,,,,,,,,,,,,,,,
829,Q1,Q2,D1,,,,,,,,,,,,,,,,,,,,,,,,,,,,,,,,,,,,,,,,,,,,,,,,,,,,,,,,,,
830,Q1,Q2,Q5,Q4,Q6,Q6,Q1,D2,,,,,,,,,,,,,,,,,,,,,,,,,,,,,,,,,,,,,,,,,,,,,,,,,,,,,
831,Q1,Q2,Q5,Q1,Q2,Q3,Q3,Q2,Q2,D1,,,,,,,,,,,,,,,,,,,,,,,,,,,,,,,,,,,,,,,,,,,,,,,,,,,
832,Q1,Q2,Q1,Q1,Q2,Q1,Q1,Q1,Q2,D1,,,,,,,,,,,,,,,,,,,,,,,,,,,,,,,,,,,,,,,,,,,,,,,,,,,
833,Q1,D2,,,,,,,,,,,,,,,,,,,,,,,,,,,,,,,,,,,,,,,,,,,,,,,,,,,,,,,,,,,
834,Q1,Q1,Q2,Q5,Q1,Q2,D1,,,,,,,,,,,,,,,,,,,,,,,,,,,,,,,,,,,,,,,,,,,,,,,,,,,,,,
835,Q1,Q2,D1,,,,,,,,,,,,,,,,,,,,,,,,,,,,,,,,,,,,,,,,,,,,,,,,,,,,,,,,,,
836,Q1,Q2,Q2,Q2,Q5,Q5,Q5,Q6,Q6,D1,,,,,,,,,,,,,,,,,,,,,,,,,,,,,,,,,,,,,,,,,,,,,,,,,,,
837,Q1,Q2,Q2,Q1,Q2,Q5,Q1,Q1,Q2,Q2,Q2,Q3,Q3,Q3,Q4,Q6,Q6,D1,,,,,,,,,,,,,,,,,,,,,,,,,,,,,,,,,,,,,,,,,,,
838,Q1,D2,,,,,,,,,,,,,,,,,,,,,,,,,,,,,,,,,,,,,,,,,,,,,,,,,,,,,,,,,,,
839,Q1,Q2,Q2,D1,,,,,,,,,,,,,,,,,,,,,,,,,,,,,,,,,,,,,,,,,,,,,,,,,,,,,,,,,
840,Q1,Q2,Q5,Q6,D1,,,,,,,,,,,,,,,,,,,,,,,,,,,,,,,,,,,,,,,,,,,,,,,,,,,,,,,,
841,Q1,Q2,Q1,Q2,Q5,Q4,Q4,Q4,Q5,D1,,,,,,,,,,,,,,,,,,,,,,,,,,,,,,,,,,,,,,,,,,,,,,,,,,,
842,Q1,Q1,Q2,Q3,Q4,D1,,,,,,,,,,,,,,,,,,,,,,,,,,,,,,,,,,,,,,,,,,,,,,,,,,,,,,,
843,Q1,D2,,,,,,,,,,,,,,,,,,,,,,,,,,,,,,,,,,,,,,,,,,,,,,,,,,,,,,,,,,,
844,Q1,Q2,Q4,Q4,D2,,,,,,,,,,,,,,,,,,,,,,,,,,,,,,,,,,,,,,,,,,,,,,,,,,,,,,,,
845,Q1,Q2,D1,,,,,,,,,,,,,,,,,,,,,,,,,,,,,,,,,,,,,,,,,,,,,,,,,,,,,,,,,,
846,Q1,Q2,Q5,D1,,,,,,,,,,,,,,,,,,,,,,,,,,,,,,,,,,,,,,,,,,,,,,,,,,,,,,,,,
847,Q1,Q1,Q2,Q1,Q2,Q2,Q3,Q4,Q5,Q5,Q5,Q5,Q5,Q6,Q6,D1,,,,,,,,,,,,,,,,,,,,,,,,,,,,,,,,,,,,,,,,,,,,,
848,Q1,Q2,D1,,,,,,,,,,,,,,,,,,,,,,,,,,,,,,,,,,,,,,,,,,,,,,,,,,,,,,,,,,
849,Q1,Q2,D1,,,,,,,,,,,,,,,,,,,,,,,,,,,,,,,,,,,,,,,,,,,,,,,,,,,,,,,,,,
850,Q1,Q2,Q2,Q2,D1,,,,,,,,,,,,,,,,,,,,,,,,,,,,,,,,,,,,,,,,,,,,,,,,,,,,,,,,
851,Q1,Q2,D1,,,,,,,,,,,,,,,,,,,,,,,,,,,,,,,,,,,,,,,,,,,,,,,,,,,,,,,,,,
852,Q1,Q2,Q5,Q4,D2,,,,,,,,,,,,,,,,,,,,,,,,,,,,,,,,,,,,,,,,,,,,,,,,,,,,,,,,
853,Q1,Q2,Q3,Q5,Q1,Q2,Q3,Q2,Q5,Q5,Q1,Q2,D1,,,,,,,,,,,,,,,,,,,,,,,,,,,,,,,,,,,,,,,,,,,,,,,,
854,Q1,Q2,Q3,Q2,Q1,Q2,Q4,Q5,D1,,,,,,,,,,,,,,,,,,,,,,,,,,,,,,,,,,,,,,,,,,,,,,,,,,,,
855,Q1,Q2,Q2,Q3,Q5,Q5,D1,,,,,,,,,,,,,,,,,,,,,,,,,,,,,,,,,,,,,,,,,,,,,,,,,,,,,,
856,Q1,Q2,Q3,Q3,Q5,Q5,Q4,Q5,Q6,Q6,Q6,Q1,Q2,Q2,Q2,Q5,Q6,Q1,Q2,Q5,Q5,Q3,Q3,Q4,Q5,Q3,Q4,Q4,Q6,D1,,,,,,,,,,,,,,,,,,,,,,,,,,,,,,,
857,Q1,Q2,Q1,Q1,Q2,Q2,Q3,Q5,Q5,Q5,Q3,Q4,Q4,Q6,Q1,Q2,Q2,Q2,Q2,Q5,Q5,Q5,Q6,Q6,Q1,Q2,D1,,,,,,,,,,,,,,,,,,,,,,,,,,,,,,,,,,
858,Q1,Q2,Q1,Q2,Q3,Q2,Q3,Q5,Q6,Q6,D1,,,,,,,,,,,,,,,,,,,,,,,,,,,,,,,,,,,,,,,,,,,,,,,,,,
859,Q1,Q2,Q5,Q6,D1,,,,,,,,,,,,,,,,,,,,,,,,,,,,,,,,,,,,,,,,,,,,,,,,,,,,,,,,
860,Q1,Q2,D1,,,,,,,,,,,,,,,,,,,,,,,,,,,,,,,,,,,,,,,,,,,,,,,,,,,,,,,,,,
861,Q1,Q2,Q2,Q3,Q5,Q5,Q6,Q1,Q2,Q2,Q3,D2,,,,,,,,,,,,,,,,,,,,,,,,,,,,,,,,,,,,,,,,,,,,,,,,,
862,Q1,Q2,Q3,D2,,,,,,,,,,,,,,,,,,,,,,,,,,,,,,,,,,,,,,,,,,,,,,,,,,,,,,,,,
863,Q1,Q2,Q1,Q2,D1,,,,,,,,,,,,,,,,,,,,,,,,,,,,,,,,,,,,,,,,,,,,,,,,,,,,,,,,
864,Q1,Q1,Q2,D1,,,,,,,,,,,,,,,,,,,,,,,,,,,,,,,,,,,,,,,,,,,,,,,,,,,,,,,,,
865,Q1,Q2,Q2,Q1,Q1,Q2,Q2,Q1,Q2,Q2,D1,,,,,,,,,,,,,,,,,,,,,,,,,,,,,,,,,,,,,,,,,,,,,,,,,,
866,Q1,Q2,Q3,Q5,Q6,Q6,Q6,Q1,Q1,Q1,Q2,Q5,Q5,Q6,D1,,,,,,,,,,,,,,,,,,,,,,,,,,,,,,,,,,,,,,,,,,,,,,
867,Q1,Q2,D1,,,,,,,,,,,,,,,,,,,,,,,,,,,,,,,,,,,,,,,,,,,,,,,,,,,,,,,,,,
868,Q1,Q2,Q3,Q2,Q5,D1,,,,,,,,,,,,,,,,,,,,,,,,,,,,,,,,,,,,,,,,,,,,,,,,,,,,,,,
869,Q1,Q2,Q2,Q3,D1,,,,,,,,,,,,,,,,,,,,,,,,,,,,,,,,,,,,,,,,,,,,,,,,,,,,,,,,
870,Q1,Q2,Q5,Q1,Q2,Q2,D1,,,,,,,,,,,,,,,,,,,,,,,,,,,,,,,,,,,,,,,,,,,,,,,,,,,,,,
871,Q1,Q2,Q2,Q5,Q5,Q6,D1,,,,,,,,,,,,,,,,,,,,,,,,,,,,,,,,,,,,,,,,,,,,,,,,,,,,,,
872,Q1,Q1,Q2,Q2,Q2,Q2,Q5,Q6,D1,,,,,,,,,,,,,,,,,,,,,,,,,,,,,,,,,,,,,,,,,,,,,,,,,,,,
873,Q1,Q2,Q3,Q1,Q2,Q2,Q5,Q5,Q2,Q3,Q2,Q2,Q2,D1,,,,,,,,,,,,,,,,,,,,,,,,,,,,,,,,,,,,,,,,,,,,,,,
874,Q1,Q1,D2,,,,,,,,,,,,,,,,,,,,,,,,,,,,,,,,,,,,,,,,,,,,,,,,,,,,,,,,,,
875,Q1,Q2,D1,,,,,,,,,,,,,,,,,,,,,,,,,,,,,,,,,,,,,,,,,,,,,,,,,,,,,,,,,,
876,Q1,Q2,Q3,Q5,D1,,,,,,,,,,,,,,,,,,,,,,,,,,,,,,,,,,,,,,,,,,,,,,,,,,,,,,,,
877,Q1,Q2,Q1,Q2,D1,,,,,,,,,,,,,,,,,,,,,,,,,,,,,,,,,,,,,,,,,,,,,,,,,,,,,,,,
878,Q1,Q2,Q1,Q2,Q1,Q2,Q2,Q3,Q3,Q4,Q6,Q1,Q2,Q1,D2,,,,,,,,,,,,,,,,,,,,,,,,,,,,,,,,,,,,,,,,,,,,,,
879,Q1,Q1,Q2,Q1,Q2,Q4,Q4,Q4,Q6,Q1,Q1,Q2,Q1,Q2,Q2,Q3,D1,,,,,,,,,,,,,,,,,,,,,,,,,,,,,,,,,,,,,,,,,,,,
880,Q1,Q2,Q2,Q2,Q2,Q2,D1,,,,,,,,,,,,,,,,,,,,,,,,,,,,,,,,,,,,,,,,,,,,,,,,,,,,,,
881,Q1,Q2,D1,,,,,,,,,,,,,,,,,,,,,,,,,,,,,,,,,,,,,,,,,,,,,,,,,,,,,,,,,,
882,Q1,Q2,Q2,D1,,,,,,,,,,,,,,,,,,,,,,,,,,,,,,,,,,,,,,,,,,,,,,,,,,,,,,,,,
883,Q1,Q2,D1,,,,,,,,,,,,,,,,,,,,,,,,,,,,,,,,,,,,,,,,,,,,,,,,,,,,,,,,,,
884,Q1,Q2,D1,,,,,,,,,,,,,,,,,,,,,,,,,,,,,,,,,,,,,,,,,,,,,,,,,,,,,,,,,,
885,Q1,Q2,Q5,Q6,Q6,Q6,Q1,Q2,Q2,D2,,,,,,,,,,,,,,,,,,,,,,,,,,,,,,,,,,,,,,,,,,,,,,,,,,,
886,Q1,Q2,Q1,Q2,Q1,Q2,Q2,Q5,Q5,Q6,D1,,,,,,,,,,,,,,,,,,,,,,,,,,,,,,,,,,,,,,,,,,,,,,,,,,
887,Q1,Q2,Q2,Q2,Q5,Q3,Q1,Q1,Q2,Q2,Q1,Q1,Q2,Q3,Q4,Q4,Q4,Q4,D2,,,,,,,,,,,,,,,,,,,,,,,,,,,,,,,,,,,,,,,,,,
888,Q1,Q2,Q2,Q3,Q5,Q5,Q5,Q6,D1,,,,,,,,,,,,,,,,,,,,,,,,,,,,,,,,,,,,,,,,,,,,,,,,,,,,
889,Q1,Q2,D1,,,,,,,,,,,,,,,,,,,,,,,,,,,,,,,,,,,,,,,,,,,,,,,,,,,,,,,,,,
890,Q1,Q1,Q2,Q1,Q2,Q5,D1,,,,,,,,,,,,,,,,,,,,,,,,,,,,,,,,,,,,,,,,,,,,,,,,,,,,,,
891,Q1,Q2,D1,,,,,,,,,,,,,,,,,,,,,,,,,,,,,,,,,,,,,,,,,,,,,,,,,,,,,,,,,,
892,Q1,Q2,Q1,Q1,Q1,Q2,Q2,Q2,Q2,Q2,Q2,Q1,Q2,Q5,D1,,,,,,,,,,,,,,,,,,,,,,,,,,,,,,,,,,,,,,,,,,,,,,
893,Q1,Q1,Q2,Q2,D1,,,,,,,,,,,,,,,,,,,,,,,,,,,,,,,,,,,,,,,,,,,,,,,,,,,,,,,,
894,Q1,Q2,Q2,Q3,Q2,D2,,,,,,,,,,,,,,,,,,,,,,,,,,,,,,,,,,,,,,,,,,,,,,,,,,,,,,,
895,Q1,Q2,Q3,Q3,Q2,Q3,Q5,Q6,Q4,Q5,Q6,D1,,,,,,,,,,,,,,,,,,,,,,,,,,,,,,,,,,,,,,,,,,,,,,,,,
896,Q1,Q2,Q1,Q2,Q1,Q2,Q1,Q2,Q3,Q4,Q4,Q5,Q6,Q1,Q2,Q2,Q1,Q2,Q1,Q2,Q2,Q3,Q3,Q5,Q2,D1,,,,,,,,,,,,,,,,,,,,,,,,,,,,,,,,,,,
897,Q1,Q2,Q3,Q3,Q5,Q6,Q1,Q1,D2,,,,,,,,,,,,,,,,,,,,,,,,,,,,,,,,,,,,,,,,,,,,,,,,,,,,
898,Q1,Q1,Q2,Q3,Q5,Q2,Q5,Q6,Q6,Q1,Q1,Q1,Q2,D1,,,,,,,,,,,,,,,,,,,,,,,,,,,,,,,,,,,,,,,,,,,,,,,
899,Q1,Q2,Q3,Q3,Q2,Q5,Q5,Q5,Q5,Q6,Q1,Q2,Q2,Q1,Q2,Q5,Q6,Q1,Q2,Q1,Q1,Q1,Q2,Q5,Q6,Q4,Q5,Q6,Q1,Q2,D1,,,,,,,,,,,,,,,,,,,,,,,,,,,,,,
900,Q1,Q2,Q2,Q2,Q3,Q5,Q2,Q1,Q2,Q5,Q3,D1,,,,,,,,,,,,,,,,,,,,,,,,,,,,,,,,,,,,,,,,,,,,,,,,,
901,Q1,Q2,Q2,Q4,D2,,,,,,,,,,,,,,,,,,,,,,,,,,,,,,,,,,,,,,,,,,,,,,,,,,,,,,,,
902,Q1,Q2,Q5,Q5,Q5,Q6,Q1,D2,,,,,,,,,,,,,,,,,,,,,,,,,,,,,,,,,,,,,,,,,,,,,,,,,,,,,
903,Q1,Q2,Q5,Q6,Q6,Q1,Q2,Q3,Q1,Q1,Q2,D2,,,,,,,,,,,,,,,,,,,,,,,,,,,,,,,,,,,,,,,,,,,,,,,,,
904,Q1,Q1,Q2,Q2,D1,,,,,,,,,,,,,,,,,,,,,,,,,,,,,,,,,,,,,,,,,,,,,,,,,,,,,,,,
905,Q1,Q2,Q5,Q3,D1,,,,,,,,,,,,,,,,,,,,,,,,,,,,,,,,,,,,,,,,,,,,,,,,,,,,,,,,
906,Q1,Q2,Q2,Q3,D2,,,,,,,,,,,,,,,,,,,,,,,,,,,,,,,,,,,,,,,,,,,,,,,,,,,,,,,,
907,Q1,Q2,D1,,,,,,,,,,,,,,,,,,,,,,,,,,,,,,,,,,,,,,,,,,,,,,,,,,,,,,,,,,
908,Q1,Q2,Q1,Q2,Q5,Q5,Q6,Q4,Q6,D1,,,,,,,,,,,,,,,,,,,,,,,,,,,,,,,,,,,,,,,,,,,,,,,,,,,
909,Q1,Q2,Q1,Q2,Q5,Q4,D2,,,,,,,,,,,,,,,,,,,,,,,,,,,,,,,,,,,,,,,,,,,,,,,,,,,,,,
910,Q1,Q2,Q5,Q6,D1,,,,,,,,,,,,,,,,,,,,,,,,,,,,,,,,,,,,,,,,,,,,,,,,,,,,,,,,
911,Q1,Q2,D1,,,,,,,,,,,,,,,,,,,,,,,,,,,,,,,,,,,,,,,,,,,,,,,,,,,,,,,,,,
912,Q1,Q2,D1,,,,,,,,,,,,,,,,,,,,,,,,,,,,,,,,,,,,,,,,,,,,,,,,,,,,,,,,,,
913,Q1,Q1,Q2,Q2,Q2,D1,,,,,,,,,,,,,,,,,,,,,,,,,,,,,,,,,,,,,,,,,,,,,,,,,,,,,,,
914,Q1,Q1,Q2,Q5,Q5,Q5,Q5,Q5,Q6,Q1,Q2,Q2,Q5,Q6,D1,,,,,,,,,,,,,,,,,,,,,,,,,,,,,,,,,,,,,,,,,,,,,,
915,Q1,Q2,Q5,Q5,Q6,Q6,Q6,Q1,Q2,Q3,Q5,Q5,Q6,D1,,,,,,,,,,,,,,,,,,,,,,,,,,,,,,,,,,,,,,,,,,,,,,,
916,Q1,Q2,Q2,Q3,Q3,Q5,Q3,Q4,Q5,Q5,Q6,Q1,Q2,Q2,Q5,Q6,D1,,,,,,,,,,,,,,,,,,,,,,,,,,,,,,,,,,,,,,,,,,,,
917,Q1,Q2,Q1,Q2,Q2,Q2,D1,,,,,,,,,,,,,,,,,,,,,,,,,,,,,,,,,,,,,,,,,,,,,,,,,,,,,,
918,Q1,Q2,Q3,Q3,Q5,Q1,Q2,Q5,Q5,Q6,D1,,,,,,,,,,,,,,,,,,,,,,,,,,,,,,,,,,,,,,,,,,,,,,,,,,
919,Q1,Q1,Q2,Q2,Q1,Q2,Q2,Q1,Q2,Q2,Q2,D1,,,,,,,,,,,,,,,,,,,,,,,,,,,,,,,,,,,,,,,,,,,,,,,,,
920,Q1,Q2,Q2,Q3,Q5,Q6,D1,,,,,,,,,,,,,,,,,,,,,,,,,,,,,,,,,,,,,,,,,,,,,,,,,,,,,,
921,Q1,Q2,D1,,,,,,,,,,,,,,,,,,,,,,,,,,,,,,,,,,,,,,,,,,,,,,,,,,,,,,,,,,
922,Q1,Q2,Q2,Q2,Q2,Q3,Q5,Q2,D2,,,,,,,,,,,,,,,,,,,,,,,,,,,,,,,,,,,,,,,,,,,,,,,,,,,,
923,Q1,Q1,Q2,Q1,D2,,,,,,,,,,,,,,,,,,,,,,,,,,,,,,,,,,,,,,,,,,,,,,,,,,,,,,,,
924,Q1,Q2,Q2,Q3,Q5,Q6,Q1,Q2,Q3,Q3,Q4,D2,,,,,,,,,,,,,,,,,,,,,,,,,,,,,,,,,,,,,,,,,,,,,,,,,
925,Q1,Q2,Q3,Q3,Q3,Q5,Q5,Q6,Q6,Q2,Q5,Q5,Q5,Q3,Q3,Q2,D1,,,,,,,,,,,,,,,,,,,,,,,,,,,,,,,,,,,,,,,,,,,,
926,Q1,Q2,Q2,Q3,Q3,Q4,D2,,,,,,,,,,,,,,,,,,,,,,,,,,,,,,,,,,,,,,,,,,,,,,,,,,,,,,
927,Q1,Q2,Q3,Q2,Q2,Q1,Q2,Q2,Q5,Q6,Q6,Q6,Q1,Q2,Q2,Q2,Q1,Q2,Q3,Q3,Q5,Q4,D2,,,,,,,,,,,,,,,,,,,,,,,,,,,,,,,,,,,,,,
928,Q1,Q1,Q2,Q5,Q3,Q5,Q6,Q2,Q2,Q2,Q2,Q3,Q4,Q4,D1,,,,,,,,,,,,,,,,,,,,,,,,,,,,,,,,,,,,,,,,,,,,,,
929,Q1,Q2,Q2,Q5,Q1,Q1,Q2,Q5,Q5,Q5,Q6,Q6,D1,,,,,,,,,,,,,,,,,,,,,,,,,,,,,,,,,,,,,,,,,,,,,,,,
930,Q1,Q1,Q2,Q2,Q2,Q5,D1,,,,,,,,,,,,,,,,,,,,,,,,,,,,,,,,,,,,,,,,,,,,,,,,,,,,,,
931,Q1,Q2,Q1,Q2,Q2,Q2,Q2,Q1,Q1,Q1,Q1,Q2,Q4,Q5,Q1,Q2,D1,,,,,,,,,,,,,,,,,,,,,,,,,,,,,,,,,,,,,,,,,,,,
932,Q1,Q2,Q2,Q2,Q3,Q5,Q6,Q2,D1,,,,,,,,,,,,,,,,,,,,,,,,,,,,,,,,,,,,,,,,,,,,,,,,,,,,
933,Q1,Q2,Q5,Q5,Q4,Q6,Q1,Q2,Q1,Q1,Q2,Q5,Q3,Q3,Q3,Q1,Q2,Q1,Q2,Q2,D1,,,,,,,,,,,,,,,,,,,,,,,,,,,,,,,,,,,,,,,,
934,Q1,Q2,Q2,Q3,Q5,Q5,Q5,Q5,Q3,Q5,Q6,Q1,D2,,,,,,,,,,,,,,,,,,,,,,,,,,,,,,,,,,,,,,,,,,,,,,,,
935,Q1,D2,,,,,,,,,,,,,,,,,,,,,,,,,,,,,,,,,,,,,,,,,,,,,,,,,,,,,,,,,,,
936,Q1,Q1,Q2,D1,,,,,,,,,,,,,,,,,,,,,,,,,,,,,,,,,,,,,,,,,,,,,,,,,,,,,,,,,
937,Q1,Q2,Q5,Q4,Q4,Q6,Q2,Q2,Q2,Q1,Q2,Q3,Q3,D1,,,,,,,,,,,,,,,,,,,,,,,,,,,,,,,,,,,,,,,,,,,,,,,
938,Q1,Q1,Q2,Q2,D1,,,,,,,,,,,,,,,,,,,,,,,,,,,,,,,,,,,,,,,,,,,,,,,,,,,,,,,,
939,Q1,Q2,Q1,D2,,,,,,,,,,,,,,,,,,,,,,,,,,,,,,,,,,,,,,,,,,,,,,,,,,,,,,,,,
940,Q1,Q2,Q1,Q1,Q2,Q4,Q5,Q5,Q3,D1,,,,,,,,,,,,,,,,,,,,,,,,,,,,,,,,,,,,,,,,,,,,,,,,,,,
941,Q1,Q2,Q2,Q3,Q4,Q4,Q4,Q5,Q5,Q6,Q1,Q2,Q3,Q5,Q5,Q6,Q1,Q2,Q4,Q4,D2,,,,,,,,,,,,,,,,,,,,,,,,,,,,,,,,,,,,,,,,
942,Q1,Q2,Q1,Q2,Q5,D1,,,,,,,,,,,,,,,,,,,,,,,,,,,,,,,,,,,,,,,,,,,,,,,,,,,,,,,
943,Q1,D2,,,,,,,,,,,,,,,,,,,,,,,,,,,,,,,,,,,,,,,,,,,,,,,,,,,,,,,,,,,
944,Q1,Q2,Q3,Q3,Q3,Q4,Q5,Q1,Q2,D1,,,,,,,,,,,,,,,,,,,,,,,,,,,,,,,,,,,,,,,,,,,,,,,,,,,
945,Q1,Q2,Q1,Q1,Q2,Q1,Q2,D2,,,,,,,,,,,,,,,,,,,,,,,,,,,,,,,,,,,,,,,,,,,,,,,,,,,,,
946,Q1,Q2,Q5,D1,,,,,,,,,,,,,,,,,,,,,,,,,,,,,,,,,,,,,,,,,,,,,,,,,,,,,,,,,
947,Q1,Q2,Q2,Q5,Q6,Q6,Q4,Q5,Q6,D1,,,,,,,,,,,,,,,,,,,,,,,,,,,,,,,,,,,,,,,,,,,,,,,,,,,
948,Q1,Q1,D2,,,,,,,,,,,,,,,,,,,,,,,,,,,,,,,,,,,,,,,,,,,,,,,,,,,,,,,,,,
949,Q1,Q1,Q2,Q2,Q1,Q2,Q2,Q2,D1,,,,,,,,,,,,,,,,,,,,,,,,,,,,,,,,,,,,,,,,,,,,,,,,,,,,
950,Q1,Q2,Q5,Q5,Q6,Q1,Q2,Q5,Q5,Q6,Q6,Q2,Q5,Q5,Q5,Q5,Q6,D1,,,,,,,,,,,,,,,,,,,,,,,,,,,,,,,,,,,,,,,,,,,
951,Q1,Q2,D1,,,,,,,,,,,,,,,,,,,,,,,,,,,,,,,,,,,,,,,,,,,,,,,,,,,,,,,,,,
952,Q1,Q2,Q2,Q5,Q6,D1,,,,,,,,,,,,,,,,,,,,,,,,,,,,,,,,,,,,,,,,,,,,,,,,,,,,,,,
953,Q1,Q2,D1,,,,,,,,,,,,,,,,,,,,,,,,,,,,,,,,,,,,,,,,,,,,,,,,,,,,,,,,,,
954,Q1,Q2,D1,,,,,,,,,,,,,,,,,,,,,,,,,,,,,,,,,,,,,,,,,,,,,,,,,,,,,,,,,,
955,Q1,Q2,D1,,,,,,,,,,,,,,,,,,,,,,,,,,,,,,,,,,,,,,,,,,,,,,,,,,,,,,,,,,
956,Q1,Q2,Q5,Q6,Q6,Q1,Q2,Q3,Q2,Q5,Q4,Q4,Q5,Q5,Q1,Q2,Q2,Q1,Q1,Q2,Q5,Q2,Q5,Q6,Q6,Q6,D1,,,,,,,,,,,,,,,,,,,,,,,,,,,,,,,,,,
957,Q1,Q2,Q2,Q3,Q5,Q4,Q4,Q5,Q5,D1,,,,,,,,,,,,,,,,,,,,,,,,,,,,,,,,,,,,,,,,,,,,,,,,,,,
958,Q1,Q2,Q5,Q1,Q2,D2,,,,,,,,,,,,,,,,,,,,,,,,,,,,,,,,,,,,,,,,,,,,,,,,,,,,,,,
959,Q1,Q2,Q5,Q2,Q5,Q5,Q1,Q2,Q4,Q5,Q5,Q6,Q1,Q2,Q2,Q5,Q5,Q6,Q6,Q6,D1,,,,,,,,,,,,,,,,,,,,,,,,,,,,,,,,,,,,,,,,
960,Q1,Q2,Q2,D1,,,,,,,,,,,,,,,,,,,,,,,,,,,,,,,,,,,,,,,,,,,,,,,,,,,,,,,,,
961,Q1,Q2,Q3,Q3,Q3,Q3,Q5,D1,,,,,,,,,,,,,,,,,,,,,,,,,,,,,,,,,,,,,,,,,,,,,,,,,,,,,
962,Q1,Q2,Q2,Q3,Q4,Q4,Q6,D1,,,,,,,,,,,,,,,,,,,,,,,,,,,,,,,,,,,,,,,,,,,,,,,,,,,,,
963,Q1,Q1,Q2,Q2,Q2,D2,,,,,,,,,,,,,,,,,,,,,,,,,,,,,,,,,,,,,,,,,,,,,,,,,,,,,,,
964,Q1,Q2,Q3,Q5,Q6,Q4,Q6,Q1,D2,,,,,,,,,,,,,,,,,,,,,,,,,,,,,,,,,,,,,,,,,,,,,,,,,,,,
965,Q1,Q2,Q2,D2,,,,,,,,,,,,,,,,,,,,,,,,,,,,,,,,,,,,,,,,,,,,,,,,,,,,,,,,,
966,Q1,Q2,Q3,Q5,Q6,Q1,Q2,Q1,Q1,Q1,D2,,,,,,,,,,,,,,,,,,,,,,,,,,,,,,,,,,,,,,,,,,,,,,,,,,
967,Q1,Q1,Q2,Q2,Q3,Q5,Q6,D1,,,,,,,,,,,,,,,,,,,,,,,,,,,,,,,,,,,,,,,,,,,,,,,,,,,,,
968,Q1,Q2,Q2,D1,,,,,,,,,,,,,,,,,,,,,,,,,,,,,,,,,,,,,,,,,,,,,,,,,,,,,,,,,
969,Q1,Q2,Q3,Q2,Q2,Q5,Q5,Q5,D1,,,,,,,,,,,,,,,,,,,,,,,,,,,,,,,,,,,,,,,,,,,,,,,,,,,,
970,Q1,Q2,Q1,Q2,Q1,Q1,Q1,Q2,Q5,Q5,Q2,Q2,Q2,Q2,Q2,D1,,,,,,,,,,,,,,,,,,,,,,,,,,,,,,,,,,,,,,,,,,,,,
971,Q1,Q2,Q1,Q2,Q1,Q1,Q2,Q3,Q2,Q3,Q4,Q5,Q1,Q2,Q5,D1,,,,,,,,,,,,,,,,,,,,,,,,,,,,,,,,,,,,,,,,,,,,,
972,Q1,Q1,Q2,Q3,D1,,,,,,,,,,,,,,,,,,,,,,,,,,,,,,,,,,,,,,,,,,,,,,,,,,,,,,,,
973,Q1,Q2,Q3,Q3,Q4,D1,,,,,,,,,,,,,,,,,,,,,,,,,,,,,,,,,,,,,,,,,,,,,,,,,,,,,,,
974,Q1,Q2,D1,,,,,,,,,,,,,,,,,,,,,,,,,,,,,,,,,,,,,,,,,,,,,,,,,,,,,,,,,,
975,Q1,Q2,Q2,D1,,,,,,,,,,,,,,,,,,,,,,,,,,,,,,,,,,,,,,,,,,,,,,,,,,,,,,,,,
976,Q1,Q2,Q1,Q2,Q1,Q2,Q2,D1,,,,,,,,,,,,,,,,,,,,,,,,,,,,,,,,,,,,,,,,,,,,,,,,,,,,,
977,Q1,Q2,Q3,Q5,Q2,D1,,,,,,,,,,,,,,,,,,,,,,,,,,,,,,,,,,,,,,,,,,,,,,,,,,,,,,,
978,Q1,Q2,Q3,Q5,Q5,Q6,D1,,,,,,,,,,,,,,,,,,,,,,,,,,,,,,,,,,,,,,,,,,,,,,,,,,,,,,
979,Q1,Q2,Q1,Q2,Q5,Q6,Q1,Q2,Q2,Q2,Q2,D1,,,,,,,,,,,,,,,,,,,,,,,,,,,,,,,,,,,,,,,,,,,,,,,,,
980,Q1,Q2,Q2,Q2,Q3,D1,,,,,,,,,,,,,,,,,,,,,,,,,,,,,,,,,,,,,,,,,,,,,,,,,,,,,,,
981,Q1,Q2,Q1,Q2,Q1,Q2,Q1,Q2,Q1,Q2,Q2,Q5,Q5,Q5,Q6,Q6,Q1,Q2,Q1,Q2,D1,,,,,,,,,,,,,,,,,,,,,,,,,,,,,,,,,,,,,,,,
982,Q1,Q2,D1,,,,,,,,,,,,,,,,,,,,,,,,,,,,,,,,,,,,,,,,,,,,,,,,,,,,,,,,,,
983,Q1,Q2,Q5,Q5,D1,,,,,,,,,,,,,,,,,,,,,,,,,,,,,,,,,,,,,,,,,,,,,,,,,,,,,,,,
984,Q1,D2,,,,,,,,,,,,,,,,,,,,,,,,,,,,,,,,,,,,,,,,,,,,,,,,,,,,,,,,,,,
985,Q1,Q2,Q1,Q2,Q2,Q2,Q3,Q4,Q5,Q5,Q5,Q6,D1,,,,,,,,,,,,,,,,,,,,,,,,,,,,,,,,,,,,,,,,,,,,,,,,
986,Q1,Q2,Q3,Q5,Q5,Q5,Q5,Q5,Q5,Q3,Q3,Q3,Q5,Q6,Q6,D1,,,,,,,,,,,,,,,,,,,,,,,,,,,,,,,,,,,,,,,,,,,,,
987,Q1,Q2,Q5,Q4,Q6,D1,,,,,,,,,,,,,,,,,,,,,,,,,,,,,,,,,,,,,,,,,,,,,,,,,,,,,,,
988,Q1,Q2,D1,,,,,,,,,,,,,,,,,,,,,,,,,,,,,,,,,,,,,,,,,,,,,,,,,,,,,,,,,,
989,Q1,Q2,Q5,Q5,Q1,Q2,Q3,Q2,Q2,Q1,Q2,Q2,Q2,Q1,Q2,Q1,D2,,,,,,,,,,,,,,,,,,,,,,,,,,,,,,,,,,,,,,,,,,,,
990,Q1,Q2,Q4,Q4,Q6,D1,,,,,,,,,,,,,,,,,,,,,,,,,,,,,,,,,,,,,,,,,,,,,,,,,,,,,,,
991,Q1,Q2,Q5,Q5,Q6,Q6,Q6,Q6,Q1,Q2,Q5,Q5,Q5,Q4,D2,,,,,,,,,,,,,,,,,,,,,,,,,,,,,,,,,,,,,,,,,,,,,,
992,Q1,Q2,Q2,Q3,Q4,Q3,Q3,D1,,,,,,,,,,,,,,,,,,,,,,,,,,,,,,,,,,,,,,,,,,,,,,,,,,,,,
993,Q1,Q2,D1,,,,,,,,,,,,,,,,,,,,,,,,,,,,,,,,,,,,,,,,,,,,,,,,,,,,,,,,,,
994,Q1,Q2,Q3,Q4,Q6,Q6,D1,,,,,,,,,,,,,,,,,,,,,,,,,,,,,,,,,,,,,,,,,,,,,,,,,,,,,,
995,Q1,Q2,Q2,Q1,Q2,Q3,Q5,Q4,D2,,,,,,,,,,,,,,,,,,,,,,,,,,,,,,,,,,,,,,,,,,,,,,,,,,,,
996,Q1,Q2,Q5,Q2,Q2,Q2,Q2,D1,,,,,,,,,,,,,,,,,,,,,,,,,,,,,,,,,,,,,,,,,,,,,,,,,,,,,
997,Q1,Q2,D2,,,,,,,,,,,,,,,,,,,,,,,,,,,,,,,,,,,,,,,,,,,,,,,,,,,,,,,,,,
998,Q1,Q2,Q2,Q3,Q4,D2,,,,,,,,,,,,,,,,,,,,,,,,,,,,,,,,,,,,,,,,,,,,,,,,,,,,,,,
999,Q1,Q2,Q5,Q5,Q6,Q1,Q2,Q2,Q2,Q2,Q2,Q1,Q2,Q3,Q5,Q5,Q6,D1,,,,,,,,,,,,,,,,,,,,,,,,,,,,,,,,,,,,,,,,,,,
1000,Q1,Q2,Q5,Q5,Q6,Q6,Q1,Q2,Q2,Q2,Q1,Q2,D1,,,,,,,,,,,,,,,,,,,,,,,,,,,,,,,,,,,,,,,,,,,,,,,,
1001,Q1,Q2,Q2,Q2,Q3,Q4,Q5,Q5,Q1,Q2,Q2,Q3,Q2,Q3,Q3,D2,,,,,,,,,,,,,,,,,,,,,,,,,,,,,,,,,,,,,,,,,,,,,
1002,Q1,Q2,Q2,Q3,Q2,Q3,Q3,Q4,Q4,Q4,Q5,Q5,Q5,Q6,Q1,Q1,Q2,Q2,Q2,Q1,Q2,Q2,Q2,Q1,Q2,Q5,Q6,Q1,Q1,Q1,Q1,Q2,Q5,Q5,Q1,Q1,Q2,D1,,,,,,,,,,,,,,,,,,,,,,,
1003,Q1,Q2,Q1,Q2,Q5,Q6,Q1,D2,,,,,,,,,,,,,,,,,,,,,,,,,,,,,,,,,,,,,,,,,,,,,,,,,,,,,
1004,Q1,Q2,D1,,,,,,,,,,,,,,,,,,,,,,,,,,,,,,,,,,,,,,,,,,,,,,,,,,,,,,,,,,
1005,Q1,Q2,Q2,Q5,Q6,D1,,,,,,,,,,,,,,,,,,,,,,,,,,,,,,,,,,,,,,,,,,,,,,,,,,,,,,,
1006,Q1,Q2,Q2,Q2,Q5,Q3,Q3,Q5,Q6,Q1,Q2,Q3,Q5,Q3,Q2,Q5,Q5,Q2,Q5,Q6,D1,,,,,,,,,,,,,,,,,,,,,,,,,,,,,,,,,,,,,,,,
1007,Q1,Q1,Q2,Q5,Q2,D1,,,,,,,,,,,,,,,,,,,,,,,,,,,,,,,,,,,,,,,,,,,,,,,,,,,,,,,
1008,Q1,Q2,Q4,Q5,D1,,,,,,,,,,,,,,,,,,,,,,,,,,,,,,,,,,,,,,,,,,,,,,,,,,,,,,,,
1009,Q1,Q2,Q5,Q1,Q2,Q2,Q3,Q3,Q3,Q4,Q5,Q6,D1,,,,,,,,,,,,,,,,,,,,,,,,,,,,,,,,,,,,,,,,,,,,,,,,
1010,Q1,Q2,D1,,,,,,,,,,,,,,,,,,,,,,,,,,,,,,,,,,,,,,,,,,,,,,,,,,,,,,,,,,
1011,Q1,Q2,Q4,D2,,,,,,,,,,,,,,,,,,,,,,,,,,,,,,,,,,,,,,,,,,,,,,,,,,,,,,,,,
1012,Q1,Q2,D1,,,,,,,,,,,,,,,,,,,,,,,,,,,,,,,,,,,,,,,,,,,,,,,,,,,,,,,,,,
1013,Q1,Q2,Q1,Q2,Q5,Q5,D1,,,,,,,,,,,,,,,,,,,,,,,,,,,,,,,,,,,,,,,,,,,,,,,,,,,,,,
1014,Q1,Q2,Q4,D1,,,,,,,,,,,,,,,,,,,,,,,,,,,,,,,,,,,,,,,,,,,,,,,,,,,,,,,,,
1015,Q1,Q2,Q2,Q3,D1,,,,,,,,,,,,,,,,,,,,,,,,,,,,,,,,,,,,,,,,,,,,,,,,,,,,,,,,
1016,Q1,Q2,Q2,Q1,Q1,Q2,Q1,Q2,Q4,Q5,Q6,D1,,,,,,,,,,,,,,,,,,,,,,,,,,,,,,,,,,,,,,,,,,,,,,,,,
1017,Q1,Q2,Q4,Q4,Q5,Q6,Q4,Q4,Q5,Q6,Q6,Q6,D1,,,,,,,,,,,,,,,,,,,,,,,,,,,,,,,,,,,,,,,,,,,,,,,,
1018,Q1,Q2,Q5,Q6,Q1,Q2,Q1,Q2,Q1,Q2,Q1,Q2,Q4,D2,,,,,,,,,,,,,,,,,,,,,,,,,,,,,,,,,,,,,,,,,,,,,,,
1019,Q1,Q2,Q3,Q3,Q4,Q5,D1,,,,,,,,,,,,,,,,,,,,,,,,,,,,,,,,,,,,,,,,,,,,,,,,,,,,,,
1020,Q1,Q1,Q2,Q1,Q2,Q1,Q2,D2,,,,,,,,,,,,,,,,,,,,,,,,,,,,,,,,,,,,,,,,,,,,,,,,,,,,,
1021,Q1,Q1,Q1,Q2,D1,,,,,,,,,,,,,,,,,,,,,,,,,,,,,,,,,,,,,,,,,,,,,,,,,,,,,,,,
1022,Q1,Q2,D1,,,,,,,,,,,,,,,,,,,,,,,,,,,,,,,,,,,,,,,,,,,,,,,,,,,,,,,,,,
1023,Q1,Q2,Q2,Q5,Q5,Q1,Q2,Q2,Q1,Q2,Q1,Q2,Q3,Q5,Q6,Q1,Q2,Q2,D1,,,,,,,,,,,,,,,,,,,,,,,,,,,,,,,,,,,,,,,,,,
1024,Q1,Q2,Q3,Q3,D2,,,,,,,,,,,,,,,,,,,,,,,,,,,,,,,,,,,,,,,,,,,,,,,,,,,,,,,,
1025,Q1,Q2,Q3,Q4,D2,,,,,,,,,,,,,,,,,,,,,,,,,,,,,,,,,,,,,,,,,,,,,,,,,,,,,,,,
1026,Q1,D2,,,,,,,,,,,,,,,,,,,,,,,,,,,,,,,,,,,,,,,,,,,,,,,,,,,,,,,,,,,
1027,Q1,Q2,Q3,D1,,,,,,,,,,,,,,,,,,,,,,,,,,,,,,,,,,,,,,,,,,,,,,,,,,,,,,,,,
1028,Q1,D2,,,,,,,,,,,,,,,,,,,,,,,,,,,,,,,,,,,,,,,,,,,,,,,,,,,,,,,,,,,
1029,Q1,Q1,Q2,Q5,Q6,Q6,D1,,,,,,,,,,,,,,,,,,,,,,,,,,,,,,,,,,,,,,,,,,,,,,,,,,,,,,
1030,Q1,Q2,Q3,Q5,Q1,Q2,Q5,Q1,Q2,Q3,Q5,Q6,D1,,,,,,,,,,,,,,,,,,,,,,,,,,,,,,,,,,,,,,,,,,,,,,,,
1031,Q1,D2,,,,,,,,,,,,,,,,,,,,,,,,,,,,,,,,,,,,,,,,,,,,,,,,,,,,,,,,,,,
1032,Q1,Q2,Q4,Q4,D2,,,,,,,,,,,,,,,,,,,,,,,,,,,,,,,,,,,,,,,,,,,,,,,,,,,,,,,,
1033,Q1,Q1,Q2,Q1,Q2,Q5,D1,,,,,,,,,,,,,,,,,,,,,,,,,,,,,,,,,,,,,,,,,,,,,,,,,,,,,,
1034,Q1,Q2,Q5,Q1,Q2,D1,,,,,,,,,,,,,,,,,,,,,,,,,,,,,,,,,,,,,,,,,,,,,,,,,,,,,,,
1035,Q1,Q2,Q4,Q5,Q5,Q5,Q4,Q4,Q5,Q6,D1,,,,,,,,,,,,,,,,,,,,,,,,,,,,,,,,,,,,,,,,,,,,,,,,,,
1036,Q1,Q2,Q4,Q6,Q6,Q1,Q2,D2,,,,,,,,,,,,,,,,,,,,,,,,,,,,,,,,,,,,,,,,,,,,,,,,,,,,,
1037,Q1,Q2,Q2,Q3,Q3,Q3,Q5,D1,,,,,,,,,,,,,,,,,,,,,,,,,,,,,,,,,,,,,,,,,,,,,,,,,,,,,
1038,Q1,Q2,Q1,Q2,D1,,,,,,,,,,,,,,,,,,,,,,,,,,,,,,,,,,,,,,,,,,,,,,,,,,,,,,,,
1039,Q1,Q2,Q2,Q3,Q5,Q5,Q4,Q4,D1,,,,,,,,,,,,,,,,,,,,,,,,,,,,,,,,,,,,,,,,,,,,,,,,,,,,
1040,Q1,Q2,Q2,Q2,Q5,D1,,,,,,,,,,,,,,,,,,,,,,,,,,,,,,,,,,,,,,,,,,,,,,,,,,,,,,,
1041,Q1,Q2,Q2,Q2,Q2,Q1,Q2,Q2,Q5,Q6,Q6,Q1,D2,,,,,,,,,,,,,,,,,,,,,,,,,,,,,,,,,,,,,,,,,,,,,,,,
1042,Q1,Q2,Q1,Q2,Q5,Q3,Q4,Q5,Q5,Q6,Q6,D1,,,,,,,,,,,,,,,,,,,,,,,,,,,,,,,,,,,,,,,,,,,,,,,,,
1043,Q1,Q2,Q2,Q2,Q4,Q5,Q5,Q2,Q5,Q6,D1,,,,,,,,,,,,,,,,,,,,,,,,,,,,,,,,,,,,,,,,,,,,,,,,,,
1044,Q1,Q2,Q2,D1,,,,,,,,,,,,,,,,,,,,,,,,,,,,,,,,,,,,,,,,,,,,,,,,,,,,,,,,,
1045,Q1,Q1,Q2,Q2,Q3,Q3,Q4,Q6,Q6,Q1,Q2,Q1,D2,,,,,,,,,,,,,,,,,,,,,,,,,,,,,,,,,,,,,,,,,,,,,,,,
1046,Q1,Q2,D1,,,,,,,,,,,,,,,,,,,,,,,,,,,,,,,,,,,,,,,,,,,,,,,,,,,,,,,,,,
1047,Q1,Q2,Q3,Q3,Q2,Q3,Q3,D2,,,,,,,,,,,,,,,,,,,,,,,,,,,,,,,,,,,,,,,,,,,,,,,,,,,,,
1048,Q1,Q2,Q1,Q2,Q5,Q6,Q6,D1,,,,,,,,,,,,,,,,,,,,,,,,,,,,,,,,,,,,,,,,,,,,,,,,,,,,,
1049,Q1,Q1,Q2,Q3,Q5,Q1,Q1,Q2,Q5,Q5,Q5,Q6,D1,,,,,,,,,,,,,,,,,,,,,,,,,,,,,,,,,,,,,,,,,,,,,,,,
1050,Q1,Q2,D1,,,,,,,,,,,,,,,,,,,,,,,,,,,,,,,,,,,,,,,,,,,,,,,,,,,,,,,,,,
1051,Q1,Q2,Q3,Q5,Q6,Q6,Q1,Q2,Q3,Q3,Q5,Q6,D1,,,,,,,,,,,,,,,,,,,,,,,,,,,,,,,,,,,,,,,,,,,,,,,,
1052,Q1,Q2,D1,,,,,,,,,,,,,,,,,,,,,,,,,,,,,,,,,,,,,,,,,,,,,,,,,,,,,,,,,,
1053,Q1,Q2,D1,,,,,,,,,,,,,,,,,,,,,,,,,,,,,,,,,,,,,,,,,,,,,,,,,,,,,,,,,,
1054,Q1,Q2,Q2,Q1,Q2,Q1,Q2,Q2,Q3,Q5,Q3,D1,,,,,,,,,,,,,,,,,,,,,,,,,,,,,,,,,,,,,,,,,,,,,,,,,
1055,Q1,Q2,Q3,D2,,,,,,,,,,,,,,,,,,,,,,,,,,,,,,,,,,,,,,,,,,,,,,,,,,,,,,,,,
1056,Q1,Q2,D1,,,,,,,,,,,,,,,,,,,,,,,,,,,,,,,,,,,,,,,,,,,,,,,,,,,,,,,,,,
1057,Q1,D2,,,,,,,,,,,,,,,,,,,,,,,,,,,,,,,,,,,,,,,,,,,,,,,,,,,,,,,,,,,
1058,Q1,Q2,D1,,,,,,,,,,,,,,,,,,,,,,,,,,,,,,,,,,,,,,,,,,,,,,,,,,,,,,,,,,
1059,Q1,D2,,,,,,,,,,,,,,,,,,,,,,,,,,,,,,,,,,,,,,,,,,,,,,,,,,,,,,,,,,,
1060,Q1,Q2,Q5,Q1,Q2,Q1,Q2,Q2,Q2,Q1,Q2,Q3,Q5,Q6,Q1,Q2,Q5,Q6,D1,,,,,,,,,,,,,,,,,,,,,,,,,,,,,,,,,,,,,,,,,,
1061,Q1,D2,,,,,,,,,,,,,,,,,,,,,,,,,,,,,,,,,,,,,,,,,,,,,,,,,,,,,,,,,,,
1062,Q1,Q2,Q5,Q5,Q5,Q1,Q2,Q1,Q2,Q2,Q1,Q2,Q3,D2,,,,,,,,,,,,,,,,,,,,,,,,,,,,,,,,,,,,,,,,,,,,,,,
1063,Q1,D2,,,,,,,,,,,,,,,,,,,,,,,,,,,,,,,,,,,,,,,,,,,,,,,,,,,,,,,,,,,
1064,Q1,Q2,Q4,D1,,,,,,,,,,,,,,,,,,,,,,,,,,,,,,,,,,,,,,,,,,,,,,,,,,,,,,,,,
1065,Q1,Q2,Q1,Q2,Q4,Q5,Q5,D1,,,,,,,,,,,,,,,,,,,,,,,,,,,,,,,,,,,,,,,,,,,,,,,,,,,,,
1066,Q1,Q2,Q1,Q2,Q1,Q2,Q5,Q6,Q2,Q5,D1,,,,,,,,,,,,,,,,,,,,,,,,,,,,,,,,,,,,,,,,,,,,,,,,,,
1067,Q1,D2,,,,,,,,,,,,,,,,,,,,,,,,,,,,,,,,,,,,,,,,,,,,,,,,,,,,,,,,,,,
1068,Q1,Q2,Q3,Q5,Q5,Q5,Q6,D1,,,,,,,,,,,,,,,,,,,,,,,,,,,,,,,,,,,,,,,,,,,,,,,,,,,,,
1069,Q1,Q2,Q3,D1,,,,,,,,,,,,,,,,,,,,,,,,,,,,,,,,,,,,,,,,,,,,,,,,,,,,,,,,,
1070,Q1,Q1,Q2,Q3,Q5,Q6,Q6,Q4,Q4,Q4,Q4,D2,,,,,,,,,,,,,,,,,,,,,,,,,,,,,,,,,,,,,,,,,,,,,,,,,
1071,Q1,Q2,Q4,D2,,,,,,,,,,,,,,,,,,,,,,,,,,,,,,,,,,,,,,,,,,,,,,,,,,,,,,,,,
1072,Q1,D2,,,,,,,,,,,,,,,,,,,,,,,,,,,,,,,,,,,,,,,,,,,,,,,,,,,,,,,,,,,
1073,Q1,Q2,Q3,D1,,,,,,,,,,,,,,,,,,,,,,,,,,,,,,,,,,,,,,,,,,,,,,,,,,,,,,,,,
1074,Q1,Q2,Q1,Q2,Q5,Q5,Q6,D1,,,,,,,,,,,,,,,,,,,,,,,,,,,,,,,,,,,,,,,,,,,,,,,,,,,,,
1075,Q1,Q1,Q1,Q2,Q2,Q2,Q2,D1,,,,,,,,,,,,,,,,,,,,,,,,,,,,,,,,,,,,,,,,,,,,,,,,,,,,,
1076,Q1,D2,,,,,,,,,,,,,,,,,,,,,,,,,,,,,,,,,,,,,,,,,,,,,,,,,,,,,,,,,,,
1077,Q1,Q2,Q3,Q3,Q2,Q3,Q4,D2,,,,,,,,,,,,,,,,,,,,,,,,,,,,,,,,,,,,,,,,,,,,,,,,,,,,,
1078,Q1,Q1,Q2,Q1,Q2,Q4,Q4,Q4,Q4,Q5,Q6,Q1,Q2,D1,,,,,,,,,,,,,,,,,,,,,,,,,,,,,,,,,,,,,,,,,,,,,,,
1079,Q1,Q2,Q5,Q1,Q2,Q1,Q2,D1,,,,,,,,,,,,,,,,,,,,,,,,,,,,,,,,,,,,,,,,,,,,,,,,,,,,,
1080,Q1,Q1,Q2,Q3,Q3,D1,,,,,,,,,,,,,,,,,,,,,,,,,,,,,,,,,,,,,,,,,,,,,,,,,,,,,,,
1081,Q1,Q2,Q2,Q2,Q3,D1,,,,,,,,,,,,,,,,,,,,,,,,,,,,,,,,,,,,,,,,,,,,,,,,,,,,,,,
1082,Q1,Q2,Q1,Q1,Q2,D2,,,,,,,,,,,,,,,,,,,,,,,,,,,,,,,,,,,,,,,,,,,,,,,,,,,,,,,
1083,Q1,Q2,Q3,Q3,Q1,Q2,Q4,Q4,Q5,Q1,Q1,Q1,Q2,Q3,Q3,Q5,Q6,Q1,Q2,Q5,Q3,Q1,Q2,Q1,Q2,Q2,Q3,Q5,Q5,Q6,D1,,,,,,,,,,,,,,,,,,,,,,,,,,,,,,
1084,Q1,Q2,Q3,Q2,Q4,D2,,,,,,,,,,,,,,,,,,,,,,,,,,,,,,,,,,,,,,,,,,,,,,,,,,,,,,,
1085,Q1,Q2,Q2,Q2,Q3,Q1,Q2,Q1,Q2,Q5,Q6,Q6,D1,,,,,,,,,,,,,,,,,,,,,,,,,,,,,,,,,,,,,,,,,,,,,,,,
1086,Q1,Q2,Q2,Q1,Q2,Q3,Q4,D2,,,,,,,,,,,,,,,,,,,,,,,,,,,,,,,,,,,,,,,,,,,,,,,,,,,,,
1087,Q1,Q2,Q2,Q2,Q3,Q3,Q4,Q4,Q3,Q5,Q5,Q5,Q6,Q1,Q2,Q1,Q2,Q1,Q2,D1,,,,,,,,,,,,,,,,,,,,,,,,,,,,,,,,,,,,,,,,,
1088,Q1,Q2,Q2,D1,,,,,,,,,,,,,,,,,,,,,,,,,,,,,,,,,,,,,,,,,,,,,,,,,,,,,,,,,
1089,Q1,D2,,,,,,,,,,,,,,,,,,,,,,,,,,,,,,,,,,,,,,,,,,,,,,,,,,,,,,,,,,,
1090,Q1,Q2,Q2,Q2,Q5,Q6,Q1,Q2,Q3,Q4,Q5,Q5,Q5,Q5,Q2,Q3,Q5,Q6,D1,,,,,,,,,,,,,,,,,,,,,,,,,,,,,,,,,,,,,,,,,,
1091,Q1,Q2,Q3,Q2,Q2,Q3,Q5,Q5,Q5,Q2,Q1,Q1,Q2,Q1,Q2,Q2,Q1,Q2,Q3,Q4,D1,,,,,,,,,,,,,,,,,,,,,,,,,,,,,,,,,,,,,,,,
1092,Q1,Q2,Q1,Q2,D1,,,,,,,,,,,,,,,,,,,,,,,,,,,,,,,,,,,,,,,,,,,,,,,,,,,,,,,,
1093,Q1,Q2,Q2,Q3,Q2,Q3,D1,,,,,,,,,,,,,,,,,,,,,,,,,,,,,,,,,,,,,,,,,,,,,,,,,,,,,,
1094,Q1,Q2,Q2,Q2,Q3,Q5,Q1,Q2,Q2,Q1,Q2,Q2,Q3,Q3,D2,,,,,,,,,,,,,,,,,,,,,,,,,,,,,,,,,,,,,,,,,,,,,,
1095,Q1,Q2,Q2,Q1,Q2,Q3,Q5,Q5,Q6,D1,,,,,,,,,,,,,,,,,,,,,,,,,,,,,,,,,,,,,,,,,,,,,,,,,,,
1096,Q1,Q1,Q1,Q2,Q5,Q2,Q5,Q3,Q1,Q2,Q2,D1,,,,,,,,,,,,,,,,,,,,,,,,,,,,,,,,,,,,,,,,,,,,,,,,,
1097,Q1,Q1,Q2,Q1,Q2,Q1,Q1,Q2,Q2,D1,,,,,,,,,,,,,,,,,,,,,,,,,,,,,,,,,,,,,,,,,,,,,,,,,,,
1098,Q1,Q2,Q3,Q3,D1,,,,,,,,,,,,,,,,,,,,,,,,,,,,,,,,,,,,,,,,,,,,,,,,,,,,,,,,
1099,Q1,D2,,,,,,,,,,,,,,,,,,,,,,,,,,,,,,,,,,,,,,,,,,,,,,,,,,,,,,,,,,,
1100,Q1,Q1,Q2,Q2,Q2,Q3,Q3,Q2,Q1,Q1,Q2,Q5,Q1,Q2,Q1,Q2,Q2,D1,,,,,,,,,,,,,,,,,,,,,,,,,,,,,,,,,,,,,,,,,,,
1101,Q1,Q2,D1,,,,,,,,,,,,,,,,,,,,,,,,,,,,,,,,,,,,,,,,,,,,,,,,,,,,,,,,,,
1102,Q1,Q2,Q3,Q4,Q4,Q4,Q4,Q3,Q3,Q5,Q4,Q6,Q1,Q2,Q3,Q5,Q5,Q6,Q1,Q2,Q3,Q4,Q5,Q6,Q2,Q2,Q2,Q1,Q1,Q1,Q2,Q2,Q2,D1,,,,,,,,,,,,,,,,,,,,,,,,,,,
1103,Q1,Q2,Q5,Q5,Q5,Q5,Q6,Q4,Q6,Q1,Q2,D1,,,,,,,,,,,,,,,,,,,,,,,,,,,,,,,,,,,,,,,,,,,,,,,,,
1104,Q1,D2,,,,,,,,,,,,,,,,,,,,,,,,,,,,,,,,,,,,,,,,,,,,,,,,,,,,,,,,,,,
1105,Q1,Q2,D1,,,,,,,,,,,,,,,,,,,,,,,,,,,,,,,,,,,,,,,,,,,,,,,,,,,,,,,,,,
1106,Q1,Q2,D1,,,,,,,,,,,,,,,,,,,,,,,,,,,,,,,,,,,,,,,,,,,,,,,,,,,,,,,,,,
1107,Q1,Q2,D1,,,,,,,,,,,,,,,,,,,,,,,,,,,,,,,,,,,,,,,,,,,,,,,,,,,,,,,,,,
1108,Q1,Q2,D1,,,,,,,,,,,,,,,,,,,,,,,,,,,,,,,,,,,,,,,,,,,,,,,,,,,,,,,,,,
1109,Q1,Q2,Q5,Q5,Q6,Q6,Q1,Q2,Q2,Q1,D2,,,,,,,,,,,,,,,,,,,,,,,,,,,,,,,,,,,,,,,,,,,,,,,,,,
1110,Q1,D2,,,,,,,,,,,,,,,,,,,,,,,,,,,,,,,,,,,,,,,,,,,,,,,,,,,,,,,,,,,
1111,Q1,Q1,Q1,Q1,Q2,Q2,Q3,Q2,Q2,D1,,,,,,,,,,,,,,,,,,,,,,,,,,,,,,,,,,,,,,,,,,,,,,,,,,,
1112,Q1,Q2,Q5,Q6,D1,,,,,,,,,,,,,,,,,,,,,,,,,,,,,,,,,,,,,,,,,,,,,,,,,,,,,,,,
1113,Q1,Q1,Q1,Q2,Q2,Q1,Q2,Q3,Q3,Q5,Q6,Q1,Q2,Q5,Q6,Q6,Q1,D2,,,,,,,,,,,,,,,,,,,,,,,,,,,,,,,,,,,,,,,,,,,
1114,Q1,D2,,,,,,,,,,,,,,,,,,,,,,,,,,,,,,,,,,,,,,,,,,,,,,,,,,,,,,,,,,,
1115,Q1,Q2,Q3,Q5,Q6,Q6,Q1,Q1,Q2,Q2,Q2,Q3,Q4,Q6,Q1,Q2,Q5,Q5,Q5,Q6,Q6,Q2,Q3,Q5,Q3,Q5,Q6,D1,,,,,,,,,,,,,,,,,,,,,,,,,,,,,,,,,
1116,Q1,Q1,Q2,Q3,Q4,Q3,Q4,Q4,Q4,Q3,Q5,Q1,Q2,Q1,Q1,Q2,Q4,Q5,Q5,Q5,Q5,Q6,Q4,Q5,Q6,Q2,Q3,Q3,Q1,Q2,D1,,,,,,,,,,,,,,,,,,,,,,,,,,,,,,
1117,Q1,Q2,Q3,Q5,Q6,D1,,,,,,,,,,,,,,,,,,,,,,,,,,,,,,,,,,,,,,,,,,,,,,,,,,,,,,,
1118,Q1,Q2,Q3,Q5,Q6,Q4,Q6,Q1,Q2,Q5,Q5,Q6,Q4,Q5,Q5,D1,,,,,,,,,,,,,,,,,,,,,,,,,,,,,,,,,,,,,,,,,,,,,
1119,Q1,Q2,Q2,Q5,Q6,D1,,,,,,,,,,,,,,,,,,,,,,,,,,,,,,,,,,,,,,,,,,,,,,,,,,,,,,,
1120,Q1,Q2,Q4,Q3,Q5,Q5,Q6,Q1,Q2,Q5,Q1,Q2,Q2,D2,,,,,,,,,,,,,,,,,,,,,,,,,,,,,,,,,,,,,,,,,,,,,,,
1121,Q1,Q2,Q5,Q1,Q2,Q5,Q3,D1,,,,,,,,,,,,,,,,,,,,,,,,,,,,,,,,,,,,,,,,,,,,,,,,,,,,,
1122,Q1,D2,,,,,,,,,,,,,,,,,,,,,,,,,,,,,,,,,,,,,,,,,,,,,,,,,,,,,,,,,,,
1123,Q1,Q1,Q2,D1,,,,,,,,,,,,,,,,,,,,,,,,,,,,,,,,,,,,,,,,,,,,,,,,,,,,,,,,,
1124,Q1,Q2,Q2,Q3,Q5,Q6,Q6,Q1,D2,,,,,,,,,,,,,,,,,,,,,,,,,,,,,,,,,,,,,,,,,,,,,,,,,,,,
1125,Q1,Q1,Q2,Q3,Q5,D1,,,,,,,,,,,,,,,,,,,,,,,,,,,,,,,,,,,,,,,,,,,,,,,,,,,,,,,
1126,Q1,Q2,D1,,,,,,,,,,,,,,,,,,,,,,,,,,,,,,,,,,,,,,,,,,,,,,,,,,,,,,,,,,
1127,Q1,Q2,Q2,Q2,D1,,,,,,,,,,,,,,,,,,,,,,,,,,,,,,,,,,,,,,,,,,,,,,,,,,,,,,,,
1128,Q1,Q2,Q2,Q2,Q5,Q5,Q5,Q6,Q1,Q2,Q2,Q2,Q5,Q6,D1,,,,,,,,,,,,,,,,,,,,,,,,,,,,,,,,,,,,,,,,,,,,,,
1129,Q1,Q1,Q2,Q2,Q2,Q2,Q1,Q1,Q2,Q2,Q5,Q5,Q5,Q6,D1,,,,,,,,,,,,,,,,,,,,,,,,,,,,,,,,,,,,,,,,,,,,,,
1130,Q1,Q2,D2,,,,,,,,,,,,,,,,,,,,,,,,,,,,,,,,,,,,,,,,,,,,,,,,,,,,,,,,,,
1131,Q1,Q2,Q3,Q3,Q3,Q3,Q3,Q5,Q1,Q2,Q1,Q2,Q1,Q2,Q2,D1,,,,,,,,,,,,,,,,,,,,,,,,,,,,,,,,,,,,,,,,,,,,,
1132,Q1,Q2,Q2,Q2,Q3,Q3,Q4,D2,,,,,,,,,,,,,,,,,,,,,,,,,,,,,,,,,,,,,,,,,,,,,,,,,,,,,
1133,Q1,Q2,D1,,,,,,,,,,,,,,,,,,,,,,,,,,,,,,,,,,,,,,,,,,,,,,,,,,,,,,,,,,
1134,Q1,Q2,D1,,,,,,,,,,,,,,,,,,,,,,,,,,,,,,,,,,,,,,,,,,,,,,,,,,,,,,,,,,
1135,Q1,Q2,D1,,,,,,,,,,,,,,,,,,,,,,,,,,,,,,,,,,,,,,,,,,,,,,,,,,,,,,,,,,
1136,Q1,Q1,Q2,Q3,D1,,,,,,,,,,,,,,,,,,,,,,,,,,,,,,,,,,,,,,,,,,,,,,,,,,,,,,,,
1137,Q1,Q2,Q3,D1,,,,,,,,,,,,,,,,,,,,,,,,,,,,,,,,,,,,,,,,,,,,,,,,,,,,,,,,,
1138,Q1,Q2,Q2,Q5,Q3,Q3,Q5,Q6,D1,,,,,,,,,,,,,,,,,,,,,,,,,,,,,,,,,,,,,,,,,,,,,,,,,,,,
1139,Q1,Q2,D1,,,,,,,,,,,,,,,,,,,,,,,,,,,,,,,,,,,,,,,,,,,,,,,,,,,,,,,,,,
1140,Q1,Q2,Q4,D2,,,,,,,,,,,,,,,,,,,,,,,,,,,,,,,,,,,,,,,,,,,,,,,,,,,,,,,,,
1141,Q1,Q2,Q2,Q2,Q5,Q3,Q5,Q5,D1,,,,,,,,,,,,,,,,,,,,,,,,,,,,,,,,,,,,,,,,,,,,,,,,,,,,
1142,Q1,Q2,Q1,Q2,Q5,Q4,Q4,Q4,D1,,,,,,,,,,,,,,,,,,,,,,,,,,,,,,,,,,,,,,,,,,,,,,,,,,,,
1143,Q1,Q2,Q5,Q6,Q6,D1,,,,,,,,,,,,,,,,,,,,,,,,,,,,,,,,,,,,,,,,,,,,,,,,,,,,,,,
1144,Q1,Q2,Q3,D1,,,,,,,,,,,,,,,,,,,,,,,,,,,,,,,,,,,,,,,,,,,,,,,,,,,,,,,,,
1145,Q1,Q2,Q2,Q3,D1,,,,,,,,,,,,,,,,,,,,,,,,,,,,,,,,,,,,,,,,,,,,,,,,,,,,,,,,
1146,Q1,Q1,Q2,D1,,,,,,,,,,,,,,,,,,,,,,,,,,,,,,,,,,,,,,,,,,,,,,,,,,,,,,,,,
1147,Q1,Q2,Q2,D1,,,,,,,,,,,,,,,,,,,,,,,,,,,,,,,,,,,,,,,,,,,,,,,,,,,,,,,,,
1148,Q1,Q2,Q2,Q3,Q3,Q3,Q3,Q3,Q5,Q5,Q5,Q6,Q1,Q1,Q2,Q2,Q1,Q2,Q2,Q5,Q2,Q3,Q5,Q6,Q4,D2,,,,,,,,,,,,,,,,,,,,,,,,,,,,,,,,,,,
1149,Q1,Q2,Q1,Q2,D1,,,,,,,,,,,,,,,,,,,,,,,,,,,,,,,,,,,,,,,,,,,,,,,,,,,,,,,,
1150,Q1,Q2,Q5,Q2,Q3,Q2,Q2,Q3,Q5,Q5,Q3,D2,,,,,,,,,,,,,,,,,,,,,,,,,,,,,,,,,,,,,,,,,,,,,,,,,
1151,Q1,Q2,Q1,Q2,Q2,Q3,D1,,,,,,,,,,,,,,,,,,,,,,,,,,,,,,,,,,,,,,,,,,,,,,,,,,,,,,
1152,Q1,Q2,D1,,,,,,,,,,,,,,,,,,,,,,,,,,,,,,,,,,,,,,,,,,,,,,,,,,,,,,,,,,
1153,Q1,Q2,Q1,Q2,D1,,,,,,,,,,,,,,,,,,,,,,,,,,,,,,,,,,,,,,,,,,,,,,,,,,,,,,,,
1154,Q1,Q2,Q1,Q1,Q2,D1,,,,,,,,,,,,,,,,,,,,,,,,,,,,,,,,,,,,,,,,,,,,,,,,,,,,,,,
1155,Q1,Q2,D1,,,,,,,,,,,,,,,,,,,,,,,,,,,,,,,,,,,,,,,,,,,,,,,,,,,,,,,,,,
1156,Q1,Q2,Q2,Q2,Q3,Q4,D2,,,,,,,,,,,,,,,,,,,,,,,,,,,,,,,,,,,,,,,,,,,,,,,,,,,,,,
1157,Q1,Q2,Q2,Q2,Q5,Q5,Q5,Q5,Q5,Q5,Q1,Q2,Q4,Q5,Q5,Q5,Q6,Q1,Q2,Q4,Q6,Q4,Q4,Q6,Q6,D1,,,,,,,,,,,,,,,,,,,,,,,,,,,,,,,,,,,
1158,Q1,Q2,Q4,Q5,Q6,Q6,Q6,Q6,Q6,Q4,Q4,Q5,Q5,Q5,Q5,Q6,D1,,,,,,,,,,,,,,,,,,,,,,,,,,,,,,,,,,,,,,,,,,,,
1159,Q1,Q2,Q2,Q1,Q2,Q2,Q1,Q2,Q3,D1,,,,,,,,,,,,,,,,,,,,,,,,,,,,,,,,,,,,,,,,,,,,,,,,,,,
1160,Q1,Q2,Q3,Q3,Q5,Q6,D1,,,,,,,,,,,,,,,,,,,,,,,,,,,,,,,,,,,,,,,,,,,,,,,,,,,,,,
1161,Q1,Q2,Q3,Q3,Q4,Q5,Q6,D1,,,,,,,,,,,,,,,,,,,,,,,,,,,,,,,,,,,,,,,,,,,,,,,,,,,,,
1162,Q1,Q2,Q3,Q4,Q4,Q4,Q4,Q4,Q5,Q6,D1,,,,,,,,,,,,,,,,,,,,,,,,,,,,,,,,,,,,,,,,,,,,,,,,,,
1163,Q1,Q2,D1,,,,,,,,,,,,,,,,,,,,,,,,,,,,,,,,,,,,,,,,,,,,,,,,,,,,,,,,,,
1164,Q1,Q2,Q5,Q1,Q2,Q3,Q3,Q5,Q5,Q2,Q5,Q6,Q1,Q2,Q5,Q6,Q1,Q2,D1,,,,,,,,,,,,,,,,,,,,,,,,,,,,,,,,,,,,,,,,,,
1165,Q1,Q2,Q4,Q6,Q1,Q2,D1,,,,,,,,,,,,,,,,,,,,,,,,,,,,,,,,,,,,,,,,,,,,,,,,,,,,,,
1166,Q1,Q2,Q5,Q5,Q6,Q1,Q1,Q2,Q3,Q5,Q2,Q3,Q5,Q5,Q6,D1,,,,,,,,,,,,,,,,,,,,,,,,,,,,,,,,,,,,,,,,,,,,,
1167,Q1,Q1,Q2,Q5,Q4,Q5,Q5,Q6,Q6,Q1,D2,,,,,,,,,,,,,,,,,,,,,,,,,,,,,,,,,,,,,,,,,,,,,,,,,,
1168,Q1,Q2,Q2,Q3,Q5,Q6,D1,,,,,,,,,,,,,,,,,,,,,,,,,,,,,,,,,,,,,,,,,,,,,,,,,,,,,,
1169,Q1,Q2,Q2,Q1,Q2,Q1,Q2,Q5,Q6,D1,,,,,,,,,,,,,,,,,,,,,,,,,,,,,,,,,,,,,,,,,,,,,,,,,,,
1170,Q1,Q2,Q3,Q3,Q3,Q3,Q4,D1,,,,,,,,,,,,,,,,,,,,,,,,,,,,,,,,,,,,,,,,,,,,,,,,,,,,,
1171,Q1,Q2,Q5,Q6,D1,,,,,,,,,,,,,,,,,,,,,,,,,,,,,,,,,,,,,,,,,,,,,,,,,,,,,,,,
1172,Q1,Q2,Q3,D1,,,,,,,,,,,,,,,,,,,,,,,,,,,,,,,,,,,,,,,,,,,,,,,,,,,,,,,,,
1173,Q1,Q2,Q2,Q5,Q5,Q5,D1,,,,,,,,,,,,,,,,,,,,,,,,,,,,,,,,,,,,,,,,,,,,,,,,,,,,,,
1174,Q1,Q2,D2,,,,,,,,,,,,,,,,,,,,,,,,,,,,,,,,,,,,,,,,,,,,,,,,,,,,,,,,,,
1175,Q1,Q2,Q2,Q2,D1,,,,,,,,,,,,,,,,,,,,,,,,,,,,,,,,,,,,,,,,,,,,,,,,,,,,,,,,
1176,Q1,Q2,Q2,Q4,Q4,Q3,Q2,D1,,,,,,,,,,,,,,,,,,,,,,,,,,,,,,,,,,,,,,,,,,,,,,,,,,,,,
1177,Q1,Q2,Q2,Q3,Q5,D1,,,,,,,,,,,,,,,,,,,,,,,,,,,,,,,,,,,,,,,,,,,,,,,,,,,,,,,
1178,Q1,Q2,Q3,Q3,D2,,,,,,,,,,,,,,,,,,,,,,,,,,,,,,,,,,,,,,,,,,,,,,,,,,,,,,,,
1179,Q1,Q2,Q2,D2,,,,,,,,,,,,,,,,,,,,,,,,,,,,,,,,,,,,,,,,,,,,,,,,,,,,,,,,,
1180,Q1,Q2,Q3,Q5,Q6,D1,,,,,,,,,,,,,,,,,,,,,,,,,,,,,,,,,,,,,,,,,,,,,,,,,,,,,,,
1181,Q1,Q2,D2,,,,,,,,,,,,,,,,,,,,,,,,,,,,,,,,,,,,,,,,,,,,,,,,,,,,,,,,,,
1182,Q1,D2,,,,,,,,,,,,,,,,,,,,,,,,,,,,,,,,,,,,,,,,,,,,,,,,,,,,,,,,,,,
1183,Q1,Q2,Q5,Q6,Q1,Q2,Q2,Q3,Q2,Q2,Q2,Q5,Q4,D2,,,,,,,,,,,,,,,,,,,,,,,,,,,,,,,,,,,,,,,,,,,,,,,
1184,Q1,Q1,Q2,Q3,Q2,Q2,Q4,Q5,Q5,Q5,Q2,Q2,Q2,Q2,Q2,Q5,Q1,Q2,Q1,D2,,,,,,,,,,,,,,,,,,,,,,,,,,,,,,,,,,,,,,,,,
1185,Q1,Q1,Q2,Q5,Q1,Q2,Q3,Q5,Q5,Q4,Q6,Q1,Q2,Q2,Q3,Q3,Q3,Q5,Q5,Q6,Q6,Q6,Q1,Q1,Q1,Q2,Q2,Q3,Q4,Q5,Q5,Q6,Q6,Q6,D1,,,,,,,,,,,,,,,,,,,,,,,,,,
1186,Q1,Q2,Q2,Q1,Q2,Q3,D1,,,,,,,,,,,,,,,,,,,,,,,,,,,,,,,,,,,,,,,,,,,,,,,,,,,,,,
1187,Q1,Q1,Q1,Q2,Q2,Q2,Q2,Q4,Q4,Q6,Q6,Q1,Q2,Q2,Q5,Q6,Q1,Q2,Q1,Q2,D1,,,,,,,,,,,,,,,,,,,,,,,,,,,,,,,,,,,,,,,,
1188,Q1,Q1,Q2,D1,,,,,,,,,,,,,,,,,,,,,,,,,,,,,,,,,,,,,,,,,,,,,,,,,,,,,,,,,
1189,Q1,Q2,Q1,Q2,Q5,Q5,Q3,Q5,Q6,Q1,Q1,Q2,D1,,,,,,,,,,,,,,,,,,,,,,,,,,,,,,,,,,,,,,,,,,,,,,,,
1190,Q1,Q2,Q1,Q2,Q3,Q4,Q5,Q1,Q2,Q2,Q5,Q6,Q4,Q6,Q1,Q1,Q1,Q2,D1,,,,,,,,,,,,,,,,,,,,,,,,,,,,,,,,,,,,,,,,,,
1191,Q1,Q2,Q5,Q6,Q6,Q6,Q1,Q2,Q3,D2,,,,,,,,,,,,,,,,,,,,,,,,,,,,,,,,,,,,,,,,,,,,,,,,,,,
1192,Q1,Q2,Q2,Q3,Q3,Q4,Q5,Q3,Q5,Q2,Q5,Q5,Q6,Q6,Q1,Q2,Q3,Q3,Q3,Q3,Q2,Q2,D1,,,,,,,,,,,,,,,,,,,,,,,,,,,,,,,,,,,,,,
1193,Q1,Q2,Q1,Q2,D2,,,,,,,,,,,,,,,,,,,,,,,,,,,,,,,,,,,,,,,,,,,,,,,,,,,,,,,,
1194,Q1,Q2,Q2,Q1,Q2,Q1,Q1,Q2,Q2,D1,,,,,,,,,,,,,,,,,,,,,,,,,,,,,,,,,,,,,,,,,,,,,,,,,,,
1195,Q1,Q2,Q2,D1,,,,,,,,,,,,,,,,,,,,,,,,,,,,,,,,,,,,,,,,,,,,,,,,,,,,,,,,,
1196,Q1,Q2,D1,,,,,,,,,,,,,,,,,,,,,,,,,,,,,,,,,,,,,,,,,,,,,,,,,,,,,,,,,,
1197,Q1,Q2,Q1,Q2,Q2,Q5,Q1,Q2,D1,,,,,,,,,,,,,,,,,,,,,,,,,,,,,,,,,,,,,,,,,,,,,,,,,,,,
1198,Q1,Q2,Q2,Q2,Q5,Q6,Q6,D1,,,,,,,,,,,,,,,,,,,,,,,,,,,,,,,,,,,,,,,,,,,,,,,,,,,,,
1199,Q1,Q2,Q1,Q2,Q2,Q1,Q2,D1,,,,,,,,,,,,,,,,,,,,,,,,,,,,,,,,,,,,,,,,,,,,,,,,,,,,,
1200,Q1,Q2,D2,,,,,,,,,,,,,,,,,,,,,,,,,,,,,,,,,,,,,,,,,,,,,,,,,,,,,,,,,,
1201,Q1,Q2,Q2,Q3,Q1,Q2,Q2,Q2,Q3,Q3,Q5,Q6,Q1,Q2,Q2,Q3,D1,,,,,,,,,,,,,,,,,,,,,,,,,,,,,,,,,,,,,,,,,,,,
1202,Q1,Q2,Q1,Q2,Q3,Q3,Q4,Q5,Q2,Q2,Q3,Q2,Q5,Q5,Q6,Q1,Q2,D1,,,,,,,,,,,,,,,,,,,,,,,,,,,,,,,,,,,,,,,,,,,
1203,Q1,Q2,Q2,Q5,Q5,Q6,Q6,Q6,D1,,,,,,,,,,,,,,,,,,,,,,,,,,,,,,,,,,,,,,,,,,,,,,,,,,,,
1204,Q1,Q2,Q3,Q3,D1,,,,,,,,,,,,,,,,,,,,,,,,,,,,,,,,,,,,,,,,,,,,,,,,,,,,,,,,
1205,Q1,Q2,Q2,Q5,Q4,Q5,Q6,D1,,,,,,,,,,,,,,,,,,,,,,,,,,,,,,,,,,,,,,,,,,,,,,,,,,,,,
1206,Q1,Q2,Q3,Q4,Q5,Q5,Q6,D1,,,,,,,,,,,,,,,,,,,,,,,,,,,,,,,,,,,,,,,,,,,,,,,,,,,,,
1207,Q1,Q2,Q3,Q3,Q5,Q6,D1,,,,,,,,,,,,,,,,,,,,,,,,,,,,,,,,,,,,,,,,,,,,,,,,,,,,,,
1208,Q1,Q2,D1,,,,,,,,,,,,,,,,,,,,,,,,,,,,,,,,,,,,,,,,,,,,,,,,,,,,,,,,,,
1209,Q1,Q2,Q5,Q6,Q1,Q2,Q3,D1,,,,,,,,,,,,,,,,,,,,,,,,,,,,,,,,,,,,,,,,,,,,,,,,,,,,,
1210,Q1,Q2,D1,,,,,,,,,,,,,,,,,,,,,,,,,,,,,,,,,,,,,,,,,,,,,,,,,,,,,,,,,,
1211,Q1,Q1,Q2,Q5,Q1,Q2,Q1,Q2,Q5,Q6,Q4,D2,,,,,,,,,,,,,,,,,,,,,,,,,,,,,,,,,,,,,,,,,,,,,,,,,
1212,Q1,Q2,D1,,,,,,,,,,,,,,,,,,,,,,,,,,,,,,,,,,,,,,,,,,,,,,,,,,,,,,,,,,
1213,Q1,Q2,Q2,Q2,Q4,Q4,Q5,Q6,Q1,Q2,Q2,Q1,Q2,D1,,,,,,,,,,,,,,,,,,,,,,,,,,,,,,,,,,,,,,,,,,,,,,,
1214,Q1,Q2,Q2,Q2,Q3,Q4,Q3,Q5,Q6,D1,,,,,,,,,,,,,,,,,,,,,,,,,,,,,,,,,,,,,,,,,,,,,,,,,,,
1215,Q1,Q2,Q4,Q3,Q5,Q6,Q1,D2,,,,,,,,,,,,,,,,,,,,,,,,,,,,,,,,,,,,,,,,,,,,,,,,,,,,,
1216,Q1,Q2,Q1,Q2,Q2,Q4,Q4,D2,,,,,,,,,,,,,,,,,,,,,,,,,,,,,,,,,,,,,,,,,,,,,,,,,,,,,
1217,Q1,Q2,D1,,,,,,,,,,,,,,,,,,,,,,,,,,,,,,,,,,,,,,,,,,,,,,,,,,,,,,,,,,
1218,Q1,Q2,D1,,,,,,,,,,,,,,,,,,,,,,,,,,,,,,,,,,,,,,,,,,,,,,,,,,,,,,,,,,
1219,Q1,Q1,Q2,Q2,Q4,Q4,Q5,Q6,Q1,Q2,Q3,Q5,Q2,Q4,Q5,Q6,Q6,D1,,,,,,,,,,,,,,,,,,,,,,,,,,,,,,,,,,,,,,,,,,,
1220,Q1,Q1,Q2,Q2,Q5,Q2,Q4,D2,,,,,,,,,,,,,,,,,,,,,,,,,,,,,,,,,,,,,,,,,,,,,,,,,,,,,
1221,Q1,Q1,Q1,Q2,Q2,Q2,Q2,Q1,Q2,Q5,Q6,Q1,Q2,Q2,Q2,Q5,Q5,Q5,Q6,Q1,Q1,Q2,Q1,Q2,Q2,Q1,Q2,D1,,,,,,,,,,,,,,,,,,,,,,,,,,,,,,,,,
1222,Q1,Q2,Q3,D2,,,,,,,,,,,,,,,,,,,,,,,,,,,,,,,,,,,,,,,,,,,,,,,,,,,,,,,,,
1223,Q1,D2,,,,,,,,,,,,,,,,,,,,,,,,,,,,,,,,,,,,,,,,,,,,,,,,,,,,,,,,,,,
1224,Q1,Q1,Q2,D1,,,,,,,,,,,,,,,,,,,,,,,,,,,,,,,,,,,,,,,,,,,,,,,,,,,,,,,,,
1225,Q1,Q2,D1,,,,,,,,,,,,,,,,,,,,,,,,,,,,,,,,,,,,,,,,,,,,,,,,,,,,,,,,,,
1226,Q1,D2,,,,,,,,,,,,,,,,,,,,,,,,,,,,,,,,,,,,,,,,,,,,,,,,,,,,,,,,,,,
1227,Q1,Q2,D1,,,,,,,,,,,,,,,,,,,,,,,,,,,,,,,,,,,,,,,,,,,,,,,,,,,,,,,,,,
1228,Q1,Q2,Q2,Q1,Q2,Q3,Q3,Q5,Q6,Q6,D1,,,,,,,,,,,,,,,,,,,,,,,,,,,,,,,,,,,,,,,,,,,,,,,,,,
1229,Q1,Q2,D2,,,,,,,,,,,,,,,,,,,,,,,,,,,,,,,,,,,,,,,,,,,,,,,,,,,,,,,,,,
1230,Q1,Q2,Q5,Q5,Q2,Q2,Q4,Q5,Q6,Q6,D1,,,,,,,,,,,,,,,,,,,,,,,,,,,,,,,,,,,,,,,,,,,,,,,,,,
1231,Q1,Q1,Q1,Q1,Q2,Q5,Q6,Q6,Q1,Q1,Q2,Q3,Q3,Q4,Q5,Q6,Q6,Q6,Q1,Q2,Q3,Q3,Q5,Q5,Q4,Q5,Q5,D1,,,,,,,,,,,,,,,,,,,,,,,,,,,,,,,,,
1232,Q1,Q1,Q1,Q2,Q3,Q3,Q3,Q2,Q2,Q2,Q4,D2,,,,,,,,,,,,,,,,,,,,,,,,,,,,,,,,,,,,,,,,,,,,,,,,,
1233,Q1,Q1,Q2,Q1,Q2,D2,,,,,,,,,,,,,,,,,,,,,,,,,,,,,,,,,,,,,,,,,,,,,,,,,,,,,,,
1234,Q1,Q2,D1,,,,,,,,,,,,,,,,,,,,,,,,,,,,,,,,,,,,,,,,,,,,,,,,,,,,,,,,,,
1235,Q1,Q2,Q2,Q2,Q1,Q2,Q2,D1,,,,,,,,,,,,,,,,,,,,,,,,,,,,,,,,,,,,,,,,,,,,,,,,,,,,,
1236,Q1,Q2,Q2,Q1,Q1,Q2,Q2,Q5,Q6,Q1,Q2,Q1,Q1,Q2,Q1,Q2,Q5,D1,,,,,,,,,,,,,,,,,,,,,,,,,,,,,,,,,,,,,,,,,,,
1237,Q1,Q2,Q2,D1,,,,,,,,,,,,,,,,,,,,,,,,,,,,,,,,,,,,,,,,,,,,,,,,,,,,,,,,,
1238,Q1,Q2,Q4,Q4,Q4,Q5,Q6,Q6,Q1,Q2,Q2,D1,,,,,,,,,,,,,,,,,,,,,,,,,,,,,,,,,,,,,,,,,,,,,,,,,
1239,Q1,D2,,,,,,,,,,,,,,,,,,,,,,,,,,,,,,,,,,,,,,,,,,,,,,,,,,,,,,,,,,,
1240,Q1,Q2,Q3,Q3,Q5,Q5,Q2,D1,,,,,,,,,,,,,,,,,,,,,,,,,,,,,,,,,,,,,,,,,,,,,,,,,,,,,
1241,Q1,Q1,Q2,Q1,Q1,Q2,Q1,D2,,,,,,,,,,,,,,,,,,,,,,,,,,,,,,,,,,,,,,,,,,,,,,,,,,,,,
1242,Q1,Q2,Q1,Q2,D1,,,,,,,,,,,,,,,,,,,,,,,,,,,,,,,,,,,,,,,,,,,,,,,,,,,,,,,,
1243,Q1,Q1,Q2,Q3,Q5,Q5,Q6,Q2,Q5,Q6,Q6,Q2,Q3,D2,,,,,,,,,,,,,,,,,,,,,,,,,,,,,,,,,,,,,,,,,,,,,,,
1244,Q1,Q2,Q2,Q2,Q3,Q3,Q3,D2,,,,,,,,,,,,,,,,,,,,,,,,,,,,,,,,,,,,,,,,,,,,,,,,,,,,,
1245,Q1,Q1,Q2,Q3,D1,,,,,,,,,,,,,,,,,,,,,,,,,,,,,,,,,,,,,,,,,,,,,,,,,,,,,,,,
1246,Q1,Q2,Q2,D1,,,,,,,,,,,,,,,,,,,,,,,,,,,,,,,,,,,,,,,,,,,,,,,,,,,,,,,,,
1247,Q1,Q2,Q1,Q2,D1,,,,,,,,,,,,,,,,,,,,,,,,,,,,,,,,,,,,,,,,,,,,,,,,,,,,,,,,
1248,Q1,D2,,,,,,,,,,,,,,,,,,,,,,,,,,,,,,,,,,,,,,,,,,,,,,,,,,,,,,,,,,,
1249,Q1,Q1,Q2,Q2,Q5,Q6,Q6,Q1,Q2,Q1,D2,,,,,,,,,,,,,,,,,,,,,,,,,,,,,,,,,,,,,,,,,,,,,,,,,,
1250,Q1,Q1,Q2,Q1,Q2,D1,,,,,,,,,,,,,,,,,,,,,,,,,,,,,,,,,,,,,,,,,,,,,,,,,,,,,,,
1251,Q1,Q2,Q1,Q2,Q5,Q6,Q6,Q1,Q2,Q1,Q1,Q2,Q3,Q3,Q3,Q5,Q6,Q6,Q1,Q2,D1,,,,,,,,,,,,,,,,,,,,,,,,,,,,,,,,,,,,,,,,
1252,Q1,D2,,,,,,,,,,,,,,,,,,,,,,,,,,,,,,,,,,,,,,,,,,,,,,,,,,,,,,,,,,,
1253,Q1,Q2,Q5,Q5,Q5,Q6,Q1,Q2,Q3,Q3,D1,,,,,,,,,,,,,,,,,,,,,,,,,,,,,,,,,,,,,,,,,,,,,,,,,,
1254,Q1,D2,,,,,,,,,,,,,,,,,,,,,,,,,,,,,,,,,,,,,,,,,,,,,,,,,,,,,,,,,,,
1255,Q1,Q2,D1,,,,,,,,,,,,,,,,,,,,,,,,,,,,,,,,,,,,,,,,,,,,,,,,,,,,,,,,,,
1256,Q1,Q2,Q4,D1,,,,,,,,,,,,,,,,,,,,,,,,,,,,,,,,,,,,,,,,,,,,,,,,,,,,,,,,,
1257,Q1,D2,,,,,,,,,,,,,,,,,,,,,,,,,,,,,,,,,,,,,,,,,,,,,,,,,,,,,,,,,,,
1258,Q1,Q2,Q3,D1,,,,,,,,,,,,,,,,,,,,,,,,,,,,,,,,,,,,,,,,,,,,,,,,,,,,,,,,,
1259,Q1,D2,,,,,,,,,,,,,,,,,,,,,,,,,,,,,,,,,,,,,,,,,,,,,,,,,,,,,,,,,,,
1260,Q1,Q2,Q2,Q4,Q4,Q4,Q6,Q6,D1,,,,,,,,,,,,,,,,,,,,,,,,,,,,,,,,,,,,,,,,,,,,,,,,,,,,
1261,Q1,D2,,,,,,,,,,,,,,,,,,,,,,,,,,,,,,,,,,,,,,,,,,,,,,,,,,,,,,,,,,,
1262,Q1,Q2,Q2,Q2,Q2,Q3,D2,,,,,,,,,,,,,,,,,,,,,,,,,,,,,,,,,,,,,,,,,,,,,,,,,,,,,,
1263,Q1,Q2,Q2,Q2,Q5,Q1,Q2,Q5,Q3,Q3,Q3,Q5,Q5,D1,,,,,,,,,,,,,,,,,,,,,,,,,,,,,,,,,,,,,,,,,,,,,,,
1264,Q1,Q2,Q1,Q2,Q2,Q3,D1,,,,,,,,,,,,,,,,,,,,,,,,,,,,,,,,,,,,,,,,,,,,,,,,,,,,,,
1265,Q1,Q2,D1,,,,,,,,,,,,,,,,,,,,,,,,,,,,,,,,,,,,,,,,,,,,,,,,,,,,,,,,,,
1266,Q1,Q2,Q2,Q3,Q2,Q3,D1,,,,,,,,,,,,,,,,,,,,,,,,,,,,,,,,,,,,,,,,,,,,,,,,,,,,,,
1267,Q1,Q2,Q4,Q6,Q6,Q1,Q2,Q2,Q3,Q4,Q5,Q6,Q6,Q6,Q6,Q4,Q6,D1,,,,,,,,,,,,,,,,,,,,,,,,,,,,,,,,,,,,,,,,,,,
1268,Q1,Q1,Q2,Q2,Q2,Q2,Q2,Q1,Q2,Q1,Q2,Q2,Q3,D1,,,,,,,,,,,,,,,,,,,,,,,,,,,,,,,,,,,,,,,,,,,,,,,
1269,Q1,Q2,D2,,,,,,,,,,,,,,,,,,,,,,,,,,,,,,,,,,,,,,,,,,,,,,,,,,,,,,,,,,
1270,Q1,Q2,Q1,Q2,Q2,D1,,,,,,,,,,,,,,,,,,,,,,,,,,,,,,,,,,,,,,,,,,,,,,,,,,,,,,,
1271,Q1,Q2,Q1,Q2,D1,,,,,,,,,,,,,,,,,,,,,,,,,,,,,,,,,,,,,,,,,,,,,,,,,,,,,,,,
1272,Q1,Q2,Q3,Q2,Q5,Q4,D2,,,,,,,,,,,,,,,,,,,,,,,,,,,,,,,,,,,,,,,,,,,,,,,,,,,,,,
1273,Q1,Q2,Q2,D1,,,,,,,,,,,,,,,,,,,,,,,,,,,,,,,,,,,,,,,,,,,,,,,,,,,,,,,,,
1274,Q1,Q2,Q2,Q2,Q2,Q1,Q2,Q2,Q5,Q4,D2,,,,,,,,,,,,,,,,,,,,,,,,,,,,,,,,,,,,,,,,,,,,,,,,,,
1275,Q1,Q2,Q2,D1,,,,,,,,,,,,,,,,,,,,,,,,,,,,,,,,,,,,,,,,,,,,,,,,,,,,,,,,,
1276,Q1,Q2,Q3,Q3,D2,,,,,,,,,,,,,,,,,,,,,,,,,,,,,,,,,,,,,,,,,,,,,,,,,,,,,,,,
1277,Q1,Q2,Q3,Q3,Q5,Q5,Q6,Q1,Q2,Q2,D1,,,,,,,,,,,,,,,,,,,,,,,,,,,,,,,,,,,,,,,,,,,,,,,,,,
1278,Q1,Q2,Q3,Q3,D1,,,,,,,,,,,,,,,,,,,,,,,,,,,,,,,,,,,,,,,,,,,,,,,,,,,,,,,,
1279,Q1,Q2,Q3,Q5,Q2,Q5,Q6,Q1,Q2,D1,,,,,,,,,,,,,,,,,,,,,,,,,,,,,,,,,,,,,,,,,,,,,,,,,,,
1280,Q1,Q2,D1,,,,,,,,,,,,,,,,,,,,,,,,,,,,,,,,,,,,,,,,,,,,,,,,,,,,,,,,,,
1281,Q1,Q2,Q5,D1,,,,,,,,,,,,,,,,,,,,,,,,,,,,,,,,,,,,,,,,,,,,,,,,,,,,,,,,,
1282,Q1,Q2,Q5,Q6,D1,,,,,,,,,,,,,,,,,,,,,,,,,,,,,,,,,,,,,,,,,,,,,,,,,,,,,,,,
1283,Q1,Q1,Q2,Q2,Q5,Q1,D2,,,,,,,,,,,,,,,,,,,,,,,,,,,,,,,,,,,,,,,,,,,,,,,,,,,,,,
1284,Q1,Q2,Q3,Q2,Q1,Q2,Q4,Q3,Q5,Q5,Q5,Q5,Q1,Q2,D1,,,,,,,,,,,,,,,,,,,,,,,,,,,,,,,,,,,,,,,,,,,,,,
1285,Q1,Q2,Q3,Q5,Q5,Q2,Q4,Q4,D2,,,,,,,,,,,,,,,,,,,,,,,,,,,,,,,,,,,,,,,,,,,,,,,,,,,,
1286,Q1,Q2,Q1,Q1,Q2,Q5,D1,,,,,,,,,,,,,,,,,,,,,,,,,,,,,,,,,,,,,,,,,,,,,,,,,,,,,,
1287,Q1,Q2,Q3,Q3,Q2,Q2,Q5,D1,,,,,,,,,,,,,,,,,,,,,,,,,,,,,,,,,,,,,,,,,,,,,,,,,,,,,
1288,Q1,Q2,Q2,Q1,Q2,Q1,Q2,Q2,Q3,Q2,Q2,D1,,,,,,,,,,,,,,,,,,,,,,,,,,,,,,,,,,,,,,,,,,,,,,,,,
1289,Q1,Q2,Q2,D1,,,,,,,,,,,,,,,,,,,,,,,,,,,,,,,,,,,,,,,,,,,,,,,,,,,,,,,,,
1290,Q1,Q1,Q2,Q5,Q5,Q3,Q4,Q4,D2,,,,,,,,,,,,,,,,,,,,,,,,,,,,,,,,,,,,,,,,,,,,,,,,,,,,
1291,Q1,Q2,Q2,Q5,Q5,Q5,Q6,Q2,Q2,Q4,Q5,Q5,Q6,Q1,Q2,Q2,Q5,Q2,Q2,Q3,Q1,Q2,Q2,Q5,Q6,D1,,,,,,,,,,,,,,,,,,,,,,,,,,,,,,,,,,,
1292,Q1,Q2,Q2,Q2,D1,,,,,,,,,,,,,,,,,,,,,,,,,,,,,,,,,,,,,,,,,,,,,,,,,,,,,,,,
1293,Q1,Q2,Q5,Q5,Q6,Q6,Q4,Q5,Q6,Q1,Q2,Q1,Q2,Q4,Q4,Q4,Q5,Q5,Q5,Q3,Q1,Q2,D1,,,,,,,,,,,,,,,,,,,,,,,,,,,,,,,,,,,,,,
1294,Q1,Q2,Q2,Q2,Q2,D1,,,,,,,,,,,,,,,,,,,,,,,,,,,,,,,,,,,,,,,,,,,,,,,,,,,,,,,
1295,Q1,Q2,Q2,Q1,Q1,Q2,D1,,,,,,,,,,,,,,,,,,,,,,,,,,,,,,,,,,,,,,,,,,,,,,,,,,,,,,
1296,Q1,Q1,Q2,Q1,Q2,Q5,Q5,Q5,Q5,Q6,Q1,Q2,Q3,Q5,Q2,Q4,Q4,Q4,Q6,Q6,Q2,Q1,Q2,Q4,Q3,D2,,,,,,,,,,,,,,,,,,,,,,,,,,,,,,,,,,,
1297,Q1,Q2,Q5,Q5,Q5,Q3,Q4,D2,,,,,,,,,,,,,,,,,,,,,,,,,,,,,,,,,,,,,,,,,,,,,,,,,,,,,
1298,Q1,Q2,Q2,Q1,Q2,Q2,Q2,Q2,Q2,Q2,Q1,Q2,D1,,,,,,,,,,,,,,,,,,,,,,,,,,,,,,,,,,,,,,,,,,,,,,,,
1299,Q1,Q2,Q3,Q3,Q5,Q6,Q1,Q2,Q3,Q4,Q3,Q2,D1,,,,,,,,,,,,,,,,,,,,,,,,,,,,,,,,,,,,,,,,,,,,,,,,
1300,Q1,Q2,Q2,Q3,Q5,Q4,Q4,D2,,,,,,,,,,,,,,,,,,,,,,,,,,,,,,,,,,,,,,,,,,,,,,,,,,,,,
1301,Q1,Q2,Q2,Q2,Q4,Q4,Q4,Q4,Q5,Q5,Q3,Q5,Q2,Q2,Q2,Q5,Q1,Q2,Q2,Q3,Q4,Q4,Q6,Q6,D1,,,,,,,,,,,,,,,,,,,,,,,,,,,,,,,,,,,,
1302,Q1,Q2,Q3,D2,,,,,,,,,,,,,,,,,,,,,,,,,,,,,,,,,,,,,,,,,,,,,,,,,,,,,,,,,
1303,Q1,Q2,D1,,,,,,,,,,,,,,,,,,,,,,,,,,,,,,,,,,,,,,,,,,,,,,,,,,,,,,,,,,
1304,Q1,Q2,Q5,Q5,Q3,Q3,Q5,Q2,Q2,Q1,Q1,Q2,Q3,Q4,Q4,D2,,,,,,,,,,,,,,,,,,,,,,,,,,,,,,,,,,,,,,,,,,,,,
1305,Q1,Q1,D2,,,,,,,,,,,,,,,,,,,,,,,,,,,,,,,,,,,,,,,,,,,,,,,,,,,,,,,,,,
1306,Q1,Q2,Q3,Q4,Q5,Q5,Q6,Q6,Q6,Q2,Q2,Q2,Q2,Q5,Q1,Q2,Q2,Q2,Q2,Q5,Q6,Q6,D1,,,,,,,,,,,,,,,,,,,,,,,,,,,,,,,,,,,,,,
1307,Q1,Q2,D1,,,,,,,,,,,,,,,,,,,,,,,,,,,,,,,,,,,,,,,,,,,,,,,,,,,,,,,,,,
1308,Q1,Q2,D1,,,,,,,,,,,,,,,,,,,,,,,,,,,,,,,,,,,,,,,,,,,,,,,,,,,,,,,,,,
1309,Q1,Q2,Q2,Q3,D1,,,,,,,,,,,,,,,,,,,,,,,,,,,,,,,,,,,,,,,,,,,,,,,,,,,,,,,,
1310,Q1,Q2,Q3,Q4,Q4,Q4,Q6,Q6,Q1,Q2,D1,,,,,,,,,,,,,,,,,,,,,,,,,,,,,,,,,,,,,,,,,,,,,,,,,,
1311,Q1,Q2,Q5,Q6,Q2,Q1,Q2,Q2,D1,,,,,,,,,,,,,,,,,,,,,,,,,,,,,,,,,,,,,,,,,,,,,,,,,,,,
1312,Q1,Q1,Q2,Q2,Q2,D1,,,,,,,,,,,,,,,,,,,,,,,,,,,,,,,,,,,,,,,,,,,,,,,,,,,,,,,
1313,Q1,Q2,Q5,Q5,Q6,Q6,Q6,D1,,,,,,,,,,,,,,,,,,,,,,,,,,,,,,,,,,,,,,,,,,,,,,,,,,,,,
1314,Q1,Q2,Q5,Q5,Q1,Q1,Q2,Q2,Q3,Q3,Q3,Q3,Q5,Q5,Q5,Q6,Q6,D1,,,,,,,,,,,,,,,,,,,,,,,,,,,,,,,,,,,,,,,,,,,
1315,Q1,Q2,Q5,Q5,Q6,Q6,D1,,,,,,,,,,,,,,,,,,,,,,,,,,,,,,,,,,,,,,,,,,,,,,,,,,,,,,
1316,Q1,Q2,Q5,Q6,Q1,Q1,D2,,,,,,,,,,,,,,,,,,,,,,,,,,,,,,,,,,,,,,,,,,,,,,,,,,,,,,
1317,Q1,Q2,Q2,Q5,Q6,Q6,Q1,Q2,D1,,,,,,,,,,,,,,,,,,,,,,,,,,,,,,,,,,,,,,,,,,,,,,,,,,,,
1318,Q1,Q2,Q1,Q2,Q2,Q4,Q5,Q6,D1,,,,,,,,,,,,,,,,,,,,,,,,,,,,,,,,,,,,,,,,,,,,,,,,,,,,
1319,Q1,Q2,Q2,D2,,,,,,,,,,,,,,,,,,,,,,,,,,,,,,,,,,,,,,,,,,,,,,,,,,,,,,,,,
1320,Q1,D2,,,,,,,,,,,,,,,,,,,,,,,,,,,,,,,,,,,,,,,,,,,,,,,,,,,,,,,,,,,
1321,Q1,Q2,Q3,Q3,Q4,Q5,Q6,Q1,Q2,Q3,Q5,Q4,D2,,,,,,,,,,,,,,,,,,,,,,,,,,,,,,,,,,,,,,,,,,,,,,,,
1322,Q1,Q1,Q2,Q1,Q2,D1,,,,,,,,,,,,,,,,,,,,,,,,,,,,,,,,,,,,,,,,,,,,,,,,,,,,,,,
1323,Q1,Q2,D1,,,,,,,,,,,,,,,,,,,,,,,,,,,,,,,,,,,,,,,,,,,,,,,,,,,,,,,,,,
1324,Q1,Q1,Q2,Q3,Q3,Q4,Q4,Q6,Q6,Q1,Q2,Q5,Q6,Q1,Q2,Q5,Q3,Q4,D2,,,,,,,,,,,,,,,,,,,,,,,,,,,,,,,,,,,,,,,,,,
1325,Q1,Q2,Q5,Q6,Q2,Q5,Q2,Q2,Q3,Q3,D2,,,,,,,,,,,,,,,,,,,,,,,,,,,,,,,,,,,,,,,,,,,,,,,,,,
1326,Q1,Q2,Q2,Q3,Q5,Q6,Q1,D2,,,,,,,,,,,,,,,,,,,,,,,,,,,,,,,,,,,,,,,,,,,,,,,,,,,,,
1327,Q1,Q1,Q2,Q2,D1,,,,,,,,,,,,,,,,,,,,,,,,,,,,,,,,,,,,,,,,,,,,,,,,,,,,,,,,
1328,Q1,Q2,Q3,Q2,Q4,Q5,Q6,D1,,,,,,,,,,,,,,,,,,,,,,,,,,,,,,,,,,,,,,,,,,,,,,,,,,,,,
1329,Q1,Q2,Q2,Q5,Q5,Q5,Q5,Q5,Q4,Q4,Q6,Q1,Q2,D1,,,,,,,,,,,,,,,,,,,,,,,,,,,,,,,,,,,,,,,,,,,,,,,
1330,Q1,Q2,Q1,D2,,,,,,,,,,,,,,,,,,,,,,,,,,,,,,,,,,,,,,,,,,,,,,,,,,,,,,,,,
1331,Q1,Q2,D1,,,,,,,,,,,,,,,,,,,,,,,,,,,,,,,,,,,,,,,,,,,,,,,,,,,,,,,,,,
1332,Q1,Q2,Q2,Q1,Q2,Q1,Q2,Q3,D1,,,,,,,,,,,,,,,,,,,,,,,,,,,,,,,,,,,,,,,,,,,,,,,,,,,,
1333,Q1,Q2,D1,,,,,,,,,,,,,,,,,,,,,,,,,,,,,,,,,,,,,,,,,,,,,,,,,,,,,,,,,,
1334,Q1,Q2,D1,,,,,,,,,,,,,,,,,,,,,,,,,,,,,,,,,,,,,,,,,,,,,,,,,,,,,,,,,,
1335,Q1,Q2,Q3,Q3,Q2,Q1,Q2,Q4,Q5,Q5,Q6,Q6,Q1,Q2,Q3,Q5,Q5,Q5,Q5,Q6,Q1,Q2,Q1,Q2,Q2,Q3,D1,,,,,,,,,,,,,,,,,,,,,,,,,,,,,,,,,,
1336,Q1,Q2,D1,,,,,,,,,,,,,,,,,,,,,,,,,,,,,,,,,,,,,,,,,,,,,,,,,,,,,,,,,,
1337,Q1,Q2,Q5,Q5,Q6,Q1,Q2,Q5,Q5,Q6,D1,,,,,,,,,,,,,,,,,,,,,,,,,,,,,,,,,,,,,,,,,,,,,,,,,,
1338,Q1,Q2,Q1,Q2,D2,,,,,,,,,,,,,,,,,,,,,,,,,,,,,,,,,,,,,,,,,,,,,,,,,,,,,,,,
1339,Q1,Q2,Q5,Q2,Q3,Q2,Q5,Q5,Q6,Q1,Q2,Q5,Q1,Q2,Q3,Q1,Q2,Q3,D1,,,,,,,,,,,,,,,,,,,,,,,,,,,,,,,,,,,,,,,,,,
1340,Q1,Q1,Q2,D1,,,,,,,,,,,,,,,,,,,,,,,,,,,,,,,,,,,,,,,,,,,,,,,,,,,,,,,,,
1341,Q1,Q2,Q3,Q4,Q5,Q4,D1,,,,,,,,,,,,,,,,,,,,,,,,,,,,,,,,,,,,,,,,,,,,,,,,,,,,,,
1342,Q1,Q2,D1,,,,,,,,,,,,,,,,,,,,,,,,,,,,,,,,,,,,,,,,,,,,,,,,,,,,,,,,,,
1343,Q1,Q2,Q2,Q4,Q4,Q5,Q6,Q2,Q3,Q5,Q5,Q5,Q5,Q4,Q5,Q4,D2,,,,,,,,,,,,,,,,,,,,,,,,,,,,,,,,,,,,,,,,,,,,
1344,Q1,Q2,Q3,D1,,,,,,,,,,,,,,,,,,,,,,,,,,,,,,,,,,,,,,,,,,,,,,,,,,,,,,,,,
1345,Q1,Q2,Q2,Q1,Q2,Q2,Q5,Q1,Q2,Q5,Q6,D1,,,,,,,,,,,,,,,,,,,,,,,,,,,,,,,,,,,,,,,,,,,,,,,,,
1346,Q1,Q2,Q2,Q3,Q1,D2,,,,,,,,,,,,,,,,,,,,,,,,,,,,,,,,,,,,,,,,,,,,,,,,,,,,,,,
1347,Q1,Q1,Q2,Q1,Q2,Q2,Q2,D1,,,,,,,,,,,,,,,,,,,,,,,,,,,,,,,,,,,,,,,,,,,,,,,,,,,,,
1348,Q1,Q2,Q2,D1,,,,,,,,,,,,,,,,,,,,,,,,,,,,,,,,,,,,,,,,,,,,,,,,,,,,,,,,,
1349,Q1,Q2,Q4,Q3,Q2,D1,,,,,,,,,,,,,,,,,,,,,,,,,,,,,,,,,,,,,,,,,,,,,,,,,,,,,,,
1350,Q1,Q1,Q2,Q2,D1,,,,,,,,,,,,,,,,,,,,,,,,,,,,,,,,,,,,,,,,,,,,,,,,,,,,,,,,
1351,Q1,Q2,Q2,Q4,Q4,Q4,D2,,,,,,,,,,,,,,,,,,,,,,,,,,,,,,,,,,,,,,,,,,,,,,,,,,,,,,
1352,Q1,Q2,Q1,Q2,Q1,Q1,Q2,Q2,D1,,,,,,,,,,,,,,,,,,,,,,,,,,,,,,,,,,,,,,,,,,,,,,,,,,,,
1353,Q1,Q2,Q2,Q2,Q3,Q5,Q6,D1,,,,,,,,,,,,,,,,,,,,,,,,,,,,,,,,,,,,,,,,,,,,,,,,,,,,,
1354,Q1,Q2,Q2,Q2,Q2,D1,,,,,,,,,,,,,,,,,,,,,,,,,,,,,,,,,,,,,,,,,,,,,,,,,,,,,,,
1355,Q1,Q2,Q3,Q3,Q5,Q2,D1,,,,,,,,,,,,,,,,,,,,,,,,,,,,,,,,,,,,,,,,,,,,,,,,,,,,,,
1356,Q1,Q2,Q2,Q2,Q2,Q5,Q2,Q2,Q3,Q5,Q6,D1,,,,,,,,,,,,,,,,,,,,,,,,,,,,,,,,,,,,,,,,,,,,,,,,,
1357,Q1,Q2,Q2,Q3,Q5,Q3,Q5,Q6,Q1,Q2,Q3,Q5,Q1,Q2,Q2,Q1,Q1,Q2,Q2,Q2,Q4,Q6,Q6,D1,,,,,,,,,,,,,,,,,,,,,,,,,,,,,,,,,,,,,
1358,Q1,Q1,Q2,D1,,,,,,,,,,,,,,,,,,,,,,,,,,,,,,,,,,,,,,,,,,,,,,,,,,,,,,,,,
1359,Q1,Q2,Q5,Q1,Q2,Q1,Q2,Q2,Q2,Q2,Q1,Q2,Q1,Q2,D1,,,,,,,,,,,,,,,,,,,,,,,,,,,,,,,,,,,,,,,,,,,,,,
1360,Q1,Q2,Q2,Q2,Q1,Q2,Q3,Q1,Q2,Q2,Q5,Q5,Q5,Q5,Q6,Q1,Q2,Q1,Q2,D1,,,,,,,,,,,,,,,,,,,,,,,,,,,,,,,,,,,,,,,,,
1361,Q1,Q2,D2,,,,,,,,,,,,,,,,,,,,,,,,,,,,,,,,,,,,,,,,,,,,,,,,,,,,,,,,,,
1362,Q1,Q2,Q3,Q1,Q2,Q1,Q2,D1,,,,,,,,,,,,,,,,,,,,,,,,,,,,,,,,,,,,,,,,,,,,,,,,,,,,,
1363,Q1,Q2,Q3,Q2,Q2,Q5,Q6,Q1,Q1,Q2,Q2,Q2,Q2,Q3,Q5,Q5,Q4,D2,,,,,,,,,,,,,,,,,,,,,,,,,,,,,,,,,,,,,,,,,,,
1364,Q1,Q2,D2,,,,,,,,,,,,,,,,,,,,,,,,,,,,,,,,,,,,,,,,,,,,,,,,,,,,,,,,,,
1365,Q1,Q2,Q3,Q3,D1,,,,,,,,,,,,,,,,,,,,,,,,,,,,,,,,,,,,,,,,,,,,,,,,,,,,,,,,
1366,Q1,Q2,D1,,,,,,,,,,,,,,,,,,,,,,,,,,,,,,,,,,,,,,,,,,,,,,,,,,,,,,,,,,
1367,Q1,Q2,Q3,Q5,Q1,Q1,Q2,Q3,Q5,Q4,D2,,,,,,,,,,,,,,,,,,,,,,,,,,,,,,,,,,,,,,,,,,,,,,,,,,
1368,Q1,Q2,Q2,Q5,Q5,Q5,Q5,Q5,Q6,Q2,Q3,D1,,,,,,,,,,,,,,,,,,,,,,,,,,,,,,,,,,,,,,,,,,,,,,,,,
1369,Q1,Q2,Q3,Q2,Q2,D1,,,,,,,,,,,,,,,,,,,,,,,,,,,,,,,,,,,,,,,,,,,,,,,,,,,,,,,
1370,Q1,Q2,Q2,Q1,Q2,Q1,Q2,Q5,Q6,D1,,,,,,,,,,,,,,,,,,,,,,,,,,,,,,,,,,,,,,,,,,,,,,,,,,,
1371,Q1,Q2,Q3,Q5,Q5,D1,,,,,,,,,,,,,,,,,,,,,,,,,,,,,,,,,,,,,,,,,,,,,,,,,,,,,,,
1372,Q1,Q2,Q3,Q3,Q4,Q4,Q6,Q6,Q4,Q4,Q5,Q5,Q6,D1,,,,,,,,,,,,,,,,,,,,,,,,,,,,,,,,,,,,,,,,,,,,,,,
1373,Q1,Q1,Q2,Q2,Q1,Q2,Q5,Q6,Q1,Q1,Q2,Q2,Q2,Q1,Q1,Q2,Q2,Q5,Q5,Q5,Q5,Q1,Q1,Q2,Q1,Q1,Q2,Q2,Q2,Q3,Q5,Q6,D1,,,,,,,,,,,,,,,,,,,,,,,,,,,,
1374,Q1,Q2,Q1,Q2,Q5,Q5,Q6,D1,,,,,,,,,,,,,,,,,,,,,,,,,,,,,,,,,,,,,,,,,,,,,,,,,,,,,
1375,Q1,Q2,Q2,D1,,,,,,,,,,,,,,,,,,,,,,,,,,,,,,,,,,,,,,,,,,,,,,,,,,,,,,,,,
1376,Q1,Q2,Q3,Q4,D2,,,,,,,,,,,,,,,,,,,,,,,,,,,,,,,,,,,,,,,,,,,,,,,,,,,,,,,,
1377,Q1,Q1,Q2,Q2,Q2,D1,,,,,,,,,,,,,,,,,,,,,,,,,,,,,,,,,,,,,,,,,,,,,,,,,,,,,,,
1378,Q1,Q2,Q4,Q6,Q1,Q2,Q1,D2,,,,,,,,,,,,,,,,,,,,,,,,,,,,,,,,,,,,,,,,,,,,,,,,,,,,,
1379,Q1,Q2,Q3,Q1,Q2,Q1,Q2,Q1,Q1,Q2,Q4,Q4,Q4,Q5,Q6,Q4,Q6,D1,,,,,,,,,,,,,,,,,,,,,,,,,,,,,,,,,,,,,,,,,,,
1380,Q1,Q2,Q5,Q5,D1,,,,,,,,,,,,,,,,,,,,,,,,,,,,,,,,,,,,,,,,,,,,,,,,,,,,,,,,
1381,Q1,Q2,Q5,Q6,Q6,Q6,D1,,,,,,,,,,,,,,,,,,,,,,,,,,,,,,,,,,,,,,,,,,,,,,,,,,,,,,
1382,Q1,Q2,Q5,Q2,Q1,Q2,D1,,,,,,,,,,,,,,,,,,,,,,,,,,,,,,,,,,,,,,,,,,,,,,,,,,,,,,
1383,Q1,Q1,D2,,,,,,,,,,,,,,,,,,,,,,,,,,,,,,,,,,,,,,,,,,,,,,,,,,,,,,,,,,
1384,Q1,Q1,Q2,Q2,Q3,Q5,Q5,Q6,D1,,,,,,,,,,,,,,,,,,,,,,,,,,,,,,,,,,,,,,,,,,,,,,,,,,,,
1385,Q1,Q2,D1,,,,,,,,,,,,,,,,,,,,,,,,,,,,,,,,,,,,,,,,,,,,,,,,,,,,,,,,,,
1386,Q1,Q1,Q2,D1,,,,,,,,,,,,,,,,,,,,,,,,,,,,,,,,,,,,,,,,,,,,,,,,,,,,,,,,,
1387,Q1,Q2,Q3,Q3,Q3,Q3,Q4,Q4,D2,,,,,,,,,,,,,,,,,,,,,,,,,,,,,,,,,,,,,,,,,,,,,,,,,,,,
1388,Q1,Q2,Q3,Q5,Q5,Q5,Q6,Q1,Q2,Q3,D1,,,,,,,,,,,,,,,,,,,,,,,,,,,,,,,,,,,,,,,,,,,,,,,,,,
1389,Q1,Q2,Q2,Q2,Q2,Q5,Q5,Q6,Q1,Q2,Q4,Q4,Q4,Q5,Q6,Q6,Q6,Q6,Q6,Q1,D2,,,,,,,,,,,,,,,,,,,,,,,,,,,,,,,,,,,,,,,,
1390,Q1,Q2,Q1,Q2,Q1,Q2,Q2,Q1,Q2,Q2,Q2,D1,,,,,,,,,,,,,,,,,,,,,,,,,,,,,,,,,,,,,,,,,,,,,,,,,
1391,Q1,Q2,Q3,Q4,Q5,Q5,Q4,Q4,Q5,Q6,Q1,Q1,Q2,Q1,Q1,Q2,D1,,,,,,,,,,,,,,,,,,,,,,,,,,,,,,,,,,,,,,,,,,,,
1392,Q1,D2,,,,,,,,,,,,,,,,,,,,,,,,,,,,,,,,,,,,,,,,,,,,,,,,,,,,,,,,,,,
1393,Q1,Q1,Q2,Q2,Q2,D1,,,,,,,,,,,,,,,,,,,,,,,,,,,,,,,,,,,,,,,,,,,,,,,,,,,,,,,
1394,Q1,Q2,Q3,Q4,Q6,Q1,Q2,Q2,Q2,Q3,Q5,Q2,Q3,Q2,Q2,Q1,Q2,Q3,Q4,Q6,Q1,Q2,Q1,Q2,Q5,Q6,D1,,,,,,,,,,,,,,,,,,,,,,,,,,,,,,,,,,
1395,Q1,Q2,Q4,Q5,Q5,Q6,D1,,,,,,,,,,,,,,,,,,,,,,,,,,,,,,,,,,,,,,,,,,,,,,,,,,,,,,
1396,Q1,Q2,Q2,Q5,Q3,Q5,Q1,Q2,Q3,Q3,Q5,Q6,Q1,Q2,Q2,Q1,Q2,Q2,Q3,Q5,Q6,Q1,Q2,Q3,Q5,Q1,Q2,Q5,Q5,Q5,Q5,Q4,Q5,Q6,D1,,,,,,,,,,,,,,,,,,,,,,,,,,
1397,Q1,Q1,Q2,Q2,D1,,,,,,,,,,,,,,,,,,,,,,,,,,,,,,,,,,,,,,,,,,,,,,,,,,,,,,,,
1398,Q1,Q2,Q1,Q2,D1,,,,,,,,,,,,,,,,,,,,,,,,,,,,,,,,,,,,,,,,,,,,,,,,,,,,,,,,
1399,Q1,Q2,Q3,Q3,Q5,Q2,Q5,Q5,Q6,Q1,Q2,Q3,Q5,Q1,D2,,,,,,,,,,,,,,,,,,,,,,,,,,,,,,,,,,,,,,,,,,,,,,
1400,Q1,Q2,Q2,Q2,Q2,Q1,Q1,Q2,Q3,Q2,Q3,Q3,Q3,D1,,,,,,,,,,,,,,,,,,,,,,,,,,,,,,,,,,,,,,,,,,,,,,,
1401,Q1,Q2,Q2,Q1,Q2,Q3,Q4,Q6,Q6,Q1,Q2,Q3,Q2,Q2,Q1,Q2,Q3,Q5,D1,,,,,,,,,,,,,,,,,,,,,,,,,,,,,,,,,,,,,,,,,,
1402,Q1,Q1,Q2,Q2,Q4,Q5,Q5,Q5,Q5,Q6,Q2,Q5,Q6,D1,,,,,,,,,,,,,,,,,,,,,,,,,,,,,,,,,,,,,,,,,,,,,,,
1403,Q1,Q2,Q3,Q3,Q2,Q2,Q2,Q5,Q6,Q2,Q1,Q2,Q5,Q5,Q1,Q2,Q3,D1,,,,,,,,,,,,,,,,,,,,,,,,,,,,,,,,,,,,,,,,,,,
1404,Q1,Q2,Q5,Q5,Q4,Q4,D2,,,,,,,,,,,,,,,,,,,,,,,,,,,,,,,,,,,,,,,,,,,,,,,,,,,,,,
1405,Q1,Q2,Q5,Q6,Q1,Q1,Q2,Q1,Q2,Q1,Q2,Q2,Q2,Q3,D2,,,,,,,,,,,,,,,,,,,,,,,,,,,,,,,,,,,,,,,,,,,,,,
1406,Q1,Q1,Q2,Q4,Q5,Q1,Q1,Q2,D1,,,,,,,,,,,,,,,,,,,,,,,,,,,,,,,,,,,,,,,,,,,,,,,,,,,,
1407,Q1,Q1,Q2,Q2,Q5,Q6,Q6,Q2,Q3,Q4,Q4,Q4,Q6,Q1,Q2,Q3,D1,,,,,,,,,,,,,,,,,,,,,,,,,,,,,,,,,,,,,,,,,,,,
1408,Q1,Q2,D1,,,,,,,,,,,,,,,,,,,,,,,,,,,,,,,,,,,,,,,,,,,,,,,,,,,,,,,,,,
1409,Q1,Q2,Q5,Q6,Q6,Q1,Q2,Q5,Q5,Q6,Q2,Q2,D1,,,,,,,,,,,,,,,,,,,,,,,,,,,,,,,,,,,,,,,,,,,,,,,,
1410,Q1,Q2,Q2,Q2,Q2,Q3,Q4,Q5,Q6,Q6,Q2,Q1,Q2,Q1,Q2,Q5,Q6,Q6,D1,,,,,,,,,,,,,,,,,,,,,,,,,,,,,,,,,,,,,,,,,,
1411,Q1,Q2,D1,,,,,,,,,,,,,,,,,,,,,,,,,,,,,,,,,,,,,,,,,,,,,,,,,,,,,,,,,,
1412,Q1,Q2,Q5,Q5,D1,,,,,,,,,,,,,,,,,,,,,,,,,,,,,,,,,,,,,,,,,,,,,,,,,,,,,,,,
1413,Q1,Q2,Q2,Q2,Q2,Q1,Q1,Q2,Q5,Q5,Q5,Q5,Q5,Q2,Q5,Q5,Q5,Q1,Q2,Q2,Q4,Q4,Q4,Q5,Q3,Q5,Q6,Q1,Q2,D1,,,,,,,,,,,,,,,,,,,,,,,,,,,,,,,
1414,Q1,Q2,Q5,Q3,Q3,Q5,Q6,Q6,D1,,,,,,,,,,,,,,,,,,,,,,,,,,,,,,,,,,,,,,,,,,,,,,,,,,,,
1415,Q1,Q2,Q1,D2,,,,,,,,,,,,,,,,,,,,,,,,,,,,,,,,,,,,,,,,,,,,,,,,,,,,,,,,,
1416,Q1,Q2,Q3,Q5,Q5,Q1,Q2,Q2,Q2,Q2,Q2,Q2,Q2,Q1,Q2,Q3,Q5,Q4,D2,,,,,,,,,,,,,,,,,,,,,,,,,,,,,,,,,,,,,,,,,,
1417,Q1,Q2,Q5,Q4,Q4,D1,,,,,,,,,,,,,,,,,,,,,,,,,,,,,,,,,,,,,,,,,,,,,,,,,,,,,,,
1418,Q1,Q2,D1,,,,,,,,,,,,,,,,,,,,,,,,,,,,,,,,,,,,,,,,,,,,,,,,,,,,,,,,,,
1419,Q1,Q2,D1,,,,,,,,,,,,,,,,,,,,,,,,,,,,,,,,,,,,,,,,,,,,,,,,,,,,,,,,,,
1420,Q1,D2,,,,,,,,,,,,,,,,,,,,,,,,,,,,,,,,,,,,,,,,,,,,,,,,,,,,,,,,,,,
1421,Q1,Q1,Q2,Q5,Q4,Q4,Q5,Q4,D2,,,,,,,,,,,,,,,,,,,,,,,,,,,,,,,,,,,,,,,,,,,,,,,,,,,,
1422,Q1,Q2,Q2,Q5,D1,,,,,,,,,,,,,,,,,,,,,,,,,,,,,,,,,,,,,,,,,,,,,,,,,,,,,,,,
1423,Q1,Q2,Q2,Q5,Q5,Q6,Q1,Q2,Q2,Q1,Q2,Q1,D2,,,,,,,,,,,,,,,,,,,,,,,,,,,,,,,,,,,,,,,,,,,,,,,,
1424,Q1,Q2,Q1,Q2,D1,,,,,,,,,,,,,,,,,,,,,,,,,,,,,,,,,,,,,,,,,,,,,,,,,,,,,,,,
1425,Q1,Q1,Q2,Q1,Q2,Q1,Q1,Q2,Q4,Q5,Q5,Q5,Q6,Q6,D1,,,,,,,,,,,,,,,,,,,,,,,,,,,,,,,,,,,,,,,,,,,,,,
1426,Q1,Q2,Q2,Q1,Q2,Q1,Q2,Q2,Q1,Q1,D2,,,,,,,,,,,,,,,,,,,,,,,,,,,,,,,,,,,,,,,,,,,,,,,,,,
1427,Q1,Q2,Q1,Q1,Q2,Q2,D2,,,,,,,,,,,,,,,,,,,,,,,,,,,,,,,,,,,,,,,,,,,,,,,,,,,,,,
1428,Q1,Q2,Q1,Q2,D1,,,,,,,,,,,,,,,,,,,,,,,,,,,,,,,,,,,,,,,,,,,,,,,,,,,,,,,,
1429,Q1,Q2,Q4,Q6,Q1,Q2,Q2,Q5,Q5,Q4,Q5,Q5,Q5,Q6,Q1,Q2,Q2,Q4,Q5,Q6,D1,,,,,,,,,,,,,,,,,,,,,,,,,,,,,,,,,,,,,,,,
1430,Q1,Q2,Q2,Q2,D1,,,,,,,,,,,,,,,,,,,,,,,,,,,,,,,,,,,,,,,,,,,,,,,,,,,,,,,,
1431,Q1,Q2,Q5,Q5,Q6,Q6,Q4,D2,,,,,,,,,,,,,,,,,,,,,,,,,,,,,,,,,,,,,,,,,,,,,,,,,,,,,
1432,Q1,Q2,Q3,D2,,,,,,,,,,,,,,,,,,,,,,,,,,,,,,,,,,,,,,,,,,,,,,,,,,,,,,,,,
1433,Q1,Q2,Q3,Q3,Q4,Q4,D2,,,,,,,,,,,,,,,,,,,,,,,,,,,,,,,,,,,,,,,,,,,,,,,,,,,,,,
1434,Q1,Q2,Q4,Q5,Q6,Q6,D1,,,,,,,,,,,,,,,,,,,,,,,,,,,,,,,,,,,,,,,,,,,,,,,,,,,,,,
1435,Q1,Q2,Q2,Q2,D1,,,,,,,,,,,,,,,,,,,,,,,,,,,,,,,,,,,,,,,,,,,,,,,,,,,,,,,,
1436,Q1,Q1,Q2,Q2,Q3,Q2,Q5,Q2,Q3,Q3,Q5,Q5,Q5,D1,,,,,,,,,,,,,,,,,,,,,,,,,,,,,,,,,,,,,,,,,,,,,,,
1437,Q1,Q2,Q3,Q3,Q5,Q6,Q6,D1,,,,,,,,,,,,,,,,,,,,,,,,,,,,,,,,,,,,,,,,,,,,,,,,,,,,,
1438,Q1,Q2,Q2,Q3,Q4,D2,,,,,,,,,,,,,,,,,,,,,,,,,,,,,,,,,,,,,,,,,,,,,,,,,,,,,,,
1439,Q1,Q2,D1,,,,,,,,,,,,,,,,,,,,,,,,,,,,,,,,,,,,,,,,,,,,,,,,,,,,,,,,,,
1440,Q1,Q2,Q3,Q3,Q3,D1,,,,,,,,,,,,,,,,,,,,,,,,,,,,,,,,,,,,,,,,,,,,,,,,,,,,,,,
1441,Q1,Q2,D1,,,,,,,,,,,,,,,,,,,,,,,,,,,,,,,,,,,,,,,,,,,,,,,,,,,,,,,,,,
1442,Q1,Q2,Q3,Q4,Q6,D1,,,,,,,,,,,,,,,,,,,,,,,,,,,,,,,,,,,,,,,,,,,,,,,,,,,,,,,
1443,Q1,Q2,Q2,Q2,Q1,D2,,,,,,,,,,,,,,,,,,,,,,,,,,,,,,,,,,,,,,,,,,,,,,,,,,,,,,,
1444,Q1,Q2,Q5,Q5,D1,,,,,,,,,,,,,,,,,,,,,,,,,,,,,,,,,,,,,,,,,,,,,,,,,,,,,,,,
1445,Q1,Q1,Q2,D1,,,,,,,,,,,,,,,,,,,,,,,,,,,,,,,,,,,,,,,,,,,,,,,,,,,,,,,,,
1446,Q1,Q2,Q2,Q2,Q5,Q5,Q6,Q1,Q2,D1,,,,,,,,,,,,,,,,,,,,,,,,,,,,,,,,,,,,,,,,,,,,,,,,,,,
1447,Q1,Q1,Q2,Q1,Q2,Q2,Q3,Q3,Q3,Q4,Q3,Q4,Q3,Q3,D2,,,,,,,,,,,,,,,,,,,,,,,,,,,,,,,,,,,,,,,,,,,,,,
1448,Q1,Q2,Q5,Q5,Q5,Q5,Q6,Q6,Q1,Q1,Q2,Q2,Q2,D1,,,,,,,,,,,,,,,,,,,,,,,,,,,,,,,,,,,,,,,,,,,,,,,
1449,Q1,Q2,Q3,Q3,Q5,Q2,Q2,Q2,Q5,Q1,Q1,Q2,Q3,Q5,Q5,Q5,Q2,Q1,Q2,Q2,Q2,Q2,D2,,,,,,,,,,,,,,,,,,,,,,,,,,,,,,,,,,,,,,
1450,Q1,Q2,Q4,Q4,D2,,,,,,,,,,,,,,,,,,,,,,,,,,,,,,,,,,,,,,,,,,,,,,,,,,,,,,,,
1451,Q1,Q2,Q3,Q5,Q6,Q1,Q2,Q2,Q2,Q5,Q6,D1,,,,,,,,,,,,,,,,,,,,,,,,,,,,,,,,,,,,,,,,,,,,,,,,,
1452,Q1,Q1,Q2,Q2,Q2,Q5,Q2,Q3,D2,,,,,,,,,,,,,,,,,,,,,,,,,,,,,,,,,,,,,,,,,,,,,,,,,,,,
1453,Q1,Q2,Q2,D1,,,,,,,,,,,,,,,,,,,,,,,,,,,,,,,,,,,,,,,,,,,,,,,,,,,,,,,,,
1454,Q1,Q2,Q1,Q2,Q2,Q2,Q2,Q5,Q5,Q1,Q2,Q3,Q3,Q4,Q4,Q5,Q4,Q4,Q4,D1,,,,,,,,,,,,,,,,,,,,,,,,,,,,,,,,,,,,,,,,,
1455,Q1,Q1,Q2,Q2,Q2,Q5,Q6,Q1,Q1,Q1,Q2,Q2,Q5,Q6,Q1,Q2,D1,,,,,,,,,,,,,,,,,,,,,,,,,,,,,,,,,,,,,,,,,,,,
1456,Q1,Q2,Q2,Q2,D1,,,,,,,,,,,,,,,,,,,,,,,,,,,,,,,,,,,,,,,,,,,,,,,,,,,,,,,,
1457,Q1,Q1,Q2,Q2,Q3,Q5,Q1,Q1,Q2,Q2,Q4,Q5,Q6,Q1,Q2,Q3,D2,,,,,,,,,,,,,,,,,,,,,,,,,,,,,,,,,,,,,,,,,,,,
1458,Q1,Q2,Q4,D2,,,,,,,,,,,,,,,,,,,,,,,,,,,,,,,,,,,,,,,,,,,,,,,,,,,,,,,,,
1459,Q1,Q2,Q3,Q5,Q6,Q6,Q6,Q6,Q1,Q1,Q2,Q3,D1,,,,,,,,,,,,,,,,,,,,,,,,,,,,,,,,,,,,,,,,,,,,,,,,
1460,Q1,Q2,Q1,Q1,Q2,D1,,,,,,,,,,,,,,,,,,,,,,,,,,,,,,,,,,,,,,,,,,,,,,,,,,,,,,,
1461,Q1,Q2,Q1,D2,,,,,,,,,,,,,,,,,,,,,,,,,,,,,,,,,,,,,,,,,,,,,,,,,,,,,,,,,
1462,Q1,Q2,Q3,Q5,Q6,Q6,D1,,,,,,,,,,,,,,,,,,,,,,,,,,,,,,,,,,,,,,,,,,,,,,,,,,,,,,
1463,Q1,Q2,D1,,,,,,,,,,,,,,,,,,,,,,,,,,,,,,,,,,,,,,,,,,,,,,,,,,,,,,,,,,
1464,Q1,Q1,D2,,,,,,,,,,,,,,,,,,,,,,,,,,,,,,,,,,,,,,,,,,,,,,,,,,,,,,,,,,
1465,Q1,Q2,Q2,D1,,,,,,,,,,,,,,,,,,,,,,,,,,,,,,,,,,,,,,,,,,,,,,,,,,,,,,,,,
1466,Q1,Q2,Q1,Q2,Q1,Q2,D2,,,,,,,,,,,,,,,,,,,,,,,,,,,,,,,,,,,,,,,,,,,,,,,,,,,,,,
1467,Q1,Q2,D1,,,,,,,,,,,,,,,,,,,,,,,,,,,,,,,,,,,,,,,,,,,,,,,,,,,,,,,,,,
1468,Q1,Q2,Q2,Q1,D2,,,,,,,,,,,,,,,,,,,,,,,,,,,,,,,,,,,,,,,,,,,,,,,,,,,,,,,,
1469,Q1,Q2,D2,,,,,,,,,,,,,,,,,,,,,,,,,,,,,,,,,,,,,,,,,,,,,,,,,,,,,,,,,,
1470,Q1,Q2,Q2,Q3,Q5,Q2,Q1,Q2,Q5,Q6,D1,,,,,,,,,,,,,,,,,,,,,,,,,,,,,,,,,,,,,,,,,,,,,,,,,,
1471,Q1,Q2,Q3,Q3,D1,,,,,,,,,,,,,,,,,,,,,,,,,,,,,,,,,,,,,,,,,,,,,,,,,,,,,,,,
1472,Q1,Q2,Q2,Q5,Q5,Q4,Q5,Q1,Q2,Q2,Q2,Q3,Q4,Q5,Q5,Q5,Q5,Q6,Q6,D1,,,,,,,,,,,,,,,,,,,,,,,,,,,,,,,,,,,,,,,,,
1473,Q1,Q2,Q3,Q5,Q6,Q6,Q6,D1,,,,,,,,,,,,,,,,,,,,,,,,,,,,,,,,,,,,,,,,,,,,,,,,,,,,,
1474,Q1,Q2,Q4,Q5,Q2,Q2,Q3,Q3,Q5,Q1,Q2,D1,,,,,,,,,,,,,,,,,,,,,,,,,,,,,,,,,,,,,,,,,,,,,,,,,
1475,Q1,Q2,Q3,Q3,Q3,Q4,Q5,Q6,Q6,Q6,D1,,,,,,,,,,,,,,,,,,,,,,,,,,,,,,,,,,,,,,,,,,,,,,,,,,
1476,Q1,Q1,D2,,,,,,,,,,,,,,,,,,,,,,,,,,,,,,,,,,,,,,,,,,,,,,,,,,,,,,,,,,
1477,Q1,Q2,Q2,Q2,Q2,Q3,Q3,Q4,Q5,Q6,Q1,Q2,Q1,Q2,D1,,,,,,,,,,,,,,,,,,,,,,,,,,,,,,,,,,,,,,,,,,,,,,
1478,Q1,Q2,D1,,,,,,,,,,,,,,,,,,,,,,,,,,,,,,,,,,,,,,,,,,,,,,,,,,,,,,,,,,
1479,Q1,Q2,Q5,Q5,Q5,Q5,Q6,D1,,,,,,,,,,,,,,,,,,,,,,,,,,,,,,,,,,,,,,,,,,,,,,,,,,,,,
1480,Q1,Q2,Q5,Q3,Q5,Q5,Q6,D1,,,,,,,,,,,,,,,,,,,,,,,,,,,,,,,,,,,,,,,,,,,,,,,,,,,,,
1481,Q1,Q2,Q5,Q6,Q6,Q1,Q2,Q2,Q5,Q6,Q6,Q1,Q2,Q1,D2,,,,,,,,,,,,,,,,,,,,,,,,,,,,,,,,,,,,,,,,,,,,,,
1482,Q1,Q2,D1,,,,,,,,,,,,,,,,,,,,,,,,,,,,,,,,,,,,,,,,,,,,,,,,,,,,,,,,,,
1483,Q1,Q1,Q2,D1,,,,,,,,,,,,,,,,,,,,,,,,,,,,,,,,,,,,,,,,,,,,,,,,,,,,,,,,,
1484,Q1,Q2,Q4,Q5,Q6,Q1,Q1,Q1,Q2,D1,,,,,,,,,,,,,,,,,,,,,,,,,,,,,,,,,,,,,,,,,,,,,,,,,,,
1485,Q1,Q1,Q2,Q2,Q3,Q4,D1,,,,,,,,,,,,,,,,,,,,,,,,,,,,,,,,,,,,,,,,,,,,,,,,,,,,,,
1486,Q1,D2,,,,,,,,,,,,,,,,,,,,,,,,,,,,,,,,,,,,,,,,,,,,,,,,,,,,,,,,,,,
1487,Q1,Q2,Q2,Q2,Q5,Q5,Q6,Q6,Q2,Q4,D2,,,,,,,,,,,,,,,,,,,,,,,,,,,,,,,,,,,,,,,,,,,,,,,,,,
1488,Q1,Q1,Q2,D1,,,,,,,,,,,,,,,,,,,,,,,,,,,,,,,,,,,,,,,,,,,,,,,,,,,,,,,,,
1489,Q1,Q2,Q4,Q5,Q2,Q2,D1,,,,,,,,,,,,,,,,,,,,,,,,,,,,,,,,,,,,,,,,,,,,,,,,,,,,,,
1490,Q1,Q2,D1,,,,,,,,,,,,,,,,,,,,,,,,,,,,,,,,,,,,,,,,,,,,,,,,,,,,,,,,,,
1491,Q1,Q2,Q5,Q5,Q5,Q6,D1,,,,,,,,,,,,,,,,,,,,,,,,,,,,,,,,,,,,,,,,,,,,,,,,,,,,,,
1492,Q1,Q2,Q3,Q5,Q5,Q6,D1,,,,,,,,,,,,,,,,,,,,,,,,,,,,,,,,,,,,,,,,,,,,,,,,,,,,,,
1493,Q1,Q2,Q1,Q2,Q2,Q2,Q3,Q3,Q4,D2,,,,,,,,,,,,,,,,,,,,,,,,,,,,,,,,,,,,,,,,,,,,,,,,,,,
1494,Q1,Q2,Q1,Q2,Q2,Q3,Q5,Q1,Q2,Q5,Q6,Q1,Q2,Q3,Q1,Q2,Q2,Q5,Q5,Q5,Q6,Q6,D1,,,,,,,,,,,,,,,,,,,,,,,,,,,,,,,,,,,,,,
1495,Q1,D2,,,,,,,,,,,,,,,,,,,,,,,,,,,,,,,,,,,,,,,,,,,,,,,,,,,,,,,,,,,
1496,Q1,Q2,Q3,Q4,Q4,D1,,,,,,,,,,,,,,,,,,,,,,,,,,,,,,,,,,,,,,,,,,,,,,,,,,,,,,,
1497,Q1,Q2,Q2,Q2,Q1,Q2,Q4,Q3,Q4,Q6,Q1,Q2,Q3,Q4,D2,,,,,,,,,,,,,,,,,,,,,,,,,,,,,,,,,,,,,,,,,,,,,,
1498,Q1,Q2,Q1,Q1,Q1,Q1,Q2,D2,,,,,,,,,,,,,,,,,,,,,,,,,,,,,,,,,,,,,,,,,,,,,,,,,,,,,
1499,Q1,Q2,Q2,Q3,Q3,Q4,Q4,D2,,,,,,,,,,,,,,,,,,,,,,,,,,,,,,,,,,,,,,,,,,,,,,,,,,,,,
1500,Q1,Q2,D2,,,,,,,,,,,,,,,,,,,,,,,,,,,,,,,,,,,,,,,,,,,,,,,,,,,,,,,,,,
1501,Q1,Q2,Q2,Q2,D1,,,,,,,,,,,,,,,,,,,,,,,,,,,,,,,,,,,,,,,,,,,,,,,,,,,,,,,,
1502,Q1,Q2,Q2,D2,,,,,,,,,,,,,,,,,,,,,,,,,,,,,,,,,,,,,,,,,,,,,,,,,,,,,,,,,
1503,Q1,Q2,Q3,Q4,D2,,,,,,,,,,,,,,,,,,,,,,,,,,,,,,,,,,,,,,,,,,,,,,,,,,,,,,,,
1504,Q1,Q2,D1,,,,,,,,,,,,,,,,,,,,,,,,,,,,,,,,,,,,,,,,,,,,,,,,,,,,,,,,,,
1505,Q1,Q1,Q2,D1,,,,,,,,,,,,,,,,,,,,,,,,,,,,,,,,,,,,,,,,,,,,,,,,,,,,,,,,,
1506,Q1,Q2,D2,,,,,,,,,,,,,,,,,,,,,,,,,,,,,,,,,,,,,,,,,,,,,,,,,,,,,,,,,,
1507,Q1,Q2,Q2,Q2,D1,,,,,,,,,,,,,,,,,,,,,,,,,,,,,,,,,,,,,,,,,,,,,,,,,,,,,,,,
1508,Q1,Q2,Q2,D1,,,,,,,,,,,,,,,,,,,,,,,,,,,,,,,,,,,,,,,,,,,,,,,,,,,,,,,,,
1509,Q1,Q2,Q2,Q2,D1,,,,,,,,,,,,,,,,,,,,,,,,,,,,,,,,,,,,,,,,,,,,,,,,,,,,,,,,
1510,Q1,Q2,Q2,Q2,Q3,Q5,Q1,Q2,Q5,D1,,,,,,,,,,,,,,,,,,,,,,,,,,,,,,,,,,,,,,,,,,,,,,,,,,,
1511,Q1,Q2,D1,,,,,,,,,,,,,,,,,,,,,,,,,,,,,,,,,,,,,,,,,,,,,,,,,,,,,,,,,,
1512,Q1,Q1,Q2,Q2,Q3,Q5,Q2,Q2,Q3,Q4,D2,,,,,,,,,,,,,,,,,,,,,,,,,,,,,,,,,,,,,,,,,,,,,,,,,,
1513,Q1,Q2,Q2,D1,,,,,,,,,,,,,,,,,,,,,,,,,,,,,,,,,,,,,,,,,,,,,,,,,,,,,,,,,
1514,Q1,D2,,,,,,,,,,,,,,,,,,,,,,,,,,,,,,,,,,,,,,,,,,,,,,,,,,,,,,,,,,,
1515,Q1,D2,,,,,,,,,,,,,,,,,,,,,,,,,,,,,,,,,,,,,,,,,,,,,,,,,,,,,,,,,,,
1516,Q1,Q2,Q3,D1,,,,,,,,,,,,,,,,,,,,,,,,,,,,,,,,,,,,,,,,,,,,,,,,,,,,,,,,,
1517,Q1,Q2,Q2,Q2,Q3,Q2,D1,,,,,,,,,,,,,,,,,,,,,,,,,,,,,,,,,,,,,,,,,,,,,,,,,,,,,,
1518,Q1,Q1,Q2,Q2,D1,,,,,,,,,,,,,,,,,,,,,,,,,,,,,,,,,,,,,,,,,,,,,,,,,,,,,,,,
1519,Q1,Q2,Q2,Q2,Q5,Q1,Q2,Q2,Q3,Q4,Q4,Q5,Q6,Q1,Q2,Q5,Q6,D1,,,,,,,,,,,,,,,,,,,,,,,,,,,,,,,,,,,,,,,,,,,
1520,Q1,Q2,Q1,Q2,Q5,Q5,Q5,Q5,D1,,,,,,,,,,,,,,,,,,,,,,,,,,,,,,,,,,,,,,,,,,,,,,,,,,,,
1521,Q1,Q2,Q1,Q1,Q2,Q1,Q2,Q1,Q2,Q5,Q5,Q6,D1,,,,,,,,,,,,,,,,,,,,,,,,,,,,,,,,,,,,,,,,,,,,,,,,
1522,Q1,Q2,Q2,Q2,Q4,Q5,Q2,D1,,,,,,,,,,,,,,,,,,,,,,,,,,,,,,,,,,,,,,,,,,,,,,,,,,,,,
1523,Q1,Q2,Q3,D2,,,,,,,,,,,,,,,,,,,,,,,,,,,,,,,,,,,,,,,,,,,,,,,,,,,,,,,,,
1524,Q1,Q2,Q2,D1,,,,,,,,,,,,,,,,,,,,,,,,,,,,,,,,,,,,,,,,,,,,,,,,,,,,,,,,,
1525,Q1,Q2,Q2,Q5,Q1,Q2,Q5,D1,,,,,,,,,,,,,,,,,,,,,,,,,,,,,,,,,,,,,,,,,,,,,,,,,,,,,
1526,Q1,Q2,Q2,Q2,Q3,Q1,Q2,Q1,Q2,Q3,Q3,Q5,Q5,Q5,Q6,Q6,Q6,Q6,Q1,Q1,Q2,D1,,,,,,,,,,,,,,,,,,,,,,,,,,,,,,,,,,,,,,,
1527,Q1,D2,,,,,,,,,,,,,,,,,,,,,,,,,,,,,,,,,,,,,,,,,,,,,,,,,,,,,,,,,,,
1528,Q1,Q2,D2,,,,,,,,,,,,,,,,,,,,,,,,,,,,,,,,,,,,,,,,,,,,,,,,,,,,,,,,,,
1529,Q1,Q2,Q2,Q2,Q5,Q1,Q2,Q2,Q2,D1,,,,,,,,,,,,,,,,,,,,,,,,,,,,,,,,,,,,,,,,,,,,,,,,,,,
1530,Q1,Q2,D1,,,,,,,,,,,,,,,,,,,,,,,,,,,,,,,,,,,,,,,,,,,,,,,,,,,,,,,,,,
1531,Q1,Q1,Q2,Q5,Q5,D1,,,,,,,,,,,,,,,,,,,,,,,,,,,,,,,,,,,,,,,,,,,,,,,,,,,,,,,
1532,Q1,Q2,Q4,Q6,D1,,,,,,,,,,,,,,,,,,,,,,,,,,,,,,,,,,,,,,,,,,,,,,,,,,,,,,,,
1533,Q1,Q2,Q1,Q2,Q2,Q5,Q6,Q6,Q6,Q1,D2,,,,,,,,,,,,,,,,,,,,,,,,,,,,,,,,,,,,,,,,,,,,,,,,,,
1534,Q1,Q2,Q5,Q1,Q2,Q3,Q5,Q5,Q3,Q5,Q6,Q2,D1,,,,,,,,,,,,,,,,,,,,,,,,,,,,,,,,,,,,,,,,,,,,,,,,
1535,Q1,Q2,Q3,D1,,,,,,,,,,,,,,,,,,,,,,,,,,,,,,,,,,,,,,,,,,,,,,,,,,,,,,,,,
1536,Q1,Q2,D1,,,,,,,,,,,,,,,,,,,,,,,,,,,,,,,,,,,,,,,,,,,,,,,,,,,,,,,,,,
1537,Q1,Q2,D2,,,,,,,,,,,,,,,,,,,,,,,,,,,,,,,,,,,,,,,,,,,,,,,,,,,,,,,,,,
1538,Q1,Q2,Q4,Q5,Q6,Q1,Q2,Q1,Q2,D1,,,,,,,,,,,,,,,,,,,,,,,,,,,,,,,,,,,,,,,,,,,,,,,,,,,
1539,Q1,Q2,Q2,D1,,,,,,,,,,,,,,,,,,,,,,,,,,,,,,,,,,,,,,,,,,,,,,,,,,,,,,,,,
1540,Q1,Q2,Q3,Q5,Q6,Q6,Q1,Q2,Q1,Q2,Q2,Q3,Q3,Q5,Q6,Q1,Q1,Q1,Q2,D1,,,,,,,,,,,,,,,,,,,,,,,,,,,,,,,,,,,,,,,,,
1541,Q1,Q2,D1,,,,,,,,,,,,,,,,,,,,,,,,,,,,,,,,,,,,,,,,,,,,,,,,,,,,,,,,,,
1542,Q1,Q2,Q2,Q3,Q5,Q6,D1,,,,,,,,,,,,,,,,,,,,,,,,,,,,,,,,,,,,,,,,,,,,,,,,,,,,,,
1543,Q1,Q2,Q4,Q4,Q4,Q4,Q4,Q6,Q6,Q6,Q6,Q6,Q6,D1,,,,,,,,,,,,,,,,,,,,,,,,,,,,,,,,,,,,,,,,,,,,,,,
1544,Q1,Q2,Q3,Q1,Q2,Q3,Q2,D1,,,,,,,,,,,,,,,,,,,,,,,,,,,,,,,,,,,,,,,,,,,,,,,,,,,,,
1545,Q1,Q2,Q5,Q5,D1,,,,,,,,,,,,,,,,,,,,,,,,,,,,,,,,,,,,,,,,,,,,,,,,,,,,,,,,
1546,Q1,Q2,D1,,,,,,,,,,,,,,,,,,,,,,,,,,,,,,,,,,,,,,,,,,,,,,,,,,,,,,,,,,
1547,Q1,Q2,Q5,Q6,D1,,,,,,,,,,,,,,,,,,,,,,,,,,,,,,,,,,,,,,,,,,,,,,,,,,,,,,,,
1548,Q1,Q2,Q2,Q3,Q2,Q3,Q2,Q2,Q3,Q5,Q1,Q1,Q1,Q1,Q1,Q2,Q2,Q1,Q2,Q5,Q5,Q1,Q2,Q2,Q3,Q5,Q5,Q5,Q5,Q2,Q3,Q3,Q3,Q3,Q3,Q4,Q5,Q5,Q2,Q5,Q1,Q2,Q2,Q2,D2,,,,,,,,,,,,,,,,
1549,Q1,D2,,,,,,,,,,,,,,,,,,,,,,,,,,,,,,,,,,,,,,,,,,,,,,,,,,,,,,,,,,,
1550,Q1,Q1,Q2,Q2,D1,,,,,,,,,,,,,,,,,,,,,,,,,,,,,,,,,,,,,,,,,,,,,,,,,,,,,,,,
1551,Q1,Q2,Q3,Q4,Q5,Q3,Q2,Q5,Q6,D1,,,,,,,,,,,,,,,,,,,,,,,,,,,,,,,,,,,,,,,,,,,,,,,,,,,
1552,Q1,Q2,D1,,,,,,,,,,,,,,,,,,,,,,,,,,,,,,,,,,,,,,,,,,,,,,,,,,,,,,,,,,
1553,Q1,Q2,Q2,Q3,D1,,,,,,,,,,,,,,,,,,,,,,,,,,,,,,,,,,,,,,,,,,,,,,,,,,,,,,,,
1554,Q1,Q2,Q5,Q5,Q2,Q4,Q5,Q6,Q6,Q1,Q2,Q3,Q3,Q3,D2,,,,,,,,,,,,,,,,,,,,,,,,,,,,,,,,,,,,,,,,,,,,,,
1555,Q1,Q1,Q2,Q4,D2,,,,,,,,,,,,,,,,,,,,,,,,,,,,,,,,,,,,,,,,,,,,,,,,,,,,,,,,
1556,Q1,Q2,Q4,D2,,,,,,,,,,,,,,,,,,,,,,,,,,,,,,,,,,,,,,,,,,,,,,,,,,,,,,,,,
1557,Q1,Q1,Q2,Q2,Q2,Q2,Q2,Q2,Q5,Q4,Q5,Q6,Q1,Q2,Q3,Q4,Q3,Q4,Q4,Q4,Q4,D2,,,,,,,,,,,,,,,,,,,,,,,,,,,,,,,,,,,,,,,
1558,Q1,Q2,Q3,Q5,Q6,Q1,Q2,Q5,Q6,Q6,Q6,D1,,,,,,,,,,,,,,,,,,,,,,,,,,,,,,,,,,,,,,,,,,,,,,,,,
1559,Q1,Q2,Q5,D1,,,,,,,,,,,,,,,,,,,,,,,,,,,,,,,,,,,,,,,,,,,,,,,,,,,,,,,,,
1560,Q1,Q2,Q2,Q5,Q5,Q1,Q2,D1,,,,,,,,,,,,,,,,,,,,,,,,,,,,,,,,,,,,,,,,,,,,,,,,,,,,,
1561,Q1,Q2,Q5,Q5,Q5,Q3,D2,,,,,,,,,,,,,,,,,,,,,,,,,,,,,,,,,,,,,,,,,,,,,,,,,,,,,,
1562,Q1,D2,,,,,,,,,,,,,,,,,,,,,,,,,,,,,,,,,,,,,,,,,,,,,,,,,,,,,,,,,,,
1563,Q1,D2,,,,,,,,,,,,,,,,,,,,,,,,,,,,,,,,,,,,,,,,,,,,,,,,,,,,,,,,,,,
1564,Q1,Q2,Q3,Q2,Q2,Q3,Q4,Q3,Q5,Q5,Q6,Q6,Q1,Q2,Q3,Q4,Q3,Q2,Q2,Q1,Q2,D2,,,,,,,,,,,,,,,,,,,,,,,,,,,,,,,,,,,,,,,
1565,Q1,Q2,Q5,Q6,Q1,Q2,Q3,Q4,Q4,D1,,,,,,,,,,,,,,,,,,,,,,,,,,,,,,,,,,,,,,,,,,,,,,,,,,,
1566,Q1,Q2,Q2,Q2,Q2,Q1,Q1,Q2,Q1,Q2,Q1,Q2,Q2,Q1,Q2,Q3,Q5,Q6,Q6,Q6,D1,,,,,,,,,,,,,,,,,,,,,,,,,,,,,,,,,,,,,,,,
1567,Q1,Q2,Q1,Q2,D1,,,,,,,,,,,,,,,,,,,,,,,,,,,,,,,,,,,,,,,,,,,,,,,,,,,,,,,,
1568,Q1,Q2,Q2,Q2,Q5,Q5,Q5,Q1,Q1,Q2,Q1,Q2,D1,,,,,,,,,,,,,,,,,,,,,,,,,,,,,,,,,,,,,,,,,,,,,,,,
1569,Q1,Q2,Q1,Q2,Q5,Q5,Q5,Q5,Q5,Q4,Q3,Q1,Q2,Q1,Q2,Q5,Q3,Q5,Q6,Q1,D2,,,,,,,,,,,,,,,,,,,,,,,,,,,,,,,,,,,,,,,,
1570,Q1,Q2,Q3,Q4,Q5,Q3,D1,,,,,,,,,,,,,,,,,,,,,,,,,,,,,,,,,,,,,,,,,,,,,,,,,,,,,,
1571,Q1,Q1,Q2,Q1,D2,,,,,,,,,,,,,,,,,,,,,,,,,,,,,,,,,,,,,,,,,,,,,,,,,,,,,,,,
1572,Q1,Q2,Q3,Q5,Q6,Q1,Q2,Q2,Q1,Q2,Q5,Q5,Q6,Q1,Q2,Q3,Q3,Q5,Q6,Q1,Q2,Q5,Q6,Q1,Q2,Q4,Q5,Q6,D1,,,,,,,,,,,,,,,,,,,,,,,,,,,,,,,,
1573,Q1,Q2,Q2,Q1,Q2,D1,,,,,,,,,,,,,,,,,,,,,,,,,,,,,,,,,,,,,,,,,,,,,,,,,,,,,,,
1574,Q1,Q2,Q3,Q1,Q2,Q3,Q5,Q6,Q1,Q2,Q2,D1,,,,,,,,,,,,,,,,,,,,,,,,,,,,,,,,,,,,,,,,,,,,,,,,,
1575,Q1,Q2,Q3,Q3,Q2,Q5,Q6,D1,,,,,,,,,,,,,,,,,,,,,,,,,,,,,,,,,,,,,,,,,,,,,,,,,,,,,
1576,Q1,Q2,Q5,Q1,Q2,Q5,D1,,,,,,,,,,,,,,,,,,,,,,,,,,,,,,,,,,,,,,,,,,,,,,,,,,,,,,
1577,Q1,D2,,,,,,,,,,,,,,,,,,,,,,,,,,,,,,,,,,,,,,,,,,,,,,,,,,,,,,,,,,,
1578,Q1,Q1,D2,,,,,,,,,,,,,,,,,,,,,,,,,,,,,,,,,,,,,,,,,,,,,,,,,,,,,,,,,,
1579,Q1,Q2,Q3,Q5,Q3,Q3,Q5,D1,,,,,,,,,,,,,,,,,,,,,,,,,,,,,,,,,,,,,,,,,,,,,,,,,,,,,
1580,Q1,Q2,Q5,Q6,Q4,Q4,Q4,Q5,Q5,Q6,D1,,,,,,,,,,,,,,,,,,,,,,,,,,,,,,,,,,,,,,,,,,,,,,,,,,
1581,Q1,Q2,Q2,Q2,Q2,D1,,,,,,,,,,,,,,,,,,,,,,,,,,,,,,,,,,,,,,,,,,,,,,,,,,,,,,,
1582,Q1,Q2,D1,,,,,,,,,,,,,,,,,,,,,,,,,,,,,,,,,,,,,,,,,,,,,,,,,,,,,,,,,,
1583,Q1,Q2,D1,,,,,,,,,,,,,,,,,,,,,,,,,,,,,,,,,,,,,,,,,,,,,,,,,,,,,,,,,,
1584,Q1,Q2,Q3,Q5,Q6,Q6,Q1,Q2,D2,,,,,,,,,,,,,,,,,,,,,,,,,,,,,,,,,,,,,,,,,,,,,,,,,,,,
1585,Q1,Q2,Q1,Q2,Q5,Q6,D1,,,,,,,,,,,,,,,,,,,,,,,,,,,,,,,,,,,,,,,,,,,,,,,,,,,,,,
1586,Q1,Q2,D1,,,,,,,,,,,,,,,,,,,,,,,,,,,,,,,,,,,,,,,,,,,,,,,,,,,,,,,,,,
1587,Q1,Q2,D1,,,,,,,,,,,,,,,,,,,,,,,,,,,,,,,,,,,,,,,,,,,,,,,,,,,,,,,,,,
1588,Q1,Q2,Q2,Q3,Q1,Q2,Q2,Q2,Q2,Q3,Q5,Q5,Q6,Q6,Q1,Q2,Q2,Q2,Q5,Q5,Q2,Q5,Q5,D1,,,,,,,,,,,,,,,,,,,,,,,,,,,,,,,,,,,,,
1589,Q1,Q2,Q1,Q2,Q2,Q4,D2,,,,,,,,,,,,,,,,,,,,,,,,,,,,,,,,,,,,,,,,,,,,,,,,,,,,,,
1590,Q1,Q2,Q1,Q2,Q3,Q3,Q5,Q6,Q6,Q1,Q2,Q1,Q2,Q3,Q3,Q5,Q6,Q6,Q1,Q2,Q4,D2,,,,,,,,,,,,,,,,,,,,,,,,,,,,,,,,,,,,,,,
1591,Q1,Q1,Q2,Q2,Q3,Q3,Q2,Q1,Q1,Q2,Q2,Q2,Q5,Q6,Q4,Q5,Q6,Q6,Q1,Q2,Q5,Q5,Q6,Q1,Q2,Q2,Q2,Q5,Q5,Q1,D2,,,,,,,,,,,,,,,,,,,,,,,,,,,,,,
1592,Q1,Q2,Q3,Q3,Q5,Q6,D1,,,,,,,,,,,,,,,,,,,,,,,,,,,,,,,,,,,,,,,,,,,,,,,,,,,,,,
1593,Q1,Q2,Q3,Q4,Q5,Q6,D1,,,,,,,,,,,,,,,,,,,,,,,,,,,,,,,,,,,,,,,,,,,,,,,,,,,,,,
1594,Q1,Q2,D1,,,,,,,,,,,,,,,,,,,,,,,,,,,,,,,,,,,,,,,,,,,,,,,,,,,,,,,,,,
1595,Q1,Q2,D1,,,,,,,,,,,,,,,,,,,,,,,,,,,,,,,,,,,,,,,,,,,,,,,,,,,,,,,,,,
1596,Q1,Q2,D1,,,,,,,,,,,,,,,,,,,,,,,,,,,,,,,,,,,,,,,,,,,,,,,,,,,,,,,,,,
1597,Q1,Q1,Q2,Q4,Q4,Q6,Q2,Q1,Q2,Q1,Q2,Q2,D1,,,,,,,,,,,,,,,,,,,,,,,,,,,,,,,,,,,,,,,,,,,,,,,,
1598,Q1,Q2,Q3,Q1,Q2,Q2,D1,,,,,,,,,,,,,,,,,,,,,,,,,,,,,,,,,,,,,,,,,,,,,,,,,,,,,,
1599,Q1,Q2,Q1,Q2,D1,,,,,,,,,,,,,,,,,,,,,,,,,,,,,,,,,,,,,,,,,,,,,,,,,,,,,,,,
1600,Q1,Q2,D1,,,,,,,,,,,,,,,,,,,,,,,,,,,,,,,,,,,,,,,,,,,,,,,,,,,,,,,,,,
1601,Q1,Q1,Q2,Q3,Q1,Q1,Q2,Q3,Q2,Q2,Q2,Q2,Q2,Q2,Q3,Q3,Q5,Q5,Q3,D1,,,,,,,,,,,,,,,,,,,,,,,,,,,,,,,,,,,,,,,,,
1602,Q1,Q2,D1,,,,,,,,,,,,,,,,,,,,,,,,,,,,,,,,,,,,,,,,,,,,,,,,,,,,,,,,,,
1603,Q1,Q1,Q2,Q4,D1,,,,,,,,,,,,,,,,,,,,,,,,,,,,,,,,,,,,,,,,,,,,,,,,,,,,,,,,
1604,Q1,Q2,Q2,Q5,Q5,Q5,Q5,Q6,D1,,,,,,,,,,,,,,,,,,,,,,,,,,,,,,,,,,,,,,,,,,,,,,,,,,,,
1605,Q1,Q2,Q2,Q5,Q6,Q6,D1,,,,,,,,,,,,,,,,,,,,,,,,,,,,,,,,,,,,,,,,,,,,,,,,,,,,,,
1606,Q1,Q2,Q3,Q4,D2,,,,,,,,,,,,,,,,,,,,,,,,,,,,,,,,,,,,,,,,,,,,,,,,,,,,,,,,
1607,Q1,Q1,Q2,Q5,Q1,Q2,Q2,Q1,Q2,Q2,D1,,,,,,,,,,,,,,,,,,,,,,,,,,,,,,,,,,,,,,,,,,,,,,,,,,
1608,Q1,Q2,Q3,Q2,Q3,Q3,Q3,Q3,Q2,Q5,Q6,Q1,Q2,Q3,D2,,,,,,,,,,,,,,,,,,,,,,,,,,,,,,,,,,,,,,,,,,,,,,
1609,Q1,Q1,Q2,Q2,Q5,Q2,Q2,D1,,,,,,,,,,,,,,,,,,,,,,,,,,,,,,,,,,,,,,,,,,,,,,,,,,,,,
1610,Q1,Q1,Q2,Q2,Q5,Q1,Q2,Q1,Q2,Q3,Q2,Q3,Q1,D2,,,,,,,,,,,,,,,,,,,,,,,,,,,,,,,,,,,,,,,,,,,,,,,
1611,Q1,Q2,Q1,Q2,Q4,Q5,Q5,Q2,Q3,D2,,,,,,,,,,,,,,,,,,,,,,,,,,,,,,,,,,,,,,,,,,,,,,,,,,,
1612,Q1,Q1,Q2,Q2,Q3,Q3,Q5,Q6,D1,,,,,,,,,,,,,,,,,,,,,,,,,,,,,,,,,,,,,,,,,,,,,,,,,,,,
1613,Q1,Q1,Q2,Q2,Q5,Q3,Q4,Q4,Q3,Q4,Q5,Q5,Q1,Q2,Q2,Q3,Q2,Q3,Q5,Q5,Q5,Q5,Q5,Q1,Q2,Q3,Q5,Q5,Q1,Q2,Q5,D1,,,,,,,,,,,,,,,,,,,,,,,,,,,,,
1614,Q1,Q2,Q3,Q3,Q4,D2,,,,,,,,,,,,,,,,,,,,,,,,,,,,,,,,,,,,,,,,,,,,,,,,,,,,,,,
1615,Q1,Q2,Q2,D1,,,,,,,,,,,,,,,,,,,,,,,,,,,,,,,,,,,,,,,,,,,,,,,,,,,,,,,,,
1616,Q1,Q2,Q2,D1,,,,,,,,,,,,,,,,,,,,,,,,,,,,,,,,,,,,,,,,,,,,,,,,,,,,,,,,,
1617,Q1,Q2,Q2,Q1,Q1,Q1,Q2,Q2,Q2,Q3,Q5,Q4,Q4,Q5,Q3,Q2,Q2,Q5,Q5,Q1,Q2,D1,,,,,,,,,,,,,,,,,,,,,,,,,,,,,,,,,,,,,,,
1618,Q1,Q2,Q5,D1,,,,,,,,,,,,,,,,,,,,,,,,,,,,,,,,,,,,,,,,,,,,,,,,,,,,,,,,,
1619,Q1,Q2,Q5,D1,,,,,,,,,,,,,,,,,,,,,,,,,,,,,,,,,,,,,,,,,,,,,,,,,,,,,,,,,
1620,Q1,Q2,Q1,Q1,Q2,Q1,Q2,Q3,D2,,,,,,,,,,,,,,,,,,,,,,,,,,,,,,,,,,,,,,,,,,,,,,,,,,,,
1621,Q1,Q2,Q1,Q2,Q3,Q3,Q3,Q3,Q2,Q3,Q4,Q3,Q5,Q6,Q6,D1,,,,,,,,,,,,,,,,,,,,,,,,,,,,,,,,,,,,,,,,,,,,,
1622,Q1,Q2,Q1,Q2,Q4,Q4,Q4,Q5,Q5,Q1,Q1,Q2,Q2,Q2,Q5,Q6,Q6,D1,,,,,,,,,,,,,,,,,,,,,,,,,,,,,,,,,,,,,,,,,,,
1623,Q1,Q2,Q3,Q4,Q6,Q6,Q6,D1,,,,,,,,,,,,,,,,,,,,,,,,,,,,,,,,,,,,,,,,,,,,,,,,,,,,,
1624,Q1,Q2,Q3,Q3,Q5,Q6,Q1,Q2,Q5,D1,,,,,,,,,,,,,,,,,,,,,,,,,,,,,,,,,,,,,,,,,,,,,,,,,,,
1625,Q1,Q1,Q2,Q1,Q2,Q3,Q4,Q4,Q5,Q4,Q3,Q3,Q5,Q5,Q6,D1,,,,,,,,,,,,,,,,,,,,,,,,,,,,,,,,,,,,,,,,,,,,,
1626,Q1,Q2,Q5,Q6,D1,,,,,,,,,,,,,,,,,,,,,,,,,,,,,,,,,,,,,,,,,,,,,,,,,,,,,,,,
1627,Q1,Q2,Q3,Q3,D1,,,,,,,,,,,,,,,,,,,,,,,,,,,,,,,,,,,,,,,,,,,,,,,,,,,,,,,,
1628,Q1,Q2,Q3,Q5,Q4,Q5,Q2,Q5,Q4,Q4,Q5,Q6,Q2,Q2,Q3,Q3,Q4,D2,,,,,,,,,,,,,,,,,,,,,,,,,,,,,,,,,,,,,,,,,,,
1629,Q1,Q2,D1,,,,,,,,,,,,,,,,,,,,,,,,,,,,,,,,,,,,,,,,,,,,,,,,,,,,,,,,,,
1630,Q1,Q2,Q1,Q2,Q3,Q3,Q2,D2,,,,,,,,,,,,,,,,,,,,,,,,,,,,,,,,,,,,,,,,,,,,,,,,,,,,,
1631,Q1,Q2,Q5,Q1,Q1,Q2,Q2,Q3,Q5,D1,,,,,,,,,,,,,,,,,,,,,,,,,,,,,,,,,,,,,,,,,,,,,,,,,,,
1632,Q1,Q2,Q5,Q6,D1,,,,,,,,,,,,,,,,,,,,,,,,,,,,,,,,,,,,,,,,,,,,,,,,,,,,,,,,
1633,Q1,Q2,Q5,Q1,Q2,Q5,Q2,Q5,Q5,Q5,Q6,D1,,,,,,,,,,,,,,,,,,,,,,,,,,,,,,,,,,,,,,,,,,,,,,,,,
1634,Q1,Q2,Q2,Q2,Q2,Q2,Q2,Q5,Q5,Q4,Q4,Q4,Q5,Q5,Q6,Q6,Q1,Q2,Q2,D1,,,,,,,,,,,,,,,,,,,,,,,,,,,,,,,,,,,,,,,,,
1635,Q1,Q2,Q5,Q6,D1,,,,,,,,,,,,,,,,,,,,,,,,,,,,,,,,,,,,,,,,,,,,,,,,,,,,,,,,
1636,Q1,Q2,Q1,Q2,D1,,,,,,,,,,,,,,,,,,,,,,,,,,,,,,,,,,,,,,,,,,,,,,,,,,,,,,,,
1637,Q1,Q2,Q3,Q4,Q5,Q2,Q3,D1,,,,,,,,,,,,,,,,,,,,,,,,,,,,,,,,,,,,,,,,,,,,,,,,,,,,,
1638,Q1,Q2,Q5,Q6,D1,,,,,,,,,,,,,,,,,,,,,,,,,,,,,,,,,,,,,,,,,,,,,,,,,,,,,,,,
1639,Q1,Q2,Q3,Q5,Q1,Q2,Q2,Q3,Q3,Q3,D1,,,,,,,,,,,,,,,,,,,,,,,,,,,,,,,,,,,,,,,,,,,,,,,,,,
1640,Q1,Q2,Q1,Q2,Q2,Q1,Q2,Q1,Q2,D1,,,,,,,,,,,,,,,,,,,,,,,,,,,,,,,,,,,,,,,,,,,,,,,,,,,
1641,Q1,Q2,Q1,Q2,Q1,Q2,Q3,Q3,Q4,Q4,Q6,Q4,Q6,D1,,,,,,,,,,,,,,,,,,,,,,,,,,,,,,,,,,,,,,,,,,,,,,,
1642,Q1,Q2,Q2,Q5,Q5,Q5,Q5,Q4,Q6,Q1,Q2,Q5,Q5,Q5,Q6,Q1,Q2,D1,,,,,,,,,,,,,,,,,,,,,,,,,,,,,,,,,,,,,,,,,,,
1643,Q1,Q2,Q2,Q3,Q5,Q1,Q2,Q1,Q1,D2,,,,,,,,,,,,,,,,,,,,,,,,,,,,,,,,,,,,,,,,,,,,,,,,,,,
1644,Q1,Q2,D1,,,,,,,,,,,,,,,,,,,,,,,,,,,,,,,,,,,,,,,,,,,,,,,,,,,,,,,,,,
1645,Q1,Q2,Q3,Q3,Q5,Q6,D1,,,,,,,,,,,,,,,,,,,,,,,,,,,,,,,,,,,,,,,,,,,,,,,,,,,,,,
1646,Q1,Q2,Q1,Q2,Q3,Q1,Q2,Q5,D1,,,,,,,,,,,,,,,,,,,,,,,,,,,,,,,,,,,,,,,,,,,,,,,,,,,,
1647,Q1,Q2,Q3,Q5,Q5,Q5,D1,,,,,,,,,,,,,,,,,,,,,,,,,,,,,,,,,,,,,,,,,,,,,,,,,,,,,,
1648,Q1,Q1,Q2,Q4,Q5,Q5,Q6,Q1,D2,,,,,,,,,,,,,,,,,,,,,,,,,,,,,,,,,,,,,,,,,,,,,,,,,,,,
1649,Q1,Q2,Q1,Q1,Q2,Q1,Q2,Q5,Q5,Q3,Q1,Q2,Q1,Q2,D1,,,,,,,,,,,,,,,,,,,,,,,,,,,,,,,,,,,,,,,,,,,,,,
1650,Q1,Q2,Q3,Q3,Q3,Q3,Q5,Q6,Q6,D1,,,,,,,,,,,,,,,,,,,,,,,,,,,,,,,,,,,,,,,,,,,,,,,,,,,
1651,Q1,Q2,Q5,Q5,Q5,Q6,Q1,Q2,Q1,Q2,Q2,Q3,Q5,Q5,Q6,D1,,,,,,,,,,,,,,,,,,,,,,,,,,,,,,,,,,,,,,,,,,,,,
1652,Q1,Q2,Q5,Q6,Q6,Q6,Q1,D2,,,,,,,,,,,,,,,,,,,,,,,,,,,,,,,,,,,,,,,,,,,,,,,,,,,,,
1653,Q1,Q2,Q2,Q2,Q3,D2,,,,,,,,,,,,,,,,,,,,,,,,,,,,,,,,,,,,,,,,,,,,,,,,,,,,,,,
1654,Q1,Q2,Q2,Q3,Q5,Q6,Q1,Q2,Q5,Q6,Q6,D1,,,,,,,,,,,,,,,,,,,,,,,,,,,,,,,,,,,,,,,,,,,,,,,,,
1655,Q1,Q2,Q3,Q4,Q4,Q4,D2,,,,,,,,,,,,,,,,,,,,,,,,,,,,,,,,,,,,,,,,,,,,,,,,,,,,,,
1656,Q1,Q2,Q2,Q1,Q2,Q3,Q3,Q5,Q1,Q2,Q2,Q3,Q4,Q4,Q4,Q4,D2,,,,,,,,,,,,,,,,,,,,,,,,,,,,,,,,,,,,,,,,,,,,
1657,Q1,Q2,Q3,Q3,Q5,Q4,D2,,,,,,,,,,,,,,,,,,,,,,,,,,,,,,,,,,,,,,,,,,,,,,,,,,,,,,
1658,Q1,Q2,Q2,Q1,Q1,D2,,,,,,,,,,,,,,,,,,,,,,,,,,,,,,,,,,,,,,,,,,,,,,,,,,,,,,,
1659,Q1,Q2,Q3,Q5,Q6,Q1,Q2,Q1,Q2,Q1,Q2,Q3,D2,,,,,,,,,,,,,,,,,,,,,,,,,,,,,,,,,,,,,,,,,,,,,,,,
1660,Q1,Q2,D1,,,,,,,,,,,,,,,,,,,,,,,,,,,,,,,,,,,,,,,,,,,,,,,,,,,,,,,,,,
1661,Q1,Q2,Q3,D2,,,,,,,,,,,,,,,,,,,,,,,,,,,,,,,,,,,,,,,,,,,,,,,,,,,,,,,,,
1662,Q1,Q2,Q2,Q5,Q5,Q5,Q6,Q6,D1,,,,,,,,,,,,,,,,,,,,,,,,,,,,,,,,,,,,,,,,,,,,,,,,,,,,
1663,Q1,Q2,Q2,Q2,Q2,Q1,Q2,Q5,Q5,Q6,Q2,Q3,Q3,D2,,,,,,,,,,,,,,,,,,,,,,,,,,,,,,,,,,,,,,,,,,,,,,,
1664,Q1,Q1,Q2,Q2,Q2,Q1,Q2,D1,,,,,,,,,,,,,,,,,,,,,,,,,,,,,,,,,,,,,,,,,,,,,,,,,,,,,
1665,Q1,Q2,Q2,Q5,Q5,Q5,Q5,Q6,D1,,,,,,,,,,,,,,,,,,,,,,,,,,,,,,,,,,,,,,,,,,,,,,,,,,,,
1666,Q1,Q2,Q3,D1,,,,,,,,,,,,,,,,,,,,,,,,,,,,,,,,,,,,,,,,,,,,,,,,,,,,,,,,,
1667,Q1,Q1,Q2,Q1,Q2,Q2,Q2,Q5,Q5,Q4,Q5,Q5,Q3,Q5,D1,,,,,,,,,,,,,,,,,,,,,,,,,,,,,,,,,,,,,,,,,,,,,,
1668,Q1,Q2,Q2,Q1,Q2,D2,,,,,,,,,,,,,,,,,,,,,,,,,,,,,,,,,,,,,,,,,,,,,,,,,,,,,,,
1669,Q1,Q2,Q2,Q1,Q2,Q2,Q3,Q3,Q5,Q3,Q5,Q1,Q1,Q1,Q2,Q2,Q5,Q1,Q2,Q3,Q5,Q1,Q2,Q2,Q3,Q4,D2,,,,,,,,,,,,,,,,,,,,,,,,,,,,,,,,,,
1670,Q1,Q2,Q5,Q2,Q1,Q1,Q2,Q1,Q2,D1,,,,,,,,,,,,,,,,,,,,,,,,,,,,,,,,,,,,,,,,,,,,,,,,,,,
1671,Q1,Q2,Q2,Q2,D1,,,,,,,,,,,,,,,,,,,,,,,,,,,,,,,,,,,,,,,,,,,,,,,,,,,,,,,,
1672,Q1,Q2,D1,,,,,,,,,,,,,,,,,,,,,,,,,,,,,,,,,,,,,,,,,,,,,,,,,,,,,,,,,,
1673,Q1,Q2,Q3,D2,,,,,,,,,,,,,,,,,,,,,,,,,,,,,,,,,,,,,,,,,,,,,,,,,,,,,,,,,
1674,Q1,Q2,Q1,Q2,Q4,Q6,Q6,Q1,Q2,Q1,Q1,Q2,D1,,,,,,,,,,,,,,,,,,,,,,,,,,,,,,,,,,,,,,,,,,,,,,,,
1675,Q1,Q2,Q2,Q1,Q2,Q5,Q6,D1,,,,,,,,,,,,,,,,,,,,,,,,,,,,,,,,,,,,,,,,,,,,,,,,,,,,,
1676,Q1,Q2,Q1,Q1,D2,,,,,,,,,,,,,,,,,,,,,,,,,,,,,,,,,,,,,,,,,,,,,,,,,,,,,,,,
1677,Q1,Q2,Q2,Q3,Q1,D2,,,,,,,,,,,,,,,,,,,,,,,,,,,,,,,,,,,,,,,,,,,,,,,,,,,,,,,
1678,Q1,Q1,Q2,Q2,Q5,D1,,,,,,,,,,,,,,,,,,,,,,,,,,,,,,,,,,,,,,,,,,,,,,,,,,,,,,,
1679,Q1,Q2,Q2,Q3,Q5,Q6,D1,,,,,,,,,,,,,,,,,,,,,,,,,,,,,,,,,,,,,,,,,,,,,,,,,,,,,,
1680,Q1,Q2,Q2,Q1,Q2,Q1,Q1,Q2,Q1,Q2,D1,,,,,,,,,,,,,,,,,,,,,,,,,,,,,,,,,,,,,,,,,,,,,,,,,,
1681,Q1,Q2,Q3,Q1,Q2,Q2,Q3,Q5,Q5,Q1,Q2,D1,,,,,,,,,,,,,,,,,,,,,,,,,,,,,,,,,,,,,,,,,,,,,,,,,
1682,Q1,Q2,Q5,Q6,D1,,,,,,,,,,,,,,,,,,,,,,,,,,,,,,,,,,,,,,,,,,,,,,,,,,,,,,,,
1683,Q1,Q1,Q2,Q2,D1,,,,,,,,,,,,,,,,,,,,,,,,,,,,,,,,,,,,,,,,,,,,,,,,,,,,,,,,
1684,Q1,Q2,Q5,Q3,Q5,Q3,Q2,Q2,Q2,Q1,Q2,Q1,Q2,Q2,Q4,Q4,D2,,,,,,,,,,,,,,,,,,,,,,,,,,,,,,,,,,,,,,,,,,,,
1685,Q1,Q2,Q1,Q2,Q3,D1,,,,,,,,,,,,,,,,,,,,,,,,,,,,,,,,,,,,,,,,,,,,,,,,,,,,,,,
1686,Q1,Q2,Q2,Q1,Q2,D1,,,,,,,,,,,,,,,,,,,,,,,,,,,,,,,,,,,,,,,,,,,,,,,,,,,,,,,
1687,Q1,Q2,Q5,Q5,Q5,Q5,Q5,Q5,Q6,Q6,Q6,Q6,D1,,,,,,,,,,,,,,,,,,,,,,,,,,,,,,,,,,,,,,,,,,,,,,,,
1688,Q1,Q2,Q3,D1,,,,,,,,,,,,,,,,,,,,,,,,,,,,,,,,,,,,,,,,,,,,,,,,,,,,,,,,,
1689,Q1,Q2,Q2,Q2,Q3,Q5,Q6,Q1,Q2,Q2,D2,,,,,,,,,,,,,,,,,,,,,,,,,,,,,,,,,,,,,,,,,,,,,,,,,,
1690,Q1,Q2,Q5,Q5,Q6,Q1,Q2,D1,,,,,,,,,,,,,,,,,,,,,,,,,,,,,,,,,,,,,,,,,,,,,,,,,,,,,
1691,Q1,Q2,Q4,Q4,Q6,Q1,D2,,,,,,,,,,,,,,,,,,,,,,,,,,,,,,,,,,,,,,,,,,,,,,,,,,,,,,
1692,Q1,Q2,Q3,Q4,Q5,Q6,Q4,D1,,,,,,,,,,,,,,,,,,,,,,,,,,,,,,,,,,,,,,,,,,,,,,,,,,,,,
1693,Q1,Q1,Q2,Q3,Q3,Q5,Q3,Q5,D1,,,,,,,,,,,,,,,,,,,,,,,,,,,,,,,,,,,,,,,,,,,,,,,,,,,,
1694,Q1,Q1,Q2,Q2,Q2,Q5,Q6,Q1,Q2,Q5,Q6,D1,,,,,,,,,,,,,,,,,,,,,,,,,,,,,,,,,,,,,,,,,,,,,,,,,
1695,Q1,Q2,Q2,Q5,Q1,Q2,D1,,,,,,,,,,,,,,,,,,,,,,,,,,,,,,,,,,,,,,,,,,,,,,,,,,,,,,
1696,Q1,Q1,Q2,Q5,Q5,Q6,Q1,Q1,Q2,Q2,Q2,Q1,Q1,Q2,Q5,Q6,D1,,,,,,,,,,,,,,,,,,,,,,,,,,,,,,,,,,,,,,,,,,,,
1697,Q1,Q2,Q2,D1,,,,,,,,,,,,,,,,,,,,,,,,,,,,,,,,,,,,,,,,,,,,,,,,,,,,,,,,,
1698,Q1,Q2,Q2,Q1,Q2,Q5,Q2,Q2,Q5,Q5,Q6,D1,,,,,,,,,,,,,,,,,,,,,,,,,,,,,,,,,,,,,,,,,,,,,,,,,
1699,Q1,Q2,Q2,Q2,Q5,Q1,Q2,Q1,Q2,Q2,Q4,Q5,Q5,Q2,Q2,Q5,Q5,Q6,Q6,D1,,,,,,,,,,,,,,,,,,,,,,,,,,,,,,,,,,,,,,,,,
1700,Q1,Q2,Q3,Q5,D1,,,,,,,,,,,,,,,,,,,,,,,,,,,,,,,,,,,,,,,,,,,,,,,,,,,,,,,,
1701,Q1,Q2,Q2,Q3,Q1,Q2,Q2,Q3,D1,,,,,,,,,,,,,,,,,,,,,,,,,,,,,,,,,,,,,,,,,,,,,,,,,,,,
1702,Q1,Q2,Q2,Q3,D2,,,,,,,,,,,,,,,,,,,,,,,,,,,,,,,,,,,,,,,,,,,,,,,,,,,,,,,,
1703,Q1,Q2,Q3,Q5,Q6,Q6,Q2,Q1,Q2,Q3,Q3,Q2,D1,,,,,,,,,,,,,,,,,,,,,,,,,,,,,,,,,,,,,,,,,,,,,,,,
1704,Q1,Q2,Q3,Q4,Q4,Q4,Q3,Q2,Q5,Q5,Q1,Q1,Q2,Q5,Q5,Q5,Q5,Q5,Q5,Q6,Q1,Q2,Q1,Q2,Q3,Q3,Q5,Q5,Q6,D1,,,,,,,,,,,,,,,,,,,,,,,,,,,,,,,
1705,Q1,Q2,Q1,Q1,Q2,Q2,Q4,Q3,Q4,Q4,Q5,Q5,Q6,Q1,Q2,Q3,Q3,Q3,Q5,Q6,Q6,D1,,,,,,,,,,,,,,,,,,,,,,,,,,,,,,,,,,,,,,,
1706,Q1,Q2,Q2,Q3,Q3,Q5,Q6,D1,,,,,,,,,,,,,,,,,,,,,,,,,,,,,,,,,,,,,,,,,,,,,,,,,,,,,
1707,Q1,Q2,Q2,Q2,Q5,Q6,Q1,Q1,Q2,Q3,D1,,,,,,,,,,,,,,,,,,,,,,,,,,,,,,,,,,,,,,,,,,,,,,,,,,
1708,Q1,Q2,Q2,Q3,Q4,Q4,Q4,Q5,Q5,Q4,Q5,Q4,Q5,Q5,Q2,Q3,Q3,D2,,,,,,,,,,,,,,,,,,,,,,,,,,,,,,,,,,,,,,,,,,,
1709,Q1,Q2,Q2,Q1,Q1,Q2,Q5,Q5,Q5,Q5,Q1,Q2,Q4,Q5,Q6,Q6,Q6,Q4,Q4,Q3,Q4,D2,,,,,,,,,,,,,,,,,,,,,,,,,,,,,,,,,,,,,,,
1710,Q1,Q2,Q1,Q2,Q2,D2,,,,,,,,,,,,,,,,,,,,,,,,,,,,,,,,,,,,,,,,,,,,,,,,,,,,,,,
1711,Q1,Q2,Q4,Q4,Q5,Q5,Q5,Q6,D1,,,,,,,,,,,,,,,,,,,,,,,,,,,,,,,,,,,,,,,,,,,,,,,,,,,,
1712,Q1,Q1,Q2,Q3,Q5,Q6,D1,,,,,,,,,,,,,,,,,,,,,,,,,,,,,,,,,,,,,,,,,,,,,,,,,,,,,,
1713,Q1,Q2,Q1,Q2,Q1,Q1,Q2,Q5,Q1,Q2,Q5,Q5,D1,,,,,,,,,,,,,,,,,,,,,,,,,,,,,,,,,,,,,,,,,,,,,,,,
1714,Q1,Q1,Q2,Q2,Q5,Q6,D1,,,,,,,,,,,,,,,,,,,,,,,,,,,,,,,,,,,,,,,,,,,,,,,,,,,,,,
1715,Q1,Q2,Q1,Q2,Q3,Q5,Q5,Q6,D1,,,,,,,,,,,,,,,,,,,,,,,,,,,,,,,,,,,,,,,,,,,,,,,,,,,,
1716,Q1,Q2,Q2,Q5,Q5,Q6,D1,,,,,,,,,,,,,,,,,,,,,,,,,,,,,,,,,,,,,,,,,,,,,,,,,,,,,,
1717,Q1,Q2,Q2,Q2,Q1,Q2,Q1,Q2,D2,,,,,,,,,,,,,,,,,,,,,,,,,,,,,,,,,,,,,,,,,,,,,,,,,,,,
1718,Q1,Q1,D2,,,,,,,,,,,,,,,,,,,,,,,,,,,,,,,,,,,,,,,,,,,,,,,,,,,,,,,,,,
1719,Q1,Q2,Q5,Q4,Q4,Q4,Q5,Q5,Q5,Q6,Q1,Q2,Q5,Q6,Q1,Q1,Q1,Q2,Q4,Q4,Q4,D2,,,,,,,,,,,,,,,,,,,,,,,,,,,,,,,,,,,,,,,
1720,Q1,Q2,Q3,Q2,Q3,D1,,,,,,,,,,,,,,,,,,,,,,,,,,,,,,,,,,,,,,,,,,,,,,,,,,,,,,,
1721,Q1,Q2,Q5,Q5,Q6,Q6,Q6,Q4,Q4,Q5,Q5,Q6,Q1,Q2,Q2,Q1,Q2,Q1,Q2,Q3,Q5,Q4,Q6,D1,,,,,,,,,,,,,,,,,,,,,,,,,,,,,,,,,,,,,
1722,Q1,Q2,Q2,D1,,,,,,,,,,,,,,,,,,,,,,,,,,,,,,,,,,,,,,,,,,,,,,,,,,,,,,,,,
1723,Q1,Q2,Q2,Q2,Q2,D1,,,,,,,,,,,,,,,,,,,,,,,,,,,,,,,,,,,,,,,,,,,,,,,,,,,,,,,
1724,Q1,Q1,Q2,Q3,D2,,,,,,,,,,,,,,,,,,,,,,,,,,,,,,,,,,,,,,,,,,,,,,,,,,,,,,,,
1725,Q1,Q2,Q2,Q2,Q2,Q5,Q6,Q6,D1,,,,,,,,,,,,,,,,,,,,,,,,,,,,,,,,,,,,,,,,,,,,,,,,,,,,
1726,Q1,Q2,Q2,D1,,,,,,,,,,,,,,,,,,,,,,,,,,,,,,,,,,,,,,,,,,,,,,,,,,,,,,,,,
1727,Q1,Q2,Q2,Q2,Q3,Q5,Q5,D1,,,,,,,,,,,,,,,,,,,,,,,,,,,,,,,,,,,,,,,,,,,,,,,,,,,,,
1728,Q1,Q2,Q2,Q5,Q6,D1,,,,,,,,,,,,,,,,,,,,,,,,,,,,,,,,,,,,,,,,,,,,,,,,,,,,,,,
1729,Q1,Q2,Q2,Q5,Q6,Q6,Q6,Q1,Q2,D1,,,,,,,,,,,,,,,,,,,,,,,,,,,,,,,,,,,,,,,,,,,,,,,,,,,
1730,Q1,Q2,Q2,D1,,,,,,,,,,,,,,,,,,,,,,,,,,,,,,,,,,,,,,,,,,,,,,,,,,,,,,,,,
1731,Q1,Q2,Q3,Q5,Q6,Q6,D1,,,,,,,,,,,,,,,,,,,,,,,,,,,,,,,,,,,,,,,,,,,,,,,,,,,,,,
1732,Q1,Q2,D1,,,,,,,,,,,,,,,,,,,,,,,,,,,,,,,,,,,,,,,,,,,,,,,,,,,,,,,,,,
1733,Q1,Q2,Q2,Q4,Q4,Q5,Q6,Q2,Q1,Q2,Q5,Q5,Q6,D1,,,,,,,,,,,,,,,,,,,,,,,,,,,,,,,,,,,,,,,,,,,,,,,
1734,Q1,Q2,Q2,Q3,Q3,Q4,Q5,Q6,D1,,,,,,,,,,,,,,,,,,,,,,,,,,,,,,,,,,,,,,,,,,,,,,,,,,,,
1735,Q1,Q2,Q4,Q5,Q5,Q6,Q1,Q2,Q2,Q3,Q3,Q5,Q5,Q6,D1,,,,,,,,,,,,,,,,,,,,,,,,,,,,,,,,,,,,,,,,,,,,,,
1736,Q1,Q2,Q2,Q5,Q5,Q6,Q6,Q6,Q2,D2,,,,,,,,,,,,,,,,,,,,,,,,,,,,,,,,,,,,,,,,,,,,,,,,,,,
1737,Q1,Q1,Q2,Q4,D2,,,,,,,,,,,,,,,,,,,,,,,,,,,,,,,,,,,,,,,,,,,,,,,,,,,,,,,,
1738,Q1,Q2,D1,,,,,,,,,,,,,,,,,,,,,,,,,,,,,,,,,,,,,,,,,,,,,,,,,,,,,,,,,,
1739,Q1,Q2,Q3,Q5,Q4,Q5,Q5,Q1,Q2,D1,,,,,,,,,,,,,,,,,,,,,,,,,,,,,,,,,,,,,,,,,,,,,,,,,,,
1740,Q1,Q2,Q2,Q5,Q3,D1,,,,,,,,,,,,,,,,,,,,,,,,,,,,,,,,,,,,,,,,,,,,,,,,,,,,,,,
1741,Q1,Q2,Q1,Q1,Q2,Q1,Q1,Q2,Q1,Q2,Q5,Q6,D1,,,,,,,,,,,,,,,,,,,,,,,,,,,,,,,,,,,,,,,,,,,,,,,,
1742,Q1,Q2,Q5,Q6,Q1,Q2,Q2,Q2,D1,,,,,,,,,,,,,,,,,,,,,,,,,,,,,,,,,,,,,,,,,,,,,,,,,,,,
1743,Q1,D2,,,,,,,,,,,,,,,,,,,,,,,,,,,,,,,,,,,,,,,,,,,,,,,,,,,,,,,,,,,
1744,Q1,Q2,Q1,Q2,Q1,Q2,Q2,Q5,Q2,Q5,Q6,Q1,Q2,Q5,Q5,Q6,Q6,Q6,Q6,Q6,Q6,Q1,Q2,Q1,Q2,Q3,Q4,Q6,D1,,,,,,,,,,,,,,,,,,,,,,,,,,,,,,,,
1745,Q1,Q2,Q3,D2,,,,,,,,,,,,,,,,,,,,,,,,,,,,,,,,,,,,,,,,,,,,,,,,,,,,,,,,,
1746,Q1,Q2,Q1,Q1,Q1,Q2,Q3,Q5,Q5,Q5,Q6,Q4,D1,,,,,,,,,,,,,,,,,,,,,,,,,,,,,,,,,,,,,,,,,,,,,,,,
1747,Q1,Q2,Q3,D2,,,,,,,,,,,,,,,,,,,,,,,,,,,,,,,,,,,,,,,,,,,,,,,,,,,,,,,,,
1748,Q1,Q2,Q2,D1,,,,,,,,,,,,,,,,,,,,,,,,,,,,,,,,,,,,,,,,,,,,,,,,,,,,,,,,,
1749,Q1,Q2,Q1,Q2,Q3,Q5,Q5,Q5,Q5,Q5,Q5,Q6,Q1,Q2,Q2,Q5,Q2,Q5,Q6,Q6,Q1,Q2,Q2,Q2,Q4,Q4,D2,,,,,,,,,,,,,,,,,,,,,,,,,,,,,,,,,,
1750,Q1,Q2,Q2,Q2,Q2,Q3,D1,,,,,,,,,,,,,,,,,,,,,,,,,,,,,,,,,,,,,,,,,,,,,,,,,,,,,,
1751,Q1,Q2,Q2,Q2,Q1,Q2,Q2,D1,,,,,,,,,,,,,,,,,,,,,,,,,,,,,,,,,,,,,,,,,,,,,,,,,,,,,
1752,Q1,Q2,Q5,Q6,D1,,,,,,,,,,,,,,,,,,,,,,,,,,,,,,,,,,,,,,,,,,,,,,,,,,,,,,,,
1753,Q1,Q2,Q2,Q2,Q2,Q2,D2,,,,,,,,,,,,,,,,,,,,,,,,,,,,,,,,,,,,,,,,,,,,,,,,,,,,,,
1754,Q1,Q2,D1,,,,,,,,,,,,,,,,,,,,,,,,,,,,,,,,,,,,,,,,,,,,,,,,,,,,,,,,,,
1755,Q1,Q1,Q2,Q2,Q2,Q2,Q1,Q2,Q2,Q2,Q1,Q2,D1,,,,,,,,,,,,,,,,,,,,,,,,,,,,,,,,,,,,,,,,,,,,,,,,
1756,Q1,Q2,D1,,,,,,,,,,,,,,,,,,,,,,,,,,,,,,,,,,,,,,,,,,,,,,,,,,,,,,,,,,
1757,Q1,Q2,D1,,,,,,,,,,,,,,,,,,,,,,,,,,,,,,,,,,,,,,,,,,,,,,,,,,,,,,,,,,
1758,Q1,Q2,Q1,Q2,D2,,,,,,,,,,,,,,,,,,,,,,,,,,,,,,,,,,,,,,,,,,,,,,,,,,,,,,,,
1759,Q1,Q2,Q5,Q6,Q6,D1,,,,,,,,,,,,,,,,,,,,,,,,,,,,,,,,,,,,,,,,,,,,,,,,,,,,,,,
1760,Q1,Q2,D2,,,,,,,,,,,,,,,,,,,,,,,,,,,,,,,,,,,,,,,,,,,,,,,,,,,,,,,,,,
1761,Q1,Q1,Q2,Q3,Q4,D2,,,,,,,,,,,,,,,,,,,,,,,,,,,,,,,,,,,,,,,,,,,,,,,,,,,,,,,
1762,Q1,Q2,D1,,,,,,,,,,,,,,,,,,,,,,,,,,,,,,,,,,,,,,,,,,,,,,,,,,,,,,,,,,
1763,Q1,Q1,Q2,Q3,Q4,Q4,Q5,Q6,D1,,,,,,,,,,,,,,,,,,,,,,,,,,,,,,,,,,,,,,,,,,,,,,,,,,,,
1764,Q1,Q2,Q3,D1,,,,,,,,,,,,,,,,,,,,,,,,,,,,,,,,,,,,,,,,,,,,,,,,,,,,,,,,,
1765,Q1,Q2,Q1,Q2,Q3,Q2,Q5,Q5,Q6,Q1,Q2,Q3,Q5,Q6,D1,,,,,,,,,,,,,,,,,,,,,,,,,,,,,,,,,,,,,,,,,,,,,,
1766,Q1,Q2,Q5,Q1,Q2,Q2,Q2,Q4,Q4,Q5,Q5,Q5,Q5,Q2,Q5,D1,,,,,,,,,,,,,,,,,,,,,,,,,,,,,,,,,,,,,,,,,,,,,
1767,Q1,Q1,Q2,D1,,,,,,,,,,,,,,,,,,,,,,,,,,,,,,,,,,,,,,,,,,,,,,,,,,,,,,,,,
1768,Q1,Q2,Q2,Q2,Q1,Q2,D1,,,,,,,,,,,,,,,,,,,,,,,,,,,,,,,,,,,,,,,,,,,,,,,,,,,,,,
1769,Q1,Q2,Q5,D1,,,,,,,,,,,,,,,,,,,,,,,,,,,,,,,,,,,,,,,,,,,,,,,,,,,,,,,,,
1770,Q1,Q2,Q5,Q4,Q5,Q5,Q6,Q1,Q2,Q1,Q2,Q5,Q6,Q6,Q4,Q5,Q5,Q6,D1,,,,,,,,,,,,,,,,,,,,,,,,,,,,,,,,,,,,,,,,,,
1771,Q1,Q2,Q2,Q3,Q3,Q2,Q1,Q2,D1,,,,,,,,,,,,,,,,,,,,,,,,,,,,,,,,,,,,,,,,,,,,,,,,,,,,
1772,Q1,Q2,D1,,,,,,,,,,,,,,,,,,,,,,,,,,,,,,,,,,,,,,,,,,,,,,,,,,,,,,,,,,
1773,Q1,Q2,Q2,Q3,Q4,Q4,Q5,Q5,Q6,D1,,,,,,,,,,,,,,,,,,,,,,,,,,,,,,,,,,,,,,,,,,,,,,,,,,,
1774,Q1,Q2,D1,,,,,,,,,,,,,,,,,,,,,,,,,,,,,,,,,,,,,,,,,,,,,,,,,,,,,,,,,,
1775,Q1,Q2,Q5,Q5,Q6,Q2,Q3,Q4,Q5,Q4,Q5,Q6,D1,,,,,,,,,,,,,,,,,,,,,,,,,,,,,,,,,,,,,,,,,,,,,,,,
1776,Q1,Q1,Q2,Q2,Q2,Q2,Q3,Q3,Q3,Q2,D1,,,,,,,,,,,,,,,,,,,,,,,,,,,,,,,,,,,,,,,,,,,,,,,,,,
1777,Q1,Q1,Q2,Q3,Q3,Q4,Q6,Q1,Q1,Q2,Q5,Q5,Q4,Q5,Q6,Q1,Q2,Q2,Q2,Q1,Q2,Q5,D1,,,,,,,,,,,,,,,,,,,,,,,,,,,,,,,,,,,,,,
1778,Q1,Q2,D1,,,,,,,,,,,,,,,,,,,,,,,,,,,,,,,,,,,,,,,,,,,,,,,,,,,,,,,,,,
1779,Q1,Q2,Q4,Q4,Q5,Q6,Q1,Q2,Q2,D1,,,,,,,,,,,,,,,,,,,,,,,,,,,,,,,,,,,,,,,,,,,,,,,,,,,
1780,Q1,Q2,Q5,Q6,Q1,Q2,D2,,,,,,,,,,,,,,,,,,,,,,,,,,,,,,,,,,,,,,,,,,,,,,,,,,,,,,
1781,Q1,Q2,Q3,Q5,D1,,,,,,,,,,,,,,,,,,,,,,,,,,,,,,,,,,,,,,,,,,,,,,,,,,,,,,,,
1782,Q1,Q1,Q2,D1,,,,,,,,,,,,,,,,,,,,,,,,,,,,,,,,,,,,,,,,,,,,,,,,,,,,,,,,,
1783,Q1,Q2,Q3,Q4,Q5,Q6,Q1,Q2,Q3,D1,,,,,,,,,,,,,,,,,,,,,,,,,,,,,,,,,,,,,,,,,,,,,,,,,,,
1784,Q1,Q2,Q2,Q2,Q2,Q2,Q2,Q5,Q6,Q6,D1,,,,,,,,,,,,,,,,,,,,,,,,,,,,,,,,,,,,,,,,,,,,,,,,,,
1785,Q1,Q2,Q1,Q2,Q5,Q6,D1,,,,,,,,,,,,,,,,,,,,,,,,,,,,,,,,,,,,,,,,,,,,,,,,,,,,,,
1786,Q1,Q2,Q1,Q2,Q1,Q2,Q4,Q4,Q5,Q5,Q6,D1,,,,,,,,,,,,,,,,,,,,,,,,,,,,,,,,,,,,,,,,,,,,,,,,,
1787,Q1,Q2,Q5,Q6,Q1,Q2,Q5,Q6,Q1,Q2,Q1,Q2,Q3,Q3,Q1,Q2,Q2,D1,,,,,,,,,,,,,,,,,,,,,,,,,,,,,,,,,,,,,,,,,,,
1788,Q1,Q2,D1,,,,,,,,,,,,,,,,,,,,,,,,,,,,,,,,,,,,,,,,,,,,,,,,,,,,,,,,,,
1789,Q1,Q2,Q4,Q4,Q4,Q4,Q4,D2,,,,,,,,,,,,,,,,,,,,,,,,,,,,,,,,,,,,,,,,,,,,,,,,,,,,,
1790,Q1,Q2,Q3,Q5,Q5,Q5,Q6,Q6,D1,,,,,,,,,,,,,,,,,,,,,,,,,,,,,,,,,,,,,,,,,,,,,,,,,,,,
1791,Q1,Q2,Q2,Q1,Q2,Q2,Q5,Q6,Q6,D1,,,,,,,,,,,,,,,,,,,,,,,,,,,,,,,,,,,,,,,,,,,,,,,,,,,
1792,Q1,Q2,Q2,Q2,Q2,Q2,Q1,Q2,Q2,Q2,Q5,Q6,Q1,Q2,Q5,Q6,Q1,Q2,Q2,Q3,D2,,,,,,,,,,,,,,,,,,,,,,,,,,,,,,,,,,,,,,,,
1793,Q1,Q2,Q3,Q4,Q4,Q4,Q4,Q4,D2,,,,,,,,,,,,,,,,,,,,,,,,,,,,,,,,,,,,,,,,,,,,,,,,,,,,
1794,Q1,Q2,Q2,Q3,D1,,,,,,,,,,,,,,,,,,,,,,,,,,,,,,,,,,,,,,,,,,,,,,,,,,,,,,,,
1795,Q1,Q1,Q2,Q3,Q1,Q2,D1,,,,,,,,,,,,,,,,,,,,,,,,,,,,,,,,,,,,,,,,,,,,,,,,,,,,,,
1796,Q1,Q1,Q1,Q2,Q2,Q1,Q2,D1,,,,,,,,,,,,,,,,,,,,,,,,,,,,,,,,,,,,,,,,,,,,,,,,,,,,,
1797,Q1,Q2,Q3,D1,,,,,,,,,,,,,,,,,,,,,,,,,,,,,,,,,,,,,,,,,,,,,,,,,,,,,,,,,
1798,Q1,Q1,Q2,D1,,,,,,,,,,,,,,,,,,,,,,,,,,,,,,,,,,,,,,,,,,,,,,,,,,,,,,,,,
1799,Q1,D2,,,,,,,,,,,,,,,,,,,,,,,,,,,,,,,,,,,,,,,,,,,,,,,,,,,,,,,,,,,
1800,Q1,Q2,Q1,Q2,Q2,Q5,Q1,Q2,D1,,,,,,,,,,,,,,,,,,,,,,,,,,,,,,,,,,,,,,,,,,,,,,,,,,,,
1801,Q1,Q2,Q5,Q1,Q2,Q4,Q4,D1,,,,,,,,,,,,,,,,,,,,,,,,,,,,,,,,,,,,,,,,,,,,,,,,,,,,,
1802,Q1,Q1,Q2,Q4,Q5,Q1,Q2,Q2,Q2,Q2,Q3,Q3,Q5,Q5,Q5,Q6,Q1,Q2,D1,,,,,,,,,,,,,,,,,,,,,,,,,,,,,,,,,,,,,,,,,,
1803,Q1,Q2,Q1,Q2,Q2,D1,,,,,,,,,,,,,,,,,,,,,,,,,,,,,,,,,,,,,,,,,,,,,,,,,,,,,,,
1804,Q1,Q1,Q1,Q2,Q3,Q3,Q3,Q2,Q1,Q2,Q3,Q3,Q5,Q2,Q5,Q5,Q6,Q6,D1,,,,,,,,,,,,,,,,,,,,,,,,,,,,,,,,,,,,,,,,,,
1805,Q1,Q2,Q2,Q3,Q3,Q1,Q2,D1,,,,,,,,,,,,,,,,,,,,,,,,,,,,,,,,,,,,,,,,,,,,,,,,,,,,,
1806,Q1,Q2,Q4,Q4,D2,,,,,,,,,,,,,,,,,,,,,,,,,,,,,,,,,,,,,,,,,,,,,,,,,,,,,,,,
1807,Q1,Q2,Q3,Q5,Q6,Q2,D1,,,,,,,,,,,,,,,,,,,,,,,,,,,,,,,,,,,,,,,,,,,,,,,,,,,,,,
1808,Q1,Q2,D2,,,,,,,,,,,,,,,,,,,,,,,,,,,,,,,,,,,,,,,,,,,,,,,,,,,,,,,,,,
1809,Q1,Q1,Q2,Q2,Q1,Q2,D1,,,,,,,,,,,,,,,,,,,,,,,,,,,,,,,,,,,,,,,,,,,,,,,,,,,,,,
1810,Q1,Q2,Q1,Q1,Q2,Q2,Q5,Q5,Q5,Q5,Q5,Q5,Q6,D1,,,,,,,,,,,,,,,,,,,,,,,,,,,,,,,,,,,,,,,,,,,,,,,
1811,Q1,Q2,Q2,Q2,Q2,Q2,Q2,Q3,Q1,Q2,Q3,Q1,Q2,Q5,Q5,Q6,Q4,Q6,D1,,,,,,,,,,,,,,,,,,,,,,,,,,,,,,,,,,,,,,,,,,
1812,Q1,Q1,Q2,D1,,,,,,,,,,,,,,,,,,,,,,,,,,,,,,,,,,,,,,,,,,,,,,,,,,,,,,,,,
1813,Q1,Q1,Q2,Q5,Q1,Q2,Q3,D1,,,,,,,,,,,,,,,,,,,,,,,,,,,,,,,,,,,,,,,,,,,,,,,,,,,,,
1814,Q1,Q2,Q1,Q2,Q1,Q2,Q1,Q2,Q5,Q1,Q2,Q4,Q5,Q5,Q5,Q6,D1,,,,,,,,,,,,,,,,,,,,,,,,,,,,,,,,,,,,,,,,,,,,
1815,Q1,Q1,Q1,Q2,Q2,Q5,Q6,D1,,,,,,,,,,,,,,,,,,,,,,,,,,,,,,,,,,,,,,,,,,,,,,,,,,,,,
1816,Q1,Q1,Q2,Q2,Q2,Q2,Q2,Q3,Q3,Q3,Q3,Q5,Q1,Q2,Q1,Q2,D1,,,,,,,,,,,,,,,,,,,,,,,,,,,,,,,,,,,,,,,,,,,,
1817,Q1,Q2,Q1,Q2,Q3,Q4,Q4,Q5,Q5,Q4,Q4,Q4,Q5,Q5,Q6,Q6,Q1,Q1,Q2,Q1,Q2,Q1,Q2,Q3,Q2,Q3,Q2,Q5,Q5,Q1,Q1,Q2,Q2,Q2,Q5,Q5,Q6,D1,,,,,,,,,,,,,,,,,,,,,,,
1818,Q1,Q2,Q5,Q5,Q6,D1,,,,,,,,,,,,,,,,,,,,,,,,,,,,,,,,,,,,,,,,,,,,,,,,,,,,,,,
1819,Q1,Q1,Q2,Q5,Q5,Q3,Q5,Q5,Q6,D1,,,,,,,,,,,,,,,,,,,,,,,,,,,,,,,,,,,,,,,,,,,,,,,,,,,
1820,Q1,Q2,Q2,D1,,,,,,,,,,,,,,,,,,,,,,,,,,,,,,,,,,,,,,,,,,,,,,,,,,,,,,,,,
1821,Q1,Q2,Q3,Q5,Q6,D1,,,,,,,,,,,,,,,,,,,,,,,,,,,,,,,,,,,,,,,,,,,,,,,,,,,,,,,
1822,Q1,Q1,Q2,D1,,,,,,,,,,,,,,,,,,,,,,,,,,,,,,,,,,,,,,,,,,,,,,,,,,,,,,,,,
1823,Q1,Q2,Q3,Q5,Q2,Q5,Q6,Q1,Q2,Q1,Q2,Q2,Q5,Q5,Q5,Q6,Q6,Q4,Q6,Q1,Q2,Q2,Q2,Q1,Q2,Q2,Q1,Q1,Q2,D2,,,,,,,,,,,,,,,,,,,,,,,,,,,,,,,
1824,Q1,D2,,,,,,,,,,,,,,,,,,,,,,,,,,,,,,,,,,,,,,,,,,,,,,,,,,,,,,,,,,,
1825,Q1,Q2,Q2,Q4,Q4,Q5,Q5,Q5,Q1,Q2,D1,,,,,,,,,,,,,,,,,,,,,,,,,,,,,,,,,,,,,,,,,,,,,,,,,,
1826,Q1,Q2,Q3,Q5,Q6,Q6,D1,,,,,,,,,,,,,,,,,,,,,,,,,,,,,,,,,,,,,,,,,,,,,,,,,,,,,,
1827,Q1,Q2,Q2,Q3,Q3,Q3,Q3,D2,,,,,,,,,,,,,,,,,,,,,,,,,,,,,,,,,,,,,,,,,,,,,,,,,,,,,
1828,Q1,Q2,Q2,Q1,Q2,Q2,Q3,Q3,Q1,Q2,Q3,D1,,,,,,,,,,,,,,,,,,,,,,,,,,,,,,,,,,,,,,,,,,,,,,,,,
1829,Q1,Q2,D1,,,,,,,,,,,,,,,,,,,,,,,,,,,,,,,,,,,,,,,,,,,,,,,,,,,,,,,,,,
1830,Q1,Q2,Q2,Q2,Q1,Q2,Q1,D2,,,,,,,,,,,,,,,,,,,,,,,,,,,,,,,,,,,,,,,,,,,,,,,,,,,,,
1831,Q1,Q2,Q2,Q5,Q6,Q6,Q1,Q2,Q2,Q1,Q2,D1,,,,,,,,,,,,,,,,,,,,,,,,,,,,,,,,,,,,,,,,,,,,,,,,,
1832,Q1,Q2,Q3,Q5,Q6,D1,,,,,,,,,,,,,,,,,,,,,,,,,,,,,,,,,,,,,,,,,,,,,,,,,,,,,,,
1833,Q1,Q2,Q3,Q1,Q2,Q5,Q5,Q5,Q5,Q5,Q2,Q3,Q3,Q2,Q2,Q2,Q1,Q1,Q2,Q2,Q5,Q5,Q1,Q2,Q1,Q1,Q2,Q1,Q2,Q4,Q6,Q4,Q5,Q6,Q1,Q1,Q2,Q3,Q4,Q6,Q1,Q2,Q2,Q2,Q2,Q3,Q4,Q6,Q1,Q2,Q5,Q2,D1,,,,,,,,
1834,Q1,Q2,Q1,Q2,Q1,Q2,Q2,Q2,Q3,Q5,Q1,Q2,Q2,Q2,Q1,Q2,Q3,Q4,Q4,Q4,Q4,Q5,Q5,Q3,Q5,Q5,Q6,Q6,D1,,,,,,,,,,,,,,,,,,,,,,,,,,,,,,,,
1835,Q1,D2,,,,,,,,,,,,,,,,,,,,,,,,,,,,,,,,,,,,,,,,,,,,,,,,,,,,,,,,,,,
1836,Q1,Q1,D2,,,,,,,,,,,,,,,,,,,,,,,,,,,,,,,,,,,,,,,,,,,,,,,,,,,,,,,,,,
1837,Q1,Q2,Q5,Q6,D1,,,,,,,,,,,,,,,,,,,,,,,,,,,,,,,,,,,,,,,,,,,,,,,,,,,,,,,,
1838,Q1,Q2,D1,,,,,,,,,,,,,,,,,,,,,,,,,,,,,,,,,,,,,,,,,,,,,,,,,,,,,,,,,,
1839,Q1,Q2,Q3,Q1,Q2,Q5,Q6,Q4,Q4,Q6,D1,,,,,,,,,,,,,,,,,,,,,,,,,,,,,,,,,,,,,,,,,,,,,,,,,,
1840,Q1,Q2,Q3,Q3,Q2,Q2,Q5,Q5,Q6,Q6,Q1,Q2,D1,,,,,,,,,,,,,,,,,,,,,,,,,,,,,,,,,,,,,,,,,,,,,,,,
1841,Q1,Q2,Q2,Q1,Q2,Q5,Q6,Q6,Q2,Q1,Q2,Q1,Q2,Q2,Q3,D1,,,,,,,,,,,,,,,,,,,,,,,,,,,,,,,,,,,,,,,,,,,,,
1842,Q1,Q2,Q2,Q5,Q6,D1,,,,,,,,,,,,,,,,,,,,,,,,,,,,,,,,,,,,,,,,,,,,,,,,,,,,,,,
1843,Q1,Q2,Q3,Q2,Q5,Q5,D1,,,,,,,,,,,,,,,,,,,,,,,,,,,,,,,,,,,,,,,,,,,,,,,,,,,,,,
1844,Q1,Q2,Q1,Q2,Q1,Q2,Q4,D2,,,,,,,,,,,,,,,,,,,,,,,,,,,,,,,,,,,,,,,,,,,,,,,,,,,,,
1845,Q1,Q2,Q1,Q2,Q2,Q3,D2,,,,,,,,,,,,,,,,,,,,,,,,,,,,,,,,,,,,,,,,,,,,,,,,,,,,,,
1846,Q1,Q2,Q3,Q1,Q2,D1,,,,,,,,,,,,,,,,,,,,,,,,,,,,,,,,,,,,,,,,,,,,,,,,,,,,,,,
1847,Q1,Q2,Q2,Q1,Q2,Q1,Q2,Q2,Q1,Q2,D1,,,,,,,,,,,,,,,,,,,,,,,,,,,,,,,,,,,,,,,,,,,,,,,,,,
1848,Q1,Q2,Q4,Q5,Q5,Q2,Q3,Q5,Q1,Q1,Q2,D1,,,,,,,,,,,,,,,,,,,,,,,,,,,,,,,,,,,,,,,,,,,,,,,,,
1849,Q1,Q2,Q2,Q3,D2,,,,,,,,,,,,,,,,,,,,,,,,,,,,,,,,,,,,,,,,,,,,,,,,,,,,,,,,
1850,Q1,Q2,Q3,Q2,D2,,,,,,,,,,,,,,,,,,,,,,,,,,,,,,,,,,,,,,,,,,,,,,,,,,,,,,,,
1851,Q1,Q2,D1,,,,,,,,,,,,,,,,,,,,,,,,,,,,,,,,,,,,,,,,,,,,,,,,,,,,,,,,,,
1852,Q1,Q2,Q4,D2,,,,,,,,,,,,,,,,,,,,,,,,,,,,,,,,,,,,,,,,,,,,,,,,,,,,,,,,,
1853,Q1,Q2,Q5,Q6,Q1,Q2,Q3,Q1,D2,,,,,,,,,,,,,,,,,,,,,,,,,,,,,,,,,,,,,,,,,,,,,,,,,,,,
1854,Q1,Q2,Q4,Q6,Q4,Q4,Q6,Q1,Q2,Q1,Q2,Q3,Q5,Q5,Q1,Q2,Q1,Q2,Q1,Q2,Q1,Q2,D1,,,,,,,,,,,,,,,,,,,,,,,,,,,,,,,,,,,,,,
1855,Q1,Q2,Q2,Q2,Q3,Q1,Q2,Q3,Q5,Q5,Q5,Q5,Q5,Q5,Q6,D1,,,,,,,,,,,,,,,,,,,,,,,,,,,,,,,,,,,,,,,,,,,,,
1856,Q1,Q2,Q2,Q2,Q3,Q2,Q2,Q2,Q3,D2,,,,,,,,,,,,,,,,,,,,,,,,,,,,,,,,,,,,,,,,,,,,,,,,,,,
1857,Q1,Q2,Q3,Q5,Q5,Q5,Q6,Q1,Q2,D2,,,,,,,,,,,,,,,,,,,,,,,,,,,,,,,,,,,,,,,,,,,,,,,,,,,
1858,Q1,Q2,D2,,,,,,,,,,,,,,,,,,,,,,,,,,,,,,,,,,,,,,,,,,,,,,,,,,,,,,,,,,
1859,Q1,Q2,Q3,Q5,Q6,D1,,,,,,,,,,,,,,,,,,,,,,,,,,,,,,,,,,,,,,,,,,,,,,,,,,,,,,,
1860,Q1,Q2,Q3,Q5,Q5,Q5,Q5,Q6,Q1,Q2,Q2,D1,,,,,,,,,,,,,,,,,,,,,,,,,,,,,,,,,,,,,,,,,,,,,,,,,
1861,Q1,Q2,D1,,,,,,,,,,,,,,,,,,,,,,,,,,,,,,,,,,,,,,,,,,,,,,,,,,,,,,,,,,
1862,Q1,Q2,Q2,Q3,Q3,Q2,Q3,D1,,,,,,,,,,,,,,,,,,,,,,,,,,,,,,,,,,,,,,,,,,,,,,,,,,,,,
1863,Q1,Q2,Q1,Q2,Q5,Q1,Q2,Q1,Q2,Q4,Q4,Q4,Q4,Q4,Q4,Q4,Q3,Q1,Q1,Q2,Q4,Q5,Q2,Q5,Q6,Q6,Q6,D1,,,,,,,,,,,,,,,,,,,,,,,,,,,,,,,,,
1864,Q1,Q2,D2,,,,,,,,,,,,,,,,,,,,,,,,,,,,,,,,,,,,,,,,,,,,,,,,,,,,,,,,,,
1865,Q1,Q2,Q2,Q2,Q3,Q4,Q6,Q4,Q5,Q5,Q6,Q6,Q1,D2,,,,,,,,,,,,,,,,,,,,,,,,,,,,,,,,,,,,,,,,,,,,,,,
1866,Q1,Q2,Q1,Q2,Q4,D2,,,,,,,,,,,,,,,,,,,,,,,,,,,,,,,,,,,,,,,,,,,,,,,,,,,,,,,
1867,Q1,Q2,Q2,Q2,Q1,Q2,Q2,Q3,Q3,Q5,Q6,D1,,,,,,,,,,,,,,,,,,,,,,,,,,,,,,,,,,,,,,,,,,,,,,,,,
1868,Q1,Q2,Q2,D2,,,,,,,,,,,,,,,,,,,,,,,,,,,,,,,,,,,,,,,,,,,,,,,,,,,,,,,,,
1869,Q1,Q1,Q2,D1,,,,,,,,,,,,,,,,,,,,,,,,,,,,,,,,,,,,,,,,,,,,,,,,,,,,,,,,,
1870,Q1,Q1,Q2,Q2,Q3,Q1,Q2,Q1,Q2,Q1,Q2,Q3,D2,,,,,,,,,,,,,,,,,,,,,,,,,,,,,,,,,,,,,,,,,,,,,,,,
1871,Q1,Q2,Q4,Q5,Q3,Q5,Q5,Q4,Q5,Q6,D1,,,,,,,,,,,,,,,,,,,,,,,,,,,,,,,,,,,,,,,,,,,,,,,,,,
1872,Q1,D2,,,,,,,,,,,,,,,,,,,,,,,,,,,,,,,,,,,,,,,,,,,,,,,,,,,,,,,,,,,
1873,Q1,Q1,Q2,Q2,Q2,Q1,Q1,Q2,Q3,Q4,Q4,Q5,Q6,Q1,Q2,D1,,,,,,,,,,,,,,,,,,,,,,,,,,,,,,,,,,,,,,,,,,,,,
1874,Q1,Q2,D1,,,,,,,,,,,,,,,,,,,,,,,,,,,,,,,,,,,,,,,,,,,,,,,,,,,,,,,,,,
1875,Q1,Q2,Q1,D2,,,,,,,,,,,,,,,,,,,,,,,,,,,,,,,,,,,,,,,,,,,,,,,,,,,,,,,,,
1876,Q1,Q2,Q3,Q3,Q3,Q3,Q5,Q5,Q5,Q6,D1,,,,,,,,,,,,,,,,,,,,,,,,,,,,,,,,,,,,,,,,,,,,,,,,,,
1877,Q1,Q2,D1,,,,,,,,,,,,,,,,,,,,,,,,,,,,,,,,,,,,,,,,,,,,,,,,,,,,,,,,,,
1878,Q1,Q1,Q2,Q5,Q5,D1,,,,,,,,,,,,,,,,,,,,,,,,,,,,,,,,,,,,,,,,,,,,,,,,,,,,,,,
1879,Q1,Q2,Q2,Q5,Q6,Q1,Q2,Q2,Q2,Q2,Q3,Q4,Q5,Q3,Q4,Q5,Q5,Q5,Q5,Q6,Q1,Q2,Q1,Q2,Q2,Q3,Q3,Q3,Q3,D1,,,,,,,,,,,,,,,,,,,,,,,,,,,,,,,
1880,Q1,Q1,D2,,,,,,,,,,,,,,,,,,,,,,,,,,,,,,,,,,,,,,,,,,,,,,,,,,,,,,,,,,
1881,Q1,Q2,Q1,Q2,Q2,Q2,Q4,Q5,Q5,Q5,Q5,Q6,Q1,Q2,Q2,Q5,Q1,Q2,Q3,Q5,Q5,Q4,Q5,Q5,Q5,Q5,Q6,Q2,D1,,,,,,,,,,,,,,,,,,,,,,,,,,,,,,,,
1882,Q1,Q2,Q2,D1,,,,,,,,,,,,,,,,,,,,,,,,,,,,,,,,,,,,,,,,,,,,,,,,,,,,,,,,,
1883,Q1,Q2,Q3,Q2,Q5,Q5,Q1,Q2,Q5,Q5,D1,,,,,,,,,,,,,,,,,,,,,,,,,,,,,,,,,,,,,,,,,,,,,,,,,,
1884,Q1,Q2,Q1,Q2,Q3,Q3,Q3,Q5,Q6,Q6,Q6,D1,,,,,,,,,,,,,,,,,,,,,,,,,,,,,,,,,,,,,,,,,,,,,,,,,
1885,Q1,Q2,Q5,Q5,Q6,D1,,,,,,,,,,,,,,,,,,,,,,,,,,,,,,,,,,,,,,,,,,,,,,,,,,,,,,,
1886,Q1,Q2,D1,,,,,,,,,,,,,,,,,,,,,,,,,,,,,,,,,,,,,,,,,,,,,,,,,,,,,,,,,,
1887,Q1,Q2,Q1,Q2,Q5,Q6,Q4,Q5,Q6,Q1,Q2,Q5,Q5,Q5,Q6,Q1,D2,,,,,,,,,,,,,,,,,,,,,,,,,,,,,,,,,,,,,,,,,,,,
1888,Q1,Q1,Q2,Q5,Q5,Q1,Q2,D1,,,,,,,,,,,,,,,,,,,,,,,,,,,,,,,,,,,,,,,,,,,,,,,,,,,,,
1889,Q1,Q2,Q3,D1,,,,,,,,,,,,,,,,,,,,,,,,,,,,,,,,,,,,,,,,,,,,,,,,,,,,,,,,,
1890,Q1,Q2,Q2,Q2,Q2,Q4,Q4,D2,,,,,,,,,,,,,,,,,,,,,,,,,,,,,,,,,,,,,,,,,,,,,,,,,,,,,
1891,Q1,Q2,Q2,Q5,Q1,D2,,,,,,,,,,,,,,,,,,,,,,,,,,,,,,,,,,,,,,,,,,,,,,,,,,,,,,,
1892,Q1,Q2,Q3,Q5,Q5,Q5,Q6,Q6,D1,,,,,,,,,,,,,,,,,,,,,,,,,,,,,,,,,,,,,,,,,,,,,,,,,,,,
1893,Q1,Q2,Q2,Q2,Q3,Q4,Q5,Q1,Q2,Q2,D1,,,,,,,,,,,,,,,,,,,,,,,,,,,,,,,,,,,,,,,,,,,,,,,,,,
1894,Q1,Q2,Q3,D1,,,,,,,,,,,,,,,,,,,,,,,,,,,,,,,,,,,,,,,,,,,,,,,,,,,,,,,,,
1895,Q1,Q2,Q2,Q2,Q3,D2,,,,,,,,,,,,,,,,,,,,,,,,,,,,,,,,,,,,,,,,,,,,,,,,,,,,,,,
1896,Q1,Q1,Q2,Q2,Q5,D1,,,,,,,,,,,,,,,,,,,,,,,,,,,,,,,,,,,,,,,,,,,,,,,,,,,,,,,
1897,Q1,Q2,Q5,Q1,Q2,Q2,Q3,Q5,Q1,Q2,D1,,,,,,,,,,,,,,,,,,,,,,,,,,,,,,,,,,,,,,,,,,,,,,,,,,
1898,Q1,Q1,Q2,Q3,Q3,Q3,Q4,Q5,Q4,D2,,,,,,,,,,,,,,,,,,,,,,,,,,,,,,,,,,,,,,,,,,,,,,,,,,,
1899,Q1,Q2,Q2,Q1,Q2,Q2,D1,,,,,,,,,,,,,,,,,,,,,,,,,,,,,,,,,,,,,,,,,,,,,,,,,,,,,,
1900,Q1,Q2,Q3,Q5,Q1,D2,,,,,,,,,,,,,,,,,,,,,,,,,,,,,,,,,,,,,,,,,,,,,,,,,,,,,,,
1901,Q1,Q2,Q2,Q3,Q1,Q1,Q2,Q5,Q6,Q6,D1,,,,,,,,,,,,,,,,,,,,,,,,,,,,,,,,,,,,,,,,,,,,,,,,,,
1902,Q1,Q2,Q4,Q5,Q2,Q3,Q3,Q2,Q2,Q1,Q2,D1,,,,,,,,,,,,,,,,,,,,,,,,,,,,,,,,,,,,,,,,,,,,,,,,,
1903,Q1,Q2,Q3,Q3,Q5,Q2,Q2,Q2,Q5,Q5,Q5,Q4,Q5,Q5,Q5,Q5,Q6,Q4,Q4,Q4,D1,,,,,,,,,,,,,,,,,,,,,,,,,,,,,,,,,,,,,,,,
1904,Q1,Q2,Q5,Q5,Q5,Q6,D1,,,,,,,,,,,,,,,,,,,,,,,,,,,,,,,,,,,,,,,,,,,,,,,,,,,,,,
1905,Q1,Q1,D2,,,,,,,,,,,,,,,,,,,,,,,,,,,,,,,,,,,,,,,,,,,,,,,,,,,,,,,,,,
1906,Q1,Q2,Q2,Q5,Q1,Q2,Q1,Q2,Q2,D1,,,,,,,,,,,,,,,,,,,,,,,,,,,,,,,,,,,,,,,,,,,,,,,,,,,
1907,Q1,Q2,Q2,Q2,Q5,D1,,,,,,,,,,,,,,,,,,,,,,,,,,,,,,,,,,,,,,,,,,,,,,,,,,,,,,,
1908,Q1,Q2,D1,,,,,,,,,,,,,,,,,,,,,,,,,,,,,,,,,,,,,,,,,,,,,,,,,,,,,,,,,,
1909,Q1,Q2,Q1,Q2,Q1,Q2,Q4,Q5,D1,,,,,,,,,,,,,,,,,,,,,,,,,,,,,,,,,,,,,,,,,,,,,,,,,,,,
1910,Q1,Q1,Q2,Q2,Q2,Q1,Q2,Q2,Q3,D1,,,,,,,,,,,,,,,,,,,,,,,,,,,,,,,,,,,,,,,,,,,,,,,,,,,
1911,Q1,Q2,Q5,Q5,Q6,D1,,,,,,,,,,,,,,,,,,,,,,,,,,,,,,,,,,,,,,,,,,,,,,,,,,,,,,,
1912,Q1,Q2,Q5,Q5,Q5,Q5,Q2,Q1,Q2,Q4,Q5,Q5,Q5,Q5,Q6,D1,,,,,,,,,,,,,,,,,,,,,,,,,,,,,,,,,,,,,,,,,,,,,
1913,Q1,Q2,Q4,Q6,Q6,Q1,Q2,Q1,Q1,Q2,Q1,Q2,Q5,Q6,D1,,,,,,,,,,,,,,,,,,,,,,,,,,,,,,,,,,,,,,,,,,,,,,
1914,Q1,Q2,D1,,,,,,,,,,,,,,,,,,,,,,,,,,,,,,,,,,,,,,,,,,,,,,,,,,,,,,,,,,
1915,Q1,Q2,Q4,D2,,,,,,,,,,,,,,,,,,,,,,,,,,,,,,,,,,,,,,,,,,,,,,,,,,,,,,,,,
1916,Q1,Q1,Q2,Q3,Q5,Q5,Q5,Q6,Q1,Q2,D1,,,,,,,,,,,,,,,,,,,,,,,,,,,,,,,,,,,,,,,,,,,,,,,,,,
1917,Q1,Q2,Q3,Q5,Q5,Q5,Q2,D2,,,,,,,,,,,,,,,,,,,,,,,,,,,,,,,,,,,,,,,,,,,,,,,,,,,,,
1918,Q1,Q2,Q5,Q3,Q3,Q5,Q5,Q6,Q6,D1,,,,,,,,,,,,,,,,,,,,,,,,,,,,,,,,,,,,,,,,,,,,,,,,,,,
1919,Q1,Q2,Q3,Q3,Q3,Q5,Q1,Q2,Q1,Q2,Q2,Q2,Q5,Q3,Q5,Q6,Q1,Q2,D2,,,,,,,,,,,,,,,,,,,,,,,,,,,,,,,,,,,,,,,,,,
1920,Q1,Q2,Q2,Q3,D2,,,,,,,,,,,,,,,,,,,,,,,,,,,,,,,,,,,,,,,,,,,,,,,,,,,,,,,,
1921,Q1,Q2,Q2,Q2,Q5,Q1,Q1,Q2,Q3,Q2,Q3,Q4,D2,,,,,,,,,,,,,,,,,,,,,,,,,,,,,,,,,,,,,,,,,,,,,,,,
1922,Q1,Q1,Q2,Q2,Q2,Q2,Q5,D1,,,,,,,,,,,,,,,,,,,,,,,,,,,,,,,,,,,,,,,,,,,,,,,,,,,,,
1923,Q1,Q2,Q2,Q2,Q3,Q5,Q6,Q1,D2,,,,,,,,,,,,,,,,,,,,,,,,,,,,,,,,,,,,,,,,,,,,,,,,,,,,
1924,Q1,Q2,Q1,Q2,D1,,,,,,,,,,,,,,,,,,,,,,,,,,,,,,,,,,,,,,,,,,,,,,,,,,,,,,,,
1925,Q1,Q2,Q2,Q5,Q5,Q5,Q5,Q6,Q1,Q1,Q1,Q2,Q5,Q5,Q5,Q6,D1,,,,,,,,,,,,,,,,,,,,,,,,,,,,,,,,,,,,,,,,,,,,
1926,Q1,Q2,Q3,Q2,Q2,Q2,Q2,Q1,Q1,Q2,Q2,Q3,Q5,Q2,D1,,,,,,,,,,,,,,,,,,,,,,,,,,,,,,,,,,,,,,,,,,,,,,
1927,Q1,Q2,Q2,Q5,Q3,Q1,Q2,Q3,Q3,Q2,Q2,Q2,Q2,Q2,Q4,Q6,Q1,Q2,Q1,Q2,Q2,Q4,Q4,Q4,Q5,Q6,D1,,,,,,,,,,,,,,,,,,,,,,,,,,,,,,,,,,
1928,Q1,Q1,Q2,Q2,Q2,Q3,Q3,D1,,,,,,,,,,,,,,,,,,,,,,,,,,,,,,,,,,,,,,,,,,,,,,,,,,,,,
1929,Q1,Q2,Q4,Q5,Q6,Q4,Q4,Q5,Q1,Q2,Q1,Q2,Q2,Q5,Q1,Q2,D1,,,,,,,,,,,,,,,,,,,,,,,,,,,,,,,,,,,,,,,,,,,,
1930,Q1,Q1,Q2,D1,,,,,,,,,,,,,,,,,,,,,,,,,,,,,,,,,,,,,,,,,,,,,,,,,,,,,,,,,
1931,Q1,Q2,Q3,Q2,Q2,Q2,D2,,,,,,,,,,,,,,,,,,,,,,,,,,,,,,,,,,,,,,,,,,,,,,,,,,,,,,
1932,Q1,Q2,Q4,Q4,D2,,,,,,,,,,,,,,,,,,,,,,,,,,,,,,,,,,,,,,,,,,,,,,,,,,,,,,,,
1933,Q1,Q2,Q2,Q2,Q1,Q2,D1,,,,,,,,,,,,,,,,,,,,,,,,,,,,,,,,,,,,,,,,,,,,,,,,,,,,,,
1934,Q1,Q2,Q2,Q1,Q2,Q2,Q5,Q2,Q4,Q5,Q6,Q6,Q4,Q5,Q5,Q5,Q6,Q6,Q6,D1,,,,,,,,,,,,,,,,,,,,,,,,,,,,,,,,,,,,,,,,,
1935,Q1,Q2,D1,,,,,,,,,,,,,,,,,,,,,,,,,,,,,,,,,,,,,,,,,,,,,,,,,,,,,,,,,,
1936,Q1,Q2,Q2,Q3,Q4,Q4,Q4,Q4,D1,,,,,,,,,,,,,,,,,,,,,,,,,,,,,,,,,,,,,,,,,,,,,,,,,,,,
1937,Q1,Q2,Q3,Q5,Q5,Q6,Q1,Q2,Q2,Q5,Q1,Q1,Q2,Q5,Q2,D1,,,,,,,,,,,,,,,,,,,,,,,,,,,,,,,,,,,,,,,,,,,,,
1938,Q1,Q2,Q3,Q4,Q5,Q6,Q6,D1,,,,,,,,,,,,,,,,,,,,,,,,,,,,,,,,,,,,,,,,,,,,,,,,,,,,,
1939,Q1,Q2,Q1,Q2,Q5,Q6,Q4,Q5,Q5,Q5,Q5,Q6,Q6,Q1,Q2,Q3,Q3,Q5,Q2,Q1,Q2,Q1,Q2,Q2,Q2,Q3,Q5,Q6,D1,,,,,,,,,,,,,,,,,,,,,,,,,,,,,,,,
1940,Q1,D2,,,,,,,,,,,,,,,,,,,,,,,,,,,,,,,,,,,,,,,,,,,,,,,,,,,,,,,,,,,
1941,Q1,Q2,Q5,Q5,Q5,Q6,Q6,Q6,Q1,Q2,Q4,Q4,Q4,Q4,Q5,Q5,Q5,Q6,Q1,Q2,D1,,,,,,,,,,,,,,,,,,,,,,,,,,,,,,,,,,,,,,,,
1942,Q1,Q2,Q2,Q2,Q1,Q2,Q3,Q1,Q2,Q5,Q6,Q6,Q1,Q2,Q2,Q3,Q5,Q5,Q6,Q6,D1,,,,,,,,,,,,,,,,,,,,,,,,,,,,,,,,,,,,,,,,
1943,Q1,D2,,,,,,,,,,,,,,,,,,,,,,,,,,,,,,,,,,,,,,,,,,,,,,,,,,,,,,,,,,,
1944,Q1,Q1,Q2,Q4,Q5,D1,,,,,,,,,,,,,,,,,,,,,,,,,,,,,,,,,,,,,,,,,,,,,,,,,,,,,,,
1945,Q1,Q1,Q2,Q3,Q5,Q6,D1,,,,,,,,,,,,,,,,,,,,,,,,,,,,,,,,,,,,,,,,,,,,,,,,,,,,,,
1946,Q1,Q2,Q2,Q4,Q4,Q4,Q4,Q5,Q5,Q5,Q6,D1,,,,,,,,,,,,,,,,,,,,,,,,,,,,,,,,,,,,,,,,,,,,,,,,,
1947,Q1,Q2,D2,,,,,,,,,,,,,,,,,,,,,,,,,,,,,,,,,,,,,,,,,,,,,,,,,,,,,,,,,,
1948,Q1,Q2,Q3,Q5,Q6,Q6,D1,,,,,,,,,,,,,,,,,,,,,,,,,,,,,,,,,,,,,,,,,,,,,,,,,,,,,,
1949,Q1,D2,,,,,,,,,,,,,,,,,,,,,,,,,,,,,,,,,,,,,,,,,,,,,,,,,,,,,,,,,,,
1950,Q1,Q1,Q2,Q1,Q2,Q1,Q2,Q3,Q2,Q2,Q2,Q5,Q3,Q1,Q2,Q1,Q2,Q3,Q4,Q4,Q5,Q4,Q4,Q4,D2,,,,,,,,,,,,,,,,,,,,,,,,,,,,,,,,,,,,
1951,Q1,D2,,,,,,,,,,,,,,,,,,,,,,,,,,,,,,,,,,,,,,,,,,,,,,,,,,,,,,,,,,,
1952,Q1,Q2,Q5,Q6,Q6,Q1,Q2,Q3,Q5,Q5,Q1,Q2,Q4,D2,,,,,,,,,,,,,,,,,,,,,,,,,,,,,,,,,,,,,,,,,,,,,,,
1953,Q1,Q2,Q1,Q1,Q2,Q2,Q5,Q4,D2,,,,,,,,,,,,,,,,,,,,,,,,,,,,,,,,,,,,,,,,,,,,,,,,,,,,
1954,Q1,Q2,Q2,Q1,Q2,Q1,Q2,Q3,Q3,Q4,Q4,Q5,Q5,Q6,Q6,D1,,,,,,,,,,,,,,,,,,,,,,,,,,,,,,,,,,,,,,,,,,,,,
1955,Q1,Q2,Q2,Q3,Q3,Q5,Q5,Q2,Q3,Q4,Q4,Q5,Q5,Q3,Q2,Q2,Q2,Q1,Q2,Q5,Q5,Q5,Q5,Q2,Q1,Q2,Q3,Q1,Q2,Q2,Q2,Q3,Q4,Q3,Q2,Q3,Q3,Q5,Q6,Q6,Q1,Q2,Q1,Q2,Q1,Q2,D1,,,,,,,,,,,,,,
1956,Q1,Q2,Q5,Q4,Q4,Q4,Q5,Q5,Q6,D1,,,,,,,,,,,,,,,,,,,,,,,,,,,,,,,,,,,,,,,,,,,,,,,,,,,
1957,Q1,Q1,Q2,D1,,,,,,,,,,,,,,,,,,,,,,,,,,,,,,,,,,,,,,,,,,,,,,,,,,,,,,,,,
1958,Q1,Q2,Q5,Q6,Q1,Q2,Q3,Q3,Q2,Q2,Q5,Q1,Q2,Q3,D2,,,,,,,,,,,,,,,,,,,,,,,,,,,,,,,,,,,,,,,,,,,,,,
1959,Q1,Q2,Q2,Q2,Q3,Q5,Q5,Q5,Q5,Q5,Q5,Q2,Q3,Q3,Q5,Q6,Q6,Q4,D2,,,,,,,,,,,,,,,,,,,,,,,,,,,,,,,,,,,,,,,,,,
1960,Q1,Q2,Q1,Q2,Q2,Q3,Q5,Q1,Q2,Q5,Q5,Q4,Q6,D1,,,,,,,,,,,,,,,,,,,,,,,,,,,,,,,,,,,,,,,,,,,,,,,
1961,Q1,Q2,D1,,,,,,,,,,,,,,,,,,,,,,,,,,,,,,,,,,,,,,,,,,,,,,,,,,,,,,,,,,
1962,Q1,Q2,Q2,Q1,D2,,,,,,,,,,,,,,,,,,,,,,,,,,,,,,,,,,,,,,,,,,,,,,,,,,,,,,,,
1963,Q1,Q2,Q3,Q2,D1,,,,,,,,,,,,,,,,,,,,,,,,,,,,,,,,,,,,,,,,,,,,,,,,,,,,,,,,
1964,Q1,Q2,Q5,Q6,Q1,Q2,Q2,Q1,Q2,Q2,Q2,Q2,Q1,Q2,Q3,Q3,Q4,Q5,Q5,Q5,Q6,Q6,D1,,,,,,,,,,,,,,,,,,,,,,,,,,,,,,,,,,,,,,
1965,Q1,Q2,Q3,Q3,Q3,Q5,Q5,Q6,Q6,D1,,,,,,,,,,,,,,,,,,,,,,,,,,,,,,,,,,,,,,,,,,,,,,,,,,,
1966,Q1,Q2,Q3,Q5,Q5,Q6,Q1,Q2,Q3,Q2,Q2,Q4,Q6,Q4,Q5,Q3,Q3,Q5,Q2,Q3,Q5,Q5,Q5,Q5,Q2,Q3,Q5,Q6,Q6,Q1,Q1,Q2,Q2,Q1,Q2,Q5,Q5,Q4,D2,,,,,,,,,,,,,,,,,,,,,,
1967,Q1,Q2,Q5,Q5,Q6,D1,,,,,,,,,,,,,,,,,,,,,,,,,,,,,,,,,,,,,,,,,,,,,,,,,,,,,,,
1968,Q1,Q2,Q5,Q6,D1,,,,,,,,,,,,,,,,,,,,,,,,,,,,,,,,,,,,,,,,,,,,,,,,,,,,,,,,
1969,Q1,Q2,Q5,Q1,Q2,Q3,Q5,Q6,Q6,Q6,D1,,,,,,,,,,,,,,,,,,,,,,,,,,,,,,,,,,,,,,,,,,,,,,,,,,
1970,Q1,Q2,Q3,Q5,D1,,,,,,,,,,,,,,,,,,,,,,,,,,,,,,,,,,,,,,,,,,,,,,,,,,,,,,,,
1971,Q1,Q2,Q5,Q5,Q6,Q1,Q2,Q5,Q5,Q5,D1,,,,,,,,,,,,,,,,,,,,,,,,,,,,,,,,,,,,,,,,,,,,,,,,,,
1972,Q1,Q2,Q2,Q3,Q3,Q5,Q2,Q1,Q2,Q5,Q5,Q5,Q6,Q2,Q3,D1,,,,,,,,,,,,,,,,,,,,,,,,,,,,,,,,,,,,,,,,,,,,,
1973,Q1,Q2,Q2,Q3,Q3,Q3,Q3,Q2,Q2,Q1,Q2,Q3,Q5,Q5,Q5,D1,,,,,,,,,,,,,,,,,,,,,,,,,,,,,,,,,,,,,,,,,,,,,
1974,Q1,Q2,Q5,Q6,Q4,D2,,,,,,,,,,,,,,,,,,,,,,,,,,,,,,,,,,,,,,,,,,,,,,,,,,,,,,,
1975,Q1,Q2,Q1,Q2,Q5,Q5,Q5,Q6,Q1,Q2,Q2,Q5,Q6,D1,,,,,,,,,,,,,,,,,,,,,,,,,,,,,,,,,,,,,,,,,,,,,,,
1976,Q1,Q2,D1,,,,,,,,,,,,,,,,,,,,,,,,,,,,,,,,,,,,,,,,,,,,,,,,,,,,,,,,,,
1977,Q1,Q2,D1,,,,,,,,,,,,,,,,,,,,,,,,,,,,,,,,,,,,,,,,,,,,,,,,,,,,,,,,,,
1978,Q1,Q2,Q2,Q3,Q4,Q3,Q3,Q3,Q5,Q5,Q3,Q3,Q2,Q2,Q1,Q2,D1,,,,,,,,,,,,,,,,,,,,,,,,,,,,,,,,,,,,,,,,,,,,
1979,Q1,Q2,Q3,Q5,Q6,Q6,Q1,Q2,D1,,,,,,,,,,,,,,,,,,,,,,,,,,,,,,,,,,,,,,,,,,,,,,,,,,,,
1980,Q1,Q2,Q2,Q4,Q6,Q6,D1,,,,,,,,,,,,,,,,,,,,,,,,,,,,,,,,,,,,,,,,,,,,,,,,,,,,,,
1981,Q1,Q2,Q3,Q4,D1,,,,,,,,,,,,,,,,,,,,,,,,,,,,,,,,,,,,,,,,,,,,,,,,,,,,,,,,
1982,Q1,Q2,Q2,Q3,Q3,Q4,Q4,Q5,Q6,D1,,,,,,,,,,,,,,,,,,,,,,,,,,,,,,,,,,,,,,,,,,,,,,,,,,,
1983,Q1,Q2,Q3,Q5,Q5,Q6,D1,,,,,,,,,,,,,,,,,,,,,,,,,,,,,,,,,,,,,,,,,,,,,,,,,,,,,,
1984,Q1,Q2,Q5,Q6,D1,,,,,,,,,,,,,,,,,,,,,,,,,,,,,,,,,,,,,,,,,,,,,,,,,,,,,,,,
1985,Q1,Q2,D1,,,,,,,,,,,,,,,,,,,,,,,,,,,,,,,,,,,,,,,,,,,,,,,,,,,,,,,,,,
1986,Q1,Q2,Q1,Q2,Q2,Q2,Q2,D1,,,,,,,,,,,,,,,,,,,,,,,,,,,,,,,,,,,,,,,,,,,,,,,,,,,,,
1987,Q1,Q2,D1,,,,,,,,,,,,,,,,,,,,,,,,,,,,,,,,,,,,,,,,,,,,,,,,,,,,,,,,,,
1988,Q1,Q2,D1,,,,,,,,,,,,,,,,,,,,,,,,,,,,,,,,,,,,,,,,,,,,,,,,,,,,,,,,,,
1989,Q1,Q2,Q2,Q2,Q5,Q6,Q6,Q1,Q2,Q3,D2,,,,,,,,,,,,,,,,,,,,,,,,,,,,,,,,,,,,,,,,,,,,,,,,,,
1990,Q1,Q2,Q5,Q5,Q5,Q1,Q2,Q1,Q2,Q3,Q4,Q3,Q2,Q3,Q5,Q3,Q3,Q3,Q2,Q3,Q5,Q5,Q5,Q5,Q5,Q5,Q5,Q5,Q5,Q6,D1,,,,,,,,,,,,,,,,,,,,,,,,,,,,,,
1991,Q1,Q2,Q2,Q5,Q1,Q2,Q1,Q2,Q5,Q1,Q1,Q1,Q2,Q2,Q3,Q5,D1,,,,,,,,,,,,,,,,,,,,,,,,,,,,,,,,,,,,,,,,,,,,
1992,Q1,Q2,Q1,Q2,Q3,Q4,Q6,Q1,Q2,Q1,Q2,D1,,,,,,,,,,,,,,,,,,,,,,,,,,,,,,,,,,,,,,,,,,,,,,,,,
1993,Q1,Q2,D2,,,,,,,,,,,,,,,,,,,,,,,,,,,,,,,,,,,,,,,,,,,,,,,,,,,,,,,,,,
1994,Q1,Q1,D2,,,,,,,,,,,,,,,,,,,,,,,,,,,,,,,,,,,,,,,,,,,,,,,,,,,,,,,,,,
1995,Q1,Q2,Q2,Q2,Q3,Q5,Q6,D1,,,,,,,,,,,,,,,,,,,,,,,,,,,,,,,,,,,,,,,,,,,,,,,,,,,,,
1996,Q1,Q2,Q2,Q3,Q5,Q5,Q5,Q6,Q1,Q2,Q2,D1,,,,,,,,,,,,,,,,,,,,,,,,,,,,,,,,,,,,,,,,,,,,,,,,,
1997,Q1,Q2,Q1,Q2,D1,,,,,,,,,,,,,,,,,,,,,,,,,,,,,,,,,,,,,,,,,,,,,,,,,,,,,,,,
1998,Q1,Q2,Q3,Q4,Q5,Q6,Q6,D1,,,,,,,,,,,,,,,,,,,,,,,,,,,,,,,,,,,,,,,,,,,,,,,,,,,,,
1999,Q1,Q2,Q2,Q1,Q2,Q1,Q2,Q1,Q2,Q1,Q2,Q2,Q1,Q2,Q2,Q3,Q4,D2,,,,,,,,,,,,,,,,,,,,,,,,,,,,,,,,,,,,,,,,,,,
2000,Q1,Q2,Q3,Q2,Q2,D1,,,,,,,,,,,,,,,,,,,,,,,,,,,,,,,,,,,,,,,,,,,,,,,,,,,,,,,
2001,Q1,Q2,Q3,Q4,Q6,Q6,D1,,,,,,,,,,,,,,,,,,,,,,,,,,,,,,,,,,,,,,,,,,,,,,,,,,,,,,
2002,Q1,Q1,Q2,Q2,Q1,Q2,D1,,,,,,,,,,,,,,,,,,,,,,,,,,,,,,,,,,,,,,,,,,,,,,,,,,,,,,
2003,Q1,Q2,Q2,Q3,Q4,D2,,,,,,,,,,,,,,,,,,,,,,,,,,,,,,,,,,,,,,,,,,,,,,,,,,,,,,,
2004,Q1,Q2,Q2,Q2,Q5,Q1,Q2,D1,,,,,,,,,,,,,,,,,,,,,,,,,,,,,,,,,,,,,,,,,,,,,,,,,,,,,
2005,Q1,Q2,Q3,Q3,D1,,,,,,,,,,,,,,,,,,,,,,,,,,,,,,,,,,,,,,,,,,,,,,,,,,,,,,,,
2006,Q1,Q2,Q5,Q5,Q6,Q1,Q2,D1,,,,,,,,,,,,,,,,,,,,,,,,,,,,,,,,,,,,,,,,,,,,,,,,,,,,,
2007,Q1,Q2,Q5,Q3,D1,,,,,,,,,,,,,,,,,,,,,,,,,,,,,,,,,,,,,,,,,,,,,,,,,,,,,,,,
2008,Q1,Q2,Q1,Q2,Q2,Q2,Q2,Q5,Q5,Q4,D1,,,,,,,,,,,,,,,,,,,,,,,,,,,,,,,,,,,,,,,,,,,,,,,,,,
2009,Q1,Q2,Q3,Q5,Q5,Q2,D1,,,,,,,,,,,,,,,,,,,,,,,,,,,,,,,,,,,,,,,,,,,,,,,,,,,,,,
2010,Q1,Q2,Q5,Q3,D1,,,,,,,,,,,,,,,,,,,,,,,,,,,,,,,,,,,,,,,,,,,,,,,,,,,,,,,,
2011,Q1,Q2,Q4,Q4,Q5,Q6,Q1,Q2,Q2,Q2,D1,,,,,,,,,,,,,,,,,,,,,,,,,,,,,,,,,,,,,,,,,,,,,,,,,,
2012,Q1,Q2,Q3,Q2,Q2,Q5,Q6,Q4,Q4,Q5,Q6,Q1,Q2,Q3,Q5,Q5,Q5,Q6,D1,,,,,,,,,,,,,,,,,,,,,,,,,,,,,,,,,,,,,,,,,,
2013,Q1,D2,,,,,,,,,,,,,,,,,,,,,,,,,,,,,,,,,,,,,,,,,,,,,,,,,,,,,,,,,,,
2014,Q1,Q2,Q5,Q1,Q2,Q5,Q5,Q5,Q6,D1,,,,,,,,,,,,,,,,,,,,,,,,,,,,,,,,,,,,,,,,,,,,,,,,,,,
2015,Q1,Q2,Q3,Q1,Q2,Q1,Q2,Q1,Q2,D1,,,,,,,,,,,,,,,,,,,,,,,,,,,,,,,,,,,,,,,,,,,,,,,,,,,
2016,Q1,Q1,Q2,Q2,Q2,Q5,Q5,Q2,Q3,Q4,Q3,Q3,Q4,D2,,,,,,,,,,,,,,,,,,,,,,,,,,,,,,,,,,,,,,,,,,,,,,,
2017,Q1,Q2,Q2,D1,,,,,,,,,,,,,,,,,,,,,,,,,,,,,,,,,,,,,,,,,,,,,,,,,,,,,,,,,
2018,Q1,D2,,,,,,,,,,,,,,,,,,,,,,,,,,,,,,,,,,,,,,,,,,,,,,,,,,,,,,,,,,,
2019,Q1,Q2,Q2,Q1,Q1,Q2,Q2,Q1,Q2,Q1,Q2,Q4,Q4,D2,,,,,,,,,,,,,,,,,,,,,,,,,,,,,,,,,,,,,,,,,,,,,,,
2020,Q1,Q2,D1,,,,,,,,,,,,,,,,,,,,,,,,,,,,,,,,,,,,,,,,,,,,,,,,,,,,,,,,,,
2021,Q1,Q2,D1,,,,,,,,,,,,,,,,,,,,,,,,,,,,,,,,,,,,,,,,,,,,,,,,,,,,,,,,,,
2022,Q1,Q2,Q2,D1,,,,,,,,,,,,,,,,,,,,,,,,,,,,,,,,,,,,,,,,,,,,,,,,,,,,,,,,,
2023,Q1,Q2,Q5,Q6,Q1,Q1,Q2,Q2,Q2,Q2,Q2,Q2,Q2,Q2,Q2,Q1,Q2,Q2,Q3,D2,,,,,,,,,,,,,,,,,,,,,,,,,,,,,,,,,,,,,,,,,
2024,Q1,Q1,Q2,Q2,Q5,Q6,Q6,Q6,D1,,,,,,,,,,,,,,,,,,,,,,,,,,,,,,,,,,,,,,,,,,,,,,,,,,,,
2025,Q1,Q2,Q2,Q3,Q2,Q1,Q1,D2,,,,,,,,,,,,,,,,,,,,,,,,,,,,,,,,,,,,,,,,,,,,,,,,,,,,,
2026,Q1,Q2,Q1,Q2,Q2,Q1,Q2,Q1,Q1,Q2,Q2,Q5,D1,,,,,,,,,,,,,,,,,,,,,,,,,,,,,,,,,,,,,,,,,,,,,,,,
2027,Q1,Q2,Q5,Q6,Q4,Q6,Q6,D1,,,,,,,,,,,,,,,,,,,,,,,,,,,,,,,,,,,,,,,,,,,,,,,,,,,,,
2028,Q1,Q2,Q1,Q1,Q2,D1,,,,,,,,,,,,,,,,,,,,,,,,,,,,,,,,,,,,,,,,,,,,,,,,,,,,,,,
2029,Q1,Q2,Q1,Q1,Q2,Q5,Q4,Q6,Q6,Q6,Q2,Q1,Q1,Q2,D1,,,,,,,,,,,,,,,,,,,,,,,,,,,,,,,,,,,,,,,,,,,,,,
2030,Q1,Q2,Q5,Q6,Q1,Q2,Q2,Q1,Q1,Q1,Q2,D1,,,,,,,,,,,,,,,,,,,,,,,,,,,,,,,,,,,,,,,,,,,,,,,,,
2031,Q1,Q2,Q1,Q2,D1,,,,,,,,,,,,,,,,,,,,,,,,,,,,,,,,,,,,,,,,,,,,,,,,,,,,,,,,
2032,Q1,Q2,D1,,,,,,,,,,,,,,,,,,,,,,,,,,,,,,,,,,,,,,,,,,,,,,,,,,,,,,,,,,
2033,Q1,Q1,Q2,D2,,,,,,,,,,,,,,,,,,,,,,,,,,,,,,,,,,,,,,,,,,,,,,,,,,,,,,,,,
2034,Q1,Q2,Q1,Q1,Q1,Q2,Q2,Q2,Q2,Q2,Q2,Q1,Q2,Q2,Q2,Q3,Q3,D1,,,,,,,,,,,,,,,,,,,,,,,,,,,,,,,,,,,,,,,,,,,
2035,Q1,Q2,Q4,D2,,,,,,,,,,,,,,,,,,,,,,,,,,,,,,,,,,,,,,,,,,,,,,,,,,,,,,,,,
2036,Q1,Q2,Q3,Q5,Q6,Q1,Q2,D2,,,,,,,,,,,,,,,,,,,,,,,,,,,,,,,,,,,,,,,,,,,,,,,,,,,,,
2037,Q1,Q2,Q2,Q3,Q1,Q2,Q2,Q1,Q2,Q3,Q3,Q5,Q2,Q5,Q1,Q2,Q5,Q6,Q1,Q2,Q3,Q5,Q5,Q6,Q1,Q2,Q3,Q3,Q1,Q2,Q1,Q2,Q1,Q2,Q1,Q2,D1,,,,,,,,,,,,,,,,,,,,,,,,
2038,Q1,Q2,Q3,Q3,Q4,D2,,,,,,,,,,,,,,,,,,,,,,,,,,,,,,,,,,,,,,,,,,,,,,,,,,,,,,,
2039,Q1,Q2,Q2,Q1,Q2,Q2,Q5,Q6,Q6,Q6,Q4,Q4,Q4,Q5,Q2,Q2,Q2,Q5,Q1,Q2,Q1,Q2,D1,,,,,,,,,,,,,,,,,,,,,,,,,,,,,,,,,,,,,,
2040,Q1,Q2,Q3,Q2,Q3,Q3,Q2,Q2,Q2,D1,,,,,,,,,,,,,,,,,,,,,,,,,,,,,,,,,,,,,,,,,,,,,,,,,,,
2041,Q1,Q2,Q3,Q3,D2,,,,,,,,,,,,,,,,,,,,,,,,,,,,,,,,,,,,,,,,,,,,,,,,,,,,,,,,
2042,Q1,Q2,Q2,Q4,Q3,D2,,,,,,,,,,,,,,,,,,,,,,,,,,,,,,,,,,,,,,,,,,,,,,,,,,,,,,,
2043,Q1,Q2,Q5,Q6,Q6,Q6,D1,,,,,,,,,,,,,,,,,,,,,,,,,,,,,,,,,,,,,,,,,,,,,,,,,,,,,,
2044,Q1,Q2,Q2,Q2,Q3,Q5,Q6,Q1,Q2,Q2,Q3,Q3,Q4,Q4,D2,,,,,,,,,,,,,,,,,,,,,,,,,,,,,,,,,,,,,,,,,,,,,,
2045,Q1,Q1,Q2,Q2,D1,,,,,,,,,,,,,,,,,,,,,,,,,,,,,,,,,,,,,,,,,,,,,,,,,,,,,,,,
2046,Q1,D2,,,,,,,,,,,,,,,,,,,,,,,,,,,,,,,,,,,,,,,,,,,,,,,,,,,,,,,,,,,
2047,Q1,Q2,Q3,Q3,D2,,,,,,,,,,,,,,,,,,,,,,,,,,,,,,,,,,,,,,,,,,,,,,,,,,,,,,,,
2048,Q1,Q2,Q4,Q4,Q4,Q5,Q5,Q3,Q5,Q3,Q5,Q1,Q2,Q2,D1,,,,,,,,,,,,,,,,,,,,,,,,,,,,,,,,,,,,,,,,,,,,,,
2049,Q1,Q2,Q2,Q2,Q3,Q5,Q5,Q5,Q6,Q1,Q2,Q4,D1,,,,,,,,,,,,,,,,,,,,,,,,,,,,,,,,,,,,,,,,,,,,,,,,
2050,Q1,Q2,Q2,Q3,D1,,,,,,,,,,,,,,,,,,,,,,,,,,,,,,,,,,,,,,,,,,,,,,,,,,,,,,,,
2051,Q1,Q2,Q5,Q5,Q1,Q2,Q3,Q4,Q4,Q5,Q2,Q5,Q6,Q6,Q6,Q6,Q1,Q2,Q3,Q5,Q5,Q1,Q2,D1,,,,,,,,,,,,,,,,,,,,,,,,,,,,,,,,,,,,,
2052,Q1,Q2,Q2,Q3,Q4,D2,,,,,,,,,,,,,,,,,,,,,,,,,,,,,,,,,,,,,,,,,,,,,,,,,,,,,,,
2053,Q1,Q1,Q2,Q3,Q4,Q6,Q1,Q2,Q2,Q1,Q1,Q2,D1,,,,,,,,,,,,,,,,,,,,,,,,,,,,,,,,,,,,,,,,,,,,,,,,
2054,Q1,Q2,D1,,,,,,,,,,,,,,,,,,,,,,,,,,,,,,,,,,,,,,,,,,,,,,,,,,,,,,,,,,
2055,Q1,Q2,Q5,Q6,Q1,Q1,Q2,Q5,Q6,Q2,Q3,Q5,Q6,Q1,Q2,D1,,,,,,,,,,,,,,,,,,,,,,,,,,,,,,,,,,,,,,,,,,,,,
2056,Q1,Q2,Q2,Q2,Q2,Q3,Q5,Q3,Q3,Q5,Q6,Q1,Q2,Q3,Q3,Q5,Q5,Q6,Q1,Q2,Q3,Q4,Q4,Q5,Q5,Q1,Q2,Q2,Q2,Q2,Q5,D1,,,,,,,,,,,,,,,,,,,,,,,,,,,,,
2057,Q1,Q1,Q2,Q1,Q1,Q1,Q2,Q5,Q6,D1,,,,,,,,,,,,,,,,,,,,,,,,,,,,,,,,,,,,,,,,,,,,,,,,,,,
2058,Q1,Q2,D1,,,,,,,,,,,,,,,,,,,,,,,,,,,,,,,,,,,,,,,,,,,,,,,,,,,,,,,,,,
2059,Q1,Q2,Q3,Q5,Q1,Q2,Q1,Q1,Q1,Q2,Q1,Q2,Q2,Q3,Q3,Q5,Q1,Q2,Q3,Q5,Q6,D1,,,,,,,,,,,,,,,,,,,,,,,,,,,,,,,,,,,,,,,
2060,Q1,Q2,Q3,Q4,Q5,Q2,Q2,Q4,D2,,,,,,,,,,,,,,,,,,,,,,,,,,,,,,,,,,,,,,,,,,,,,,,,,,,,
2061,Q1,Q2,Q2,Q2,Q1,Q2,Q3,Q2,Q2,Q2,D1,,,,,,,,,,,,,,,,,,,,,,,,,,,,,,,,,,,,,,,,,,,,,,,,,,
2062,Q1,Q2,Q2,Q3,Q3,D2,,,,,,,,,,,,,,,,,,,,,,,,,,,,,,,,,,,,,,,,,,,,,,,,,,,,,,,
2063,Q1,Q2,Q5,Q6,Q4,Q4,D2,,,,,,,,,,,,,,,,,,,,,,,,,,,,,,,,,,,,,,,,,,,,,,,,,,,,,,
2064,Q1,Q1,Q2,Q2,Q2,Q2,Q4,Q5,Q6,D1,,,,,,,,,,,,,,,,,,,,,,,,,,,,,,,,,,,,,,,,,,,,,,,,,,,
2065,Q1,Q2,Q2,Q5,Q6,D1,,,,,,,,,,,,,,,,,,,,,,,,,,,,,,,,,,,,,,,,,,,,,,,,,,,,,,,
2066,Q1,Q2,Q5,Q1,Q2,Q1,Q2,Q5,Q1,Q2,Q2,Q5,Q6,Q6,Q6,Q6,D1,,,,,,,,,,,,,,,,,,,,,,,,,,,,,,,,,,,,,,,,,,,,
2067,Q1,Q2,Q3,D1,,,,,,,,,,,,,,,,,,,,,,,,,,,,,,,,,,,,,,,,,,,,,,,,,,,,,,,,,
2068,Q1,Q1,Q2,D1,,,,,,,,,,,,,,,,,,,,,,,,,,,,,,,,,,,,,,,,,,,,,,,,,,,,,,,,,
2069,Q1,Q2,Q5,Q5,Q5,Q5,Q6,Q6,Q1,Q2,D2,,,,,,,,,,,,,,,,,,,,,,,,,,,,,,,,,,,,,,,,,,,,,,,,,,
2070,Q1,Q2,D1,,,,,,,,,,,,,,,,,,,,,,,,,,,,,,,,,,,,,,,,,,,,,,,,,,,,,,,,,,
2071,Q1,Q2,Q3,Q3,Q3,Q5,Q1,Q1,Q1,Q2,Q3,Q5,Q5,Q5,Q5,Q6,Q6,Q1,Q2,Q1,Q2,D1,,,,,,,,,,,,,,,,,,,,,,,,,,,,,,,,,,,,,,,
2072,Q1,Q2,Q2,D1,,,,,,,,,,,,,,,,,,,,,,,,,,,,,,,,,,,,,,,,,,,,,,,,,,,,,,,,,
2073,Q1,Q1,Q2,D1,,,,,,,,,,,,,,,,,,,,,,,,,,,,,,,,,,,,,,,,,,,,,,,,,,,,,,,,,
2074,Q1,Q2,Q5,Q6,Q6,Q6,Q1,Q2,Q2,Q5,Q6,Q2,Q2,Q5,Q5,Q5,Q5,Q5,Q6,D1,,,,,,,,,,,,,,,,,,,,,,,,,,,,,,,,,,,,,,,,,
2075,Q1,Q2,Q2,Q2,Q5,Q5,Q5,Q1,Q2,D1,,,,,,,,,,,,,,,,,,,,,,,,,,,,,,,,,,,,,,,,,,,,,,,,,,,
2076,Q1,Q2,Q4,Q4,D2,,,,,,,,,,,,,,,,,,,,,,,,,,,,,,,,,,,,,,,,,,,,,,,,,,,,,,,,
2077,Q1,D2,,,,,,,,,,,,,,,,,,,,,,,,,,,,,,,,,,,,,,,,,,,,,,,,,,,,,,,,,,,
2078,Q1,Q2,Q3,Q3,Q2,Q2,Q2,D1,,,,,,,,,,,,,,,,,,,,,,,,,,,,,,,,,,,,,,,,,,,,,,,,,,,,,
2079,Q1,D2,,,,,,,,,,,,,,,,,,,,,,,,,,,,,,,,,,,,,,,,,,,,,,,,,,,,,,,,,,,
2080,Q1,Q2,Q3,Q5,Q1,Q2,Q1,Q2,D1,,,,,,,,,,,,,,,,,,,,,,,,,,,,,,,,,,,,,,,,,,,,,,,,,,,,
2081,Q1,Q2,D1,,,,,,,,,,,,,,,,,,,,,,,,,,,,,,,,,,,,,,,,,,,,,,,,,,,,,,,,,,
2082,Q1,D2,,,,,,,,,,,,,,,,,,,,,,,,,,,,,,,,,,,,,,,,,,,,,,,,,,,,,,,,,,,
2083,Q1,Q2,Q5,D1,,,,,,,,,,,,,,,,,,,,,,,,,,,,,,,,,,,,,,,,,,,,,,,,,,,,,,,,,
2084,Q1,Q2,Q5,D1,,,,,,,,,,,,,,,,,,,,,,,,,,,,,,,,,,,,,,,,,,,,,,,,,,,,,,,,,
2085,Q1,Q2,Q3,Q5,Q6,Q1,Q2,Q2,Q2,Q5,Q6,Q1,Q1,Q2,Q2,Q1,Q2,D1,,,,,,,,,,,,,,,,,,,,,,,,,,,,,,,,,,,,,,,,,,,
2086,Q1,Q2,Q1,Q2,Q4,Q5,Q5,Q6,Q6,Q1,Q2,Q2,Q2,Q2,Q1,Q1,Q2,Q2,Q5,Q6,D1,,,,,,,,,,,,,,,,,,,,,,,,,,,,,,,,,,,,,,,,
2087,Q1,Q2,Q1,Q2,Q2,Q3,D1,,,,,,,,,,,,,,,,,,,,,,,,,,,,,,,,,,,,,,,,,,,,,,,,,,,,,,
2088,Q1,Q2,Q2,Q3,Q4,Q6,D1,,,,,,,,,,,,,,,,,,,,,,,,,,,,,,,,,,,,,,,,,,,,,,,,,,,,,,
2089,Q1,Q2,Q5,Q5,Q2,Q5,Q5,Q3,Q5,Q3,Q3,Q3,Q5,D1,,,,,,,,,,,,,,,,,,,,,,,,,,,,,,,,,,,,,,,,,,,,,,,
2090,Q1,Q2,Q3,Q5,Q5,Q6,Q1,Q2,Q2,Q5,Q5,Q6,Q6,Q6,Q6,Q2,Q5,Q6,Q4,D2,,,,,,,,,,,,,,,,,,,,,,,,,,,,,,,,,,,,,,,,,
2091,Q1,Q2,Q2,D1,,,,,,,,,,,,,,,,,,,,,,,,,,,,,,,,,,,,,,,,,,,,,,,,,,,,,,,,,
2092,Q1,Q2,Q5,Q1,Q2,Q1,Q2,D1,,,,,,,,,,,,,,,,,,,,,,,,,,,,,,,,,,,,,,,,,,,,,,,,,,,,,
2093,Q1,Q2,Q3,Q5,Q5,Q5,Q6,Q6,D1,,,,,,,,,,,,,,,,,,,,,,,,,,,,,,,,,,,,,,,,,,,,,,,,,,,,
2094,Q1,Q2,Q4,Q6,D1,,,,,,,,,,,,,,,,,,,,,,,,,,,,,,,,,,,,,,,,,,,,,,,,,,,,,,,,
2095,Q1,Q2,Q3,Q5,Q5,Q1,Q2,Q2,Q5,Q6,Q1,Q2,Q5,Q6,D1,,,,,,,,,,,,,,,,,,,,,,,,,,,,,,,,,,,,,,,,,,,,,,
2096,Q1,Q2,Q4,D2,,,,,,,,,,,,,,,,,,,,,,,,,,,,,,,,,,,,,,,,,,,,,,,,,,,,,,,,,
2097,Q1,Q2,Q3,Q3,Q4,Q5,Q6,Q4,Q4,Q6,Q1,Q2,Q1,Q2,Q1,Q2,Q2,Q2,Q2,Q2,Q2,Q4,Q5,Q5,Q6,Q1,Q2,Q5,Q5,Q5,Q5,Q6,Q1,Q2,Q3,Q2,Q2,Q3,Q3,Q3,Q5,Q6,Q1,Q2,Q2,Q2,Q3,Q4,D2,,,,,,,,,,,,
2098,Q1,Q2,Q4,Q6,Q1,Q2,Q2,Q2,Q2,Q3,D1,,,,,,,,,,,,,,,,,,,,,,,,,,,,,,,,,,,,,,,,,,,,,,,,,,
2099,Q1,Q2,Q1,Q2,Q4,Q3,Q4,Q5,Q6,Q6,Q4,Q4,D2,,,,,,,,,,,,,,,,,,,,,,,,,,,,,,,,,,,,,,,,,,,,,,,,
2100,Q1,Q2,Q5,Q5,Q2,Q2,Q2,Q2,Q5,Q5,Q5,Q5,D1,,,,,,,,,,,,,,,,,,,,,,,,,,,,,,,,,,,,,,,,,,,,,,,,
2101,Q1,Q2,D1,,,,,,,,,,,,,,,,,,,,,,,,,,,,,,,,,,,,,,,,,,,,,,,,,,,,,,,,,,
2102,Q1,Q2,Q3,Q4,Q4,D2,,,,,,,,,,,,,,,,,,,,,,,,,,,,,,,,,,,,,,,,,,,,,,,,,,,,,,,
2103,Q1,Q2,Q1,Q2,Q2,Q3,Q1,Q2,Q5,Q5,Q5,Q6,D1,,,,,,,,,,,,,,,,,,,,,,,,,,,,,,,,,,,,,,,,,,,,,,,,
2104,Q1,Q2,Q1,Q2,Q2,Q2,Q3,Q3,Q3,Q3,Q2,Q3,Q4,D2,,,,,,,,,,,,,,,,,,,,,,,,,,,,,,,,,,,,,,,,,,,,,,,
2105,Q1,D2,,,,,,,,,,,,,,,,,,,,,,,,,,,,,,,,,,,,,,,,,,,,,,,,,,,,,,,,,,,
2106,Q1,Q2,Q2,Q5,Q6,D1,,,,,,,,,,,,,,,,,,,,,,,,,,,,,,,,,,,,,,,,,,,,,,,,,,,,,,,
2107,Q1,Q2,Q3,D2,,,,,,,,,,,,,,,,,,,,,,,,,,,,,,,,,,,,,,,,,,,,,,,,,,,,,,,,,
2108,Q1,Q2,Q3,Q3,Q3,Q5,Q6,D1,,,,,,,,,,,,,,,,,,,,,,,,,,,,,,,,,,,,,,,,,,,,,,,,,,,,,
2109,Q1,Q2,D1,,,,,,,,,,,,,,,,,,,,,,,,,,,,,,,,,,,,,,,,,,,,,,,,,,,,,,,,,,
2110,Q1,Q1,Q1,Q2,Q5,Q6,D1,,,,,,,,,,,,,,,,,,,,,,,,,,,,,,,,,,,,,,,,,,,,,,,,,,,,,,
2111,Q1,Q2,Q2,Q3,D1,,,,,,,,,,,,,,,,,,,,,,,,,,,,,,,,,,,,,,,,,,,,,,,,,,,,,,,,
2112,Q1,Q1,Q2,Q1,Q2,Q2,Q2,Q2,Q2,Q5,Q6,Q6,D1,,,,,,,,,,,,,,,,,,,,,,,,,,,,,,,,,,,,,,,,,,,,,,,,
2113,Q1,Q2,Q3,Q5,Q6,D1,,,,,,,,,,,,,,,,,,,,,,,,,,,,,,,,,,,,,,,,,,,,,,,,,,,,,,,
2114,Q1,Q2,Q2,Q5,Q5,Q6,Q4,Q4,Q6,Q1,Q2,D1,,,,,,,,,,,,,,,,,,,,,,,,,,,,,,,,,,,,,,,,,,,,,,,,,
2115,Q1,Q2,Q1,Q1,Q2,Q2,Q5,Q3,Q4,Q6,Q1,Q1,Q2,Q1,Q2,Q3,Q5,Q5,Q3,D2,,,,,,,,,,,,,,,,,,,,,,,,,,,,,,,,,,,,,,,,,
2116,Q1,Q2,Q3,Q3,D1,,,,,,,,,,,,,,,,,,,,,,,,,,,,,,,,,,,,,,,,,,,,,,,,,,,,,,,,
2117,Q1,Q2,Q3,Q4,D2,,,,,,,,,,,,,,,,,,,,,,,,,,,,,,,,,,,,,,,,,,,,,,,,,,,,,,,,
2118,Q1,Q2,D1,,,,,,,,,,,,,,,,,,,,,,,,,,,,,,,,,,,,,,,,,,,,,,,,,,,,,,,,,,
2119,Q1,Q2,Q4,Q5,Q1,Q2,Q4,Q3,Q5,Q5,Q6,D1,,,,,,,,,,,,,,,,,,,,,,,,,,,,,,,,,,,,,,,,,,,,,,,,,
2120,Q1,Q2,Q2,Q2,Q3,D1,,,,,,,,,,,,,,,,,,,,,,,,,,,,,,,,,,,,,,,,,,,,,,,,,,,,,,,
2121,Q1,Q2,Q5,Q5,Q5,Q5,Q6,Q6,Q6,D1,,,,,,,,,,,,,,,,,,,,,,,,,,,,,,,,,,,,,,,,,,,,,,,,,,,
2122,Q1,Q2,Q2,Q3,Q3,Q5,Q4,D2,,,,,,,,,,,,,,,,,,,,,,,,,,,,,,,,,,,,,,,,,,,,,,,,,,,,,
2123,Q1,Q1,Q2,Q1,Q2,D2,,,,,,,,,,,,,,,,,,,,,,,,,,,,,,,,,,,,,,,,,,,,,,,,,,,,,,,
2124,Q1,Q2,Q2,Q4,Q5,Q6,Q6,Q1,Q2,Q3,Q5,Q5,Q1,Q2,Q2,D1,,,,,,,,,,,,,,,,,,,,,,,,,,,,,,,,,,,,,,,,,,,,,
2125,Q1,Q2,Q5,Q5,Q6,Q1,Q2,Q1,Q2,Q2,Q4,Q5,Q6,Q6,Q1,Q1,Q2,Q5,Q6,Q6,Q4,Q4,Q4,Q5,Q1,Q2,Q2,Q3,D1,,,,,,,,,,,,,,,,,,,,,,,,,,,,,,,,
2126,Q1,Q2,Q2,Q3,Q4,Q4,Q3,Q5,Q5,Q6,Q1,Q2,Q2,Q2,Q2,Q1,Q2,Q3,D2,,,,,,,,,,,,,,,,,,,,,,,,,,,,,,,,,,,,,,,,,,
2127,Q1,Q2,Q3,Q3,Q4,Q5,Q6,D1,,,,,,,,,,,,,,,,,,,,,,,,,,,,,,,,,,,,,,,,,,,,,,,,,,,,,
2128,Q1,Q1,Q2,Q5,Q5,Q5,Q5,D1,,,,,,,,,,,,,,,,,,,,,,,,,,,,,,,,,,,,,,,,,,,,,,,,,,,,,
2129,Q1,Q2,Q3,Q5,Q1,Q2,Q3,Q5,Q5,Q5,Q6,Q1,D2,,,,,,,,,,,,,,,,,,,,,,,,,,,,,,,,,,,,,,,,,,,,,,,,
2130,Q1,D2,,,,,,,,,,,,,,,,,,,,,,,,,,,,,,,,,,,,,,,,,,,,,,,,,,,,,,,,,,,
2131,Q1,Q2,Q2,D1,,,,,,,,,,,,,,,,,,,,,,,,,,,,,,,,,,,,,,,,,,,,,,,,,,,,,,,,,
2132,Q1,Q2,Q1,Q2,Q1,Q2,Q1,Q2,Q2,Q2,Q2,Q5,Q6,Q6,D1,,,,,,,,,,,,,,,,,,,,,,,,,,,,,,,,,,,,,,,,,,,,,,
2133,Q1,Q2,Q2,Q1,D2,,,,,,,,,,,,,,,,,,,,,,,,,,,,,,,,,,,,,,,,,,,,,,,,,,,,,,,,
2134,Q1,Q2,D2,,,,,,,,,,,,,,,,,,,,,,,,,,,,,,,,,,,,,,,,,,,,,,,,,,,,,,,,,,
2135,Q1,Q1,Q2,Q5,Q1,Q2,Q2,Q3,Q2,Q2,D1,,,,,,,,,,,,,,,,,,,,,,,,,,,,,,,,,,,,,,,,,,,,,,,,,,
2136,Q1,Q2,Q5,Q6,Q1,D2,,,,,,,,,,,,,,,,,,,,,,,,,,,,,,,,,,,,,,,,,,,,,,,,,,,,,,,
2137,Q1,Q1,Q2,Q2,Q2,Q2,Q5,Q6,Q1,Q2,Q3,Q3,Q2,Q1,Q2,Q1,Q2,Q3,Q5,Q5,Q6,Q6,D1,,,,,,,,,,,,,,,,,,,,,,,,,,,,,,,,,,,,,,
2138,Q1,Q2,Q3,Q3,D1,,,,,,,,,,,,,,,,,,,,,,,,,,,,,,,,,,,,,,,,,,,,,,,,,,,,,,,,
2139,Q1,Q2,Q2,Q2,Q2,Q3,Q4,Q4,Q4,Q4,D2,,,,,,,,,,,,,,,,,,,,,,,,,,,,,,,,,,,,,,,,,,,,,,,,,,
2140,Q1,Q2,Q3,Q2,Q2,Q1,Q2,Q2,D1,,,,,,,,,,,,,,,,,,,,,,,,,,,,,,,,,,,,,,,,,,,,,,,,,,,,
2141,Q1,Q2,Q3,Q5,Q6,Q6,Q6,Q2,D1,,,,,,,,,,,,,,,,,,,,,,,,,,,,,,,,,,,,,,,,,,,,,,,,,,,,
2142,Q1,Q2,Q1,Q2,D1,,,,,,,,,,,,,,,,,,,,,,,,,,,,,,,,,,,,,,,,,,,,,,,,,,,,,,,,
2143,Q1,Q2,Q3,Q3,D2,,,,,,,,,,,,,,,,,,,,,,,,,,,,,,,,,,,,,,,,,,,,,,,,,,,,,,,,
2144,Q1,Q2,Q5,Q6,Q6,D1,,,,,,,,,,,,,,,,,,,,,,,,,,,,,,,,,,,,,,,,,,,,,,,,,,,,,,,
2145,Q1,Q1,Q2,Q2,Q3,Q3,Q5,Q5,Q6,Q6,Q6,Q1,Q2,Q1,Q2,Q5,Q5,Q1,Q2,Q1,Q2,Q1,Q2,Q1,D2,,,,,,,,,,,,,,,,,,,,,,,,,,,,,,,,,,,,
2146,Q1,Q2,Q5,Q5,Q6,Q1,Q2,Q1,Q2,Q4,D2,,,,,,,,,,,,,,,,,,,,,,,,,,,,,,,,,,,,,,,,,,,,,,,,,,
2147,Q1,Q1,Q2,Q4,Q3,Q2,Q3,Q3,Q3,D2,,,,,,,,,,,,,,,,,,,,,,,,,,,,,,,,,,,,,,,,,,,,,,,,,,,
2148,Q1,Q2,D1,,,,,,,,,,,,,,,,,,,,,,,,,,,,,,,,,,,,,,,,,,,,,,,,,,,,,,,,,,
2149,Q1,Q2,Q2,Q2,Q2,Q3,Q5,D1,,,,,,,,,,,,,,,,,,,,,,,,,,,,,,,,,,,,,,,,,,,,,,,,,,,,,
2150,Q1,Q2,Q1,Q1,Q2,Q2,Q3,Q5,Q2,Q4,Q5,Q5,Q5,Q5,Q6,Q6,D1,,,,,,,,,,,,,,,,,,,,,,,,,,,,,,,,,,,,,,,,,,,,
2151,Q1,Q2,Q3,D1,,,,,,,,,,,,,,,,,,,,,,,,,,,,,,,,,,,,,,,,,,,,,,,,,,,,,,,,,
2152,Q1,Q2,Q1,Q2,Q5,Q5,Q6,Q2,Q4,Q4,Q5,Q5,Q5,Q6,Q6,Q1,Q1,Q2,Q1,Q2,Q1,Q2,Q4,D2,,,,,,,,,,,,,,,,,,,,,,,,,,,,,,,,,,,,,
2153,Q1,Q2,Q3,Q1,Q2,Q1,Q1,Q2,D1,,,,,,,,,,,,,,,,,,,,,,,,,,,,,,,,,,,,,,,,,,,,,,,,,,,,
2154,Q1,Q2,Q3,Q5,Q5,Q5,Q3,Q3,Q3,Q5,Q6,D1,,,,,,,,,,,,,,,,,,,,,,,,,,,,,,,,,,,,,,,,,,,,,,,,,
2155,Q1,Q1,Q2,Q4,D1,,,,,,,,,,,,,,,,,,,,,,,,,,,,,,,,,,,,,,,,,,,,,,,,,,,,,,,,
2156,Q1,Q1,Q2,Q2,Q3,Q3,Q3,Q5,Q5,Q5,Q5,Q5,D1,,,,,,,,,,,,,,,,,,,,,,,,,,,,,,,,,,,,,,,,,,,,,,,,
2157,Q1,Q1,Q2,Q3,Q5,Q5,Q6,Q6,Q1,Q1,Q2,Q2,Q2,Q3,Q3,Q5,Q1,Q2,Q2,D1,,,,,,,,,,,,,,,,,,,,,,,,,,,,,,,,,,,,,,,,,
2158,Q1,Q2,Q4,Q6,Q2,D1,,,,,,,,,,,,,,,,,,,,,,,,,,,,,,,,,,,,,,,,,,,,,,,,,,,,,,,
2159,Q1,Q2,Q2,D1,,,,,,,,,,,,,,,,,,,,,,,,,,,,,,,,,,,,,,,,,,,,,,,,,,,,,,,,,
2160,Q1,Q1,Q2,Q3,Q2,D1,,,,,,,,,,,,,,,,,,,,,,,,,,,,,,,,,,,,,,,,,,,,,,,,,,,,,,,
2161,Q1,Q2,Q3,Q5,D1,,,,,,,,,,,,,,,,,,,,,,,,,,,,,,,,,,,,,,,,,,,,,,,,,,,,,,,,
2162,Q1,Q2,Q2,Q2,Q1,Q2,Q1,Q2,Q2,Q2,Q2,Q4,Q5,Q6,Q6,Q1,Q2,Q4,Q4,Q3,Q5,Q6,Q1,D2,,,,,,,,,,,,,,,,,,,,,,,,,,,,,,,,,,,,,
2163,Q1,Q2,Q1,Q1,Q2,Q3,D2,,,,,,,,,,,,,,,,,,,,,,,,,,,,,,,,,,,,,,,,,,,,,,,,,,,,,,
2164,Q1,Q2,Q2,Q2,Q2,Q3,D1,,,,,,,,,,,,,,,,,,,,,,,,,,,,,,,,,,,,,,,,,,,,,,,,,,,,,,
2165,Q1,Q1,Q2,Q2,Q1,Q2,Q1,Q2,Q1,Q2,Q2,Q3,Q3,D1,,,,,,,,,,,,,,,,,,,,,,,,,,,,,,,,,,,,,,,,,,,,,,,
2166,Q1,Q2,D2,,,,,,,,,,,,,,,,,,,,,,,,,,,,,,,,,,,,,,,,,,,,,,,,,,,,,,,,,,
2167,Q1,Q2,D1,,,,,,,,,,,,,,,,,,,,,,,,,,,,,,,,,,,,,,,,,,,,,,,,,,,,,,,,,,
2168,Q1,Q2,D1,,,,,,,,,,,,,,,,,,,,,,,,,,,,,,,,,,,,,,,,,,,,,,,,,,,,,,,,,,
2169,Q1,Q2,Q2,Q2,Q1,Q2,D1,,,,,,,,,,,,,,,,,,,,,,,,,,,,,,,,,,,,,,,,,,,,,,,,,,,,,,
2170,Q1,Q2,Q2,Q4,Q4,D2,,,,,,,,,,,,,,,,,,,,,,,,,,,,,,,,,,,,,,,,,,,,,,,,,,,,,,,
2171,Q1,Q2,Q5,Q1,Q2,Q5,D1,,,,,,,,,,,,,,,,,,,,,,,,,,,,,,,,,,,,,,,,,,,,,,,,,,,,,,
2172,Q1,Q1,Q2,Q2,Q5,Q6,Q4,Q3,Q5,Q6,Q1,Q2,Q3,Q2,Q1,Q2,Q2,Q5,Q6,Q1,Q2,Q2,Q2,Q5,Q3,Q4,D2,,,,,,,,,,,,,,,,,,,,,,,,,,,,,,,,,,
2173,Q1,Q1,Q2,Q2,Q2,D1,,,,,,,,,,,,,,,,,,,,,,,,,,,,,,,,,,,,,,,,,,,,,,,,,,,,,,,
2174,Q1,Q2,Q3,D2,,,,,,,,,,,,,,,,,,,,,,,,,,,,,,,,,,,,,,,,,,,,,,,,,,,,,,,,,
2175,Q1,Q1,Q1,Q2,Q4,Q4,Q6,Q6,Q6,D1,,,,,,,,,,,,,,,,,,,,,,,,,,,,,,,,,,,,,,,,,,,,,,,,,,,
2176,Q1,Q2,Q2,Q3,D2,,,,,,,,,,,,,,,,,,,,,,,,,,,,,,,,,,,,,,,,,,,,,,,,,,,,,,,,
2177,Q1,Q2,Q1,Q2,Q2,Q2,Q3,Q3,D1,,,,,,,,,,,,,,,,,,,,,,,,,,,,,,,,,,,,,,,,,,,,,,,,,,,,
2178,Q1,Q2,Q3,D1,,,,,,,,,,,,,,,,,,,,,,,,,,,,,,,,,,,,,,,,,,,,,,,,,,,,,,,,,
2179,Q1,Q2,Q2,Q5,Q5,Q5,Q2,Q5,Q1,Q1,Q2,Q2,Q2,Q4,Q6,Q6,Q6,D1,,,,,,,,,,,,,,,,,,,,,,,,,,,,,,,,,,,,,,,,,,,
2180,Q1,Q2,D1,,,,,,,,,,,,,,,,,,,,,,,,,,,,,,,,,,,,,,,,,,,,,,,,,,,,,,,,,,
2181,Q1,Q2,Q3,Q3,D2,,,,,,,,,,,,,,,,,,,,,,,,,,,,,,,,,,,,,,,,,,,,,,,,,,,,,,,,
2182,Q1,Q2,Q5,Q6,Q6,D1,,,,,,,,,,,,,,,,,,,,,,,,,,,,,,,,,,,,,,,,,,,,,,,,,,,,,,,
2183,Q1,Q1,Q2,D1,,,,,,,,,,,,,,,,,,,,,,,,,,,,,,,,,,,,,,,,,,,,,,,,,,,,,,,,,
2184,Q1,Q2,Q4,Q3,Q1,Q2,Q3,Q5,Q6,D1,,,,,,,,,,,,,,,,,,,,,,,,,,,,,,,,,,,,,,,,,,,,,,,,,,,
2185,Q1,Q2,Q2,Q2,Q2,D2,,,,,,,,,,,,,,,,,,,,,,,,,,,,,,,,,,,,,,,,,,,,,,,,,,,,,,,
2186,Q1,Q2,Q2,Q2,Q2,Q2,Q2,Q3,Q1,Q2,Q1,Q2,Q5,Q4,Q4,Q3,Q3,Q5,Q5,D1,,,,,,,,,,,,,,,,,,,,,,,,,,,,,,,,,,,,,,,,,
2187,Q1,Q2,Q1,Q2,Q5,Q6,Q1,Q1,Q1,Q2,Q2,Q3,Q3,Q4,D2,,,,,,,,,,,,,,,,,,,,,,,,,,,,,,,,,,,,,,,,,,,,,,
2188,Q1,Q1,Q2,Q2,Q1,Q1,Q2,D2,,,,,,,,,,,,,,,,,,,,,,,,,,,,,,,,,,,,,,,,,,,,,,,,,,,,,
2189,Q1,Q2,Q4,Q4,Q5,Q1,Q2,Q3,Q5,Q5,Q5,Q5,Q2,Q2,Q2,Q5,Q5,Q6,Q6,Q6,Q6,D1,,,,,,,,,,,,,,,,,,,,,,,,,,,,,,,,,,,,,,,
2190,Q1,Q2,Q1,Q2,Q2,Q5,Q6,Q1,Q2,Q2,Q4,Q4,D2,,,,,,,,,,,,,,,,,,,,,,,,,,,,,,,,,,,,,,,,,,,,,,,,
2191,Q1,Q2,Q1,Q2,Q3,Q4,Q4,Q5,Q3,Q5,D1,,,,,,,,,,,,,,,,,,,,,,,,,,,,,,,,,,,,,,,,,,,,,,,,,,
2192,Q1,Q1,Q2,Q1,Q2,D1,,,,,,,,,,,,,,,,,,,,,,,,,,,,,,,,,,,,,,,,,,,,,,,,,,,,,,,
2193,Q1,Q2,D1,,,,,,,,,,,,,,,,,,,,,,,,,,,,,,,,,,,,,,,,,,,,,,,,,,,,,,,,,,
2194,Q1,Q2,Q2,Q1,Q1,Q2,Q3,D1,,,,,,,,,,,,,,,,,,,,,,,,,,,,,,,,,,,,,,,,,,,,,,,,,,,,,
2195,Q1,Q2,Q5,Q1,Q2,Q1,Q2,Q3,D1,,,,,,,,,,,,,,,,,,,,,,,,,,,,,,,,,,,,,,,,,,,,,,,,,,,,
2196,Q1,Q2,Q1,Q2,Q2,Q2,D1,,,,,,,,,,,,,,,,,,,,,,,,,,,,,,,,,,,,,,,,,,,,,,,,,,,,,,
2197,Q1,Q2,Q5,Q5,Q1,Q2,D1,,,,,,,,,,,,,,,,,,,,,,,,,,,,,,,,,,,,,,,,,,,,,,,,,,,,,,
2198,Q1,Q2,Q5,Q2,Q5,Q6,Q1,Q2,Q4,Q5,Q6,Q6,D1,,,,,,,,,,,,,,,,,,,,,,,,,,,,,,,,,,,,,,,,,,,,,,,,
2199,Q1,Q2,Q2,Q5,Q5,Q6,Q1,Q2,D2,,,,,,,,,,,,,,,,,,,,,,,,,,,,,,,,,,,,,,,,,,,,,,,,,,,,
2200,Q1,Q2,Q5,Q1,Q2,Q2,Q5,Q6,Q1,Q2,Q3,Q5,Q5,Q2,Q4,D2,,,,,,,,,,,,,,,,,,,,,,,,,,,,,,,,,,,,,,,,,,,,,
2201,Q1,Q2,Q2,Q1,Q2,Q1,Q2,D1,,,,,,,,,,,,,,,,,,,,,,,,,,,,,,,,,,,,,,,,,,,,,,,,,,,,,
2202,Q1,Q1,Q2,Q1,Q2,Q3,Q5,Q5,Q6,Q6,Q6,Q1,Q2,Q5,Q6,Q2,Q5,Q5,Q5,Q5,Q6,Q1,Q2,Q3,Q2,Q1,Q2,D1,,,,,,,,,,,,,,,,,,,,,,,,,,,,,,,,,
2203,Q1,Q1,Q2,D1,,,,,,,,,,,,,,,,,,,,,,,,,,,,,,,,,,,,,,,,,,,,,,,,,,,,,,,,,
2204,Q1,Q2,Q3,Q3,Q3,Q4,Q4,D2,,,,,,,,,,,,,,,,,,,,,,,,,,,,,,,,,,,,,,,,,,,,,,,,,,,,,
2205,Q1,Q2,D1,,,,,,,,,,,,,,,,,,,,,,,,,,,,,,,,,,,,,,,,,,,,,,,,,,,,,,,,,,
2206,Q1,D2,,,,,,,,,,,,,,,,,,,,,,,,,,,,,,,,,,,,,,,,,,,,,,,,,,,,,,,,,,,
2207,Q1,Q2,Q2,Q3,Q1,Q2,D1,,,,,,,,,,,,,,,,,,,,,,,,,,,,,,,,,,,,,,,,,,,,,,,,,,,,,,
2208,Q1,Q2,Q3,Q4,Q6,D1,,,,,,,,,,,,,,,,,,,,,,,,,,,,,,,,,,,,,,,,,,,,,,,,,,,,,,,
2209,Q1,Q2,Q3,Q2,Q5,D1,,,,,,,,,,,,,,,,,,,,,,,,,,,,,,,,,,,,,,,,,,,,,,,,,,,,,,,
2210,Q1,Q2,D1,,,,,,,,,,,,,,,,,,,,,,,,,,,,,,,,,,,,,,,,,,,,,,,,,,,,,,,,,,
2211,Q1,Q2,D1,,,,,,,,,,,,,,,,,,,,,,,,,,,,,,,,,,,,,,,,,,,,,,,,,,,,,,,,,,
2212,Q1,Q2,Q2,Q3,Q5,Q6,Q1,Q2,Q1,Q2,Q1,Q1,Q2,Q5,D1,,,,,,,,,,,,,,,,,,,,,,,,,,,,,,,,,,,,,,,,,,,,,,
2213,Q1,Q1,Q2,Q2,Q1,Q2,Q4,D1,,,,,,,,,,,,,,,,,,,,,,,,,,,,,,,,,,,,,,,,,,,,,,,,,,,,,
2214,Q1,Q2,Q5,Q5,Q1,Q2,Q1,Q2,Q1,Q2,Q4,Q4,Q4,D1,,,,,,,,,,,,,,,,,,,,,,,,,,,,,,,,,,,,,,,,,,,,,,,
2215,Q1,Q2,Q3,Q5,Q6,Q6,Q1,Q2,Q3,Q5,Q5,Q6,D1,,,,,,,,,,,,,,,,,,,,,,,,,,,,,,,,,,,,,,,,,,,,,,,,
2216,Q1,Q2,Q2,Q2,Q5,Q6,Q6,Q1,Q1,Q2,Q3,Q5,Q5,Q5,Q6,Q1,Q2,Q2,Q3,Q5,Q5,Q3,Q3,Q2,Q3,Q1,Q2,Q3,Q1,Q2,Q2,Q2,Q4,Q4,Q4,Q4,Q4,Q5,Q6,Q6,D1,,,,,,,,,,,,,,,,,,,,
2217,Q1,Q2,D1,,,,,,,,,,,,,,,,,,,,,,,,,,,,,,,,,,,,,,,,,,,,,,,,,,,,,,,,,,
2218,Q1,D2,,,,,,,,,,,,,,,,,,,,,,,,,,,,,,,,,,,,,,,,,,,,,,,,,,,,,,,,,,,
2219,Q1,Q2,Q5,Q6,Q1,Q1,Q2,Q3,Q5,Q6,D1,,,,,,,,,,,,,,,,,,,,,,,,,,,,,,,,,,,,,,,,,,,,,,,,,,
2220,Q1,Q2,Q1,Q2,Q1,Q1,Q2,Q2,Q2,Q2,Q5,Q5,Q1,Q2,Q5,Q3,Q2,Q2,D1,,,,,,,,,,,,,,,,,,,,,,,,,,,,,,,,,,,,,,,,,,
2221,Q1,Q2,Q4,Q6,Q6,Q6,Q6,D1,,,,,,,,,,,,,,,,,,,,,,,,,,,,,,,,,,,,,,,,,,,,,,,,,,,,,
2222,Q1,D2,,,,,,,,,,,,,,,,,,,,,,,,,,,,,,,,,,,,,,,,,,,,,,,,,,,,,,,,,,,
2223,Q1,Q2,Q2,Q2,Q3,Q5,Q3,Q3,Q5,Q5,Q6,D1,,,,,,,,,,,,,,,,,,,,,,,,,,,,,,,,,,,,,,,,,,,,,,,,,
2224,Q1,Q2,Q1,Q2,Q2,Q3,Q4,Q4,Q4,Q4,D1,,,,,,,,,,,,,,,,,,,,,,,,,,,,,,,,,,,,,,,,,,,,,,,,,,
2225,Q1,Q2,Q3,Q5,Q3,Q5,Q5,Q1,Q2,Q1,Q1,Q2,Q2,Q2,D1,,,,,,,,,,,,,,,,,,,,,,,,,,,,,,,,,,,,,,,,,,,,,,
2226,Q1,Q2,Q2,Q5,Q5,D1,,,,,,,,,,,,,,,,,,,,,,,,,,,,,,,,,,,,,,,,,,,,,,,,,,,,,,,
2227,Q1,Q1,Q2,Q3,Q5,Q1,Q2,Q2,Q3,Q3,D1,,,,,,,,,,,,,,,,,,,,,,,,,,,,,,,,,,,,,,,,,,,,,,,,,,
2228,Q1,Q2,Q2,Q2,Q5,Q6,Q1,Q2,Q5,Q3,Q4,Q4,Q5,Q5,Q6,Q1,Q2,D1,,,,,,,,,,,,,,,,,,,,,,,,,,,,,,,,,,,,,,,,,,,
2229,Q1,Q2,D1,,,,,,,,,,,,,,,,,,,,,,,,,,,,,,,,,,,,,,,,,,,,,,,,,,,,,,,,,,
2230,Q1,Q2,Q3,Q5,Q6,D1,,,,,,,,,,,,,,,,,,,,,,,,,,,,,,,,,,,,,,,,,,,,,,,,,,,,,,,
2231,Q1,Q2,Q1,Q2,Q1,Q2,Q2,Q1,Q2,Q2,Q1,Q2,D1,,,,,,,,,,,,,,,,,,,,,,,,,,,,,,,,,,,,,,,,,,,,,,,,
2232,Q1,Q2,Q1,Q2,Q3,Q5,Q1,Q2,Q2,Q3,Q3,Q4,Q6,Q4,Q4,Q6,Q6,Q6,Q6,D1,,,,,,,,,,,,,,,,,,,,,,,,,,,,,,,,,,,,,,,,,
2233,Q1,Q1,Q2,Q2,Q2,D1,,,,,,,,,,,,,,,,,,,,,,,,,,,,,,,,,,,,,,,,,,,,,,,,,,,,,,,
2234,Q1,Q2,Q2,D1,,,,,,,,,,,,,,,,,,,,,,,,,,,,,,,,,,,,,,,,,,,,,,,,,,,,,,,,,
2235,Q1,Q2,Q2,Q2,Q1,Q2,D1,,,,,,,,,,,,,,,,,,,,,,,,,,,,,,,,,,,,,,,,,,,,,,,,,,,,,,
2236,Q1,Q2,Q2,Q1,Q2,D1,,,,,,,,,,,,,,,,,,,,,,,,,,,,,,,,,,,,,,,,,,,,,,,,,,,,,,,
2237,Q1,Q2,Q3,Q4,Q6,Q6,Q6,Q1,Q1,Q1,Q2,Q3,Q4,Q4,Q5,Q1,Q2,Q2,Q1,Q2,D1,,,,,,,,,,,,,,,,,,,,,,,,,,,,,,,,,,,,,,,,
2238,Q1,Q2,Q5,Q6,Q1,Q1,Q2,D1,,,,,,,,,,,,,,,,,,,,,,,,,,,,,,,,,,,,,,,,,,,,,,,,,,,,,
2239,Q1,Q2,D1,,,,,,,,,,,,,,,,,,,,,,,,,,,,,,,,,,,,,,,,,,,,,,,,,,,,,,,,,,
2240,Q1,Q2,D1,,,,,,,,,,,,,,,,,,,,,,,,,,,,,,,,,,,,,,,,,,,,,,,,,,,,,,,,,,
2241,Q1,Q2,Q1,Q2,Q1,Q2,Q5,D1,,,,,,,,,,,,,,,,,,,,,,,,,,,,,,,,,,,,,,,,,,,,,,,,,,,,,
2242,Q1,Q2,Q3,Q5,Q6,D1,,,,,,,,,,,,,,,,,,,,,,,,,,,,,,,,,,,,,,,,,,,,,,,,,,,,,,,
2243,Q1,Q2,Q2,Q3,Q3,Q5,Q6,Q6,Q6,Q1,Q1,Q2,D1,,,,,,,,,,,,,,,,,,,,,,,,,,,,,,,,,,,,,,,,,,,,,,,,
2244,Q1,Q1,Q1,Q2,D1,,,,,,,,,,,,,,,,,,,,,,,,,,,,,,,,,,,,,,,,,,,,,,,,,,,,,,,,
2245,Q1,Q2,Q5,D1,,,,,,,,,,,,,,,,,,,,,,,,,,,,,,,,,,,,,,,,,,,,,,,,,,,,,,,,,
2246,Q1,Q2,Q4,Q4,Q5,Q6,Q6,Q6,D1,,,,,,,,,,,,,,,,,,,,,,,,,,,,,,,,,,,,,,,,,,,,,,,,,,,,
2247,Q1,Q1,Q2,Q1,Q1,Q2,Q2,Q1,Q2,Q3,D1,,,,,,,,,,,,,,,,,,,,,,,,,,,,,,,,,,,,,,,,,,,,,,,,,,
2248,Q1,Q2,Q3,Q5,Q5,Q6,Q1,Q1,Q2,Q2,Q5,Q5,Q5,D1,,,,,,,,,,,,,,,,,,,,,,,,,,,,,,,,,,,,,,,,,,,,,,,
2249,Q1,Q2,Q1,Q2,Q3,Q2,Q5,Q6,D1,,,,,,,,,,,,,,,,,,,,,,,,,,,,,,,,,,,,,,,,,,,,,,,,,,,,
2250,Q1,Q2,D1,,,,,,,,,,,,,,,,,,,,,,,,,,,,,,,,,,,,,,,,,,,,,,,,,,,,,,,,,,
2251,Q1,Q2,Q2,Q2,D1,,,,,,,,,,,,,,,,,,,,,,,,,,,,,,,,,,,,,,,,,,,,,,,,,,,,,,,,
2252,Q1,Q2,Q3,Q5,Q2,D1,,,,,,,,,,,,,,,,,,,,,,,,,,,,,,,,,,,,,,,,,,,,,,,,,,,,,,,
2253,Q1,Q2,Q5,Q5,Q5,Q5,Q5,Q5,Q5,Q6,Q1,Q2,Q2,D2,,,,,,,,,,,,,,,,,,,,,,,,,,,,,,,,,,,,,,,,,,,,,,,
2254,Q1,Q2,Q2,Q5,Q5,Q1,Q2,Q2,Q3,Q3,D1,,,,,,,,,,,,,,,,,,,,,,,,,,,,,,,,,,,,,,,,,,,,,,,,,,
2255,Q1,Q2,Q2,Q5,Q6,Q2,Q2,Q5,Q6,D1,,,,,,,,,,,,,,,,,,,,,,,,,,,,,,,,,,,,,,,,,,,,,,,,,,,
2256,Q1,Q2,Q3,Q2,Q2,Q5,Q6,Q6,Q6,Q6,Q6,Q1,Q2,Q1,Q2,Q2,Q2,Q2,D1,,,,,,,,,,,,,,,,,,,,,,,,,,,,,,,,,,,,,,,,,,
2257,Q1,Q2,Q3,Q3,Q5,Q5,Q5,Q6,Q1,Q2,Q2,Q2,D1,,,,,,,,,,,,,,,,,,,,,,,,,,,,,,,,,,,,,,,,,,,,,,,,
2258,Q1,Q2,Q3,Q5,Q4,Q4,Q4,Q4,Q4,D2,,,,,,,,,,,,,,,,,,,,,,,,,,,,,,,,,,,,,,,,,,,,,,,,,,,
2259,Q1,Q2,D1,,,,,,,,,,,,,,,,,,,,,,,,,,,,,,,,,,,,,,,,,,,,,,,,,,,,,,,,,,
2260,Q1,D2,,,,,,,,,,,,,,,,,,,,,,,,,,,,,,,,,,,,,,,,,,,,,,,,,,,,,,,,,,,
2261,Q1,Q2,Q1,Q1,Q2,Q2,Q3,Q3,Q5,Q3,D1,,,,,,,,,,,,,,,,,,,,,,,,,,,,,,,,,,,,,,,,,,,,,,,,,,
2262,Q1,Q2,Q3,Q4,D2,,,,,,,,,,,,,,,,,,,,,,,,,,,,,,,,,,,,,,,,,,,,,,,,,,,,,,,,
2263,Q1,Q2,Q2,Q5,Q6,D1,,,,,,,,,,,,,,,,,,,,,,,,,,,,,,,,,,,,,,,,,,,,,,,,,,,,,,,
2264,Q1,Q2,Q1,Q2,Q2,Q2,Q5,Q1,Q2,Q2,Q4,Q3,Q4,Q5,Q5,Q6,D1,,,,,,,,,,,,,,,,,,,,,,,,,,,,,,,,,,,,,,,,,,,,
2265,Q1,Q2,Q1,Q2,D2,,,,,,,,,,,,,,,,,,,,,,,,,,,,,,,,,,,,,,,,,,,,,,,,,,,,,,,,
2266,Q1,Q2,D1,,,,,,,,,,,,,,,,,,,,,,,,,,,,,,,,,,,,,,,,,,,,,,,,,,,,,,,,,,
2267,Q1,Q2,Q2,Q1,Q2,Q5,Q5,Q6,D1,,,,,,,,,,,,,,,,,,,,,,,,,,,,,,,,,,,,,,,,,,,,,,,,,,,,
2268,Q1,Q2,Q3,D2,,,,,,,,,,,,,,,,,,,,,,,,,,,,,,,,,,,,,,,,,,,,,,,,,,,,,,,,,
2269,Q1,Q2,Q2,Q4,Q6,Q6,Q1,Q2,D1,,,,,,,,,,,,,,,,,,,,,,,,,,,,,,,,,,,,,,,,,,,,,,,,,,,,
2270,Q1,D2,,,,,,,,,,,,,,,,,,,,,,,,,,,,,,,,,,,,,,,,,,,,,,,,,,,,,,,,,,,
2271,Q1,Q2,Q1,Q2,Q5,Q6,Q6,D1,,,,,,,,,,,,,,,,,,,,,,,,,,,,,,,,,,,,,,,,,,,,,,,,,,,,,
2272,Q1,Q2,D1,,,,,,,,,,,,,,,,,,,,,,,,,,,,,,,,,,,,,,,,,,,,,,,,,,,,,,,,,,
2273,Q1,Q2,D1,,,,,,,,,,,,,,,,,,,,,,,,,,,,,,,,,,,,,,,,,,,,,,,,,,,,,,,,,,
2274,Q1,D2,,,,,,,,,,,,,,,,,,,,,,,,,,,,,,,,,,,,,,,,,,,,,,,,,,,,,,,,,,,
2275,Q1,Q2,Q2,Q5,Q6,Q6,Q2,Q4,Q4,Q4,Q5,Q6,Q6,Q4,Q5,Q5,Q5,Q6,Q1,Q2,D1,,,,,,,,,,,,,,,,,,,,,,,,,,,,,,,,,,,,,,,,
2276,Q1,Q2,D1,,,,,,,,,,,,,,,,,,,,,,,,,,,,,,,,,,,,,,,,,,,,,,,,,,,,,,,,,,
2277,Q1,Q2,Q3,Q5,Q5,Q4,Q5,Q4,Q5,Q5,D1,,,,,,,,,,,,,,,,,,,,,,,,,,,,,,,,,,,,,,,,,,,,,,,,,,
2278,Q1,Q2,Q5,Q5,Q6,Q4,Q4,D1,,,,,,,,,,,,,,,,,,,,,,,,,,,,,,,,,,,,,,,,,,,,,,,,,,,,,
2279,Q1,Q2,Q1,Q2,Q1,Q2,D1,,,,,,,,,,,,,,,,,,,,,,,,,,,,,,,,,,,,,,,,,,,,,,,,,,,,,,
2280,Q1,Q2,Q2,Q1,Q2,D1,,,,,,,,,,,,,,,,,,,,,,,,,,,,,,,,,,,,,,,,,,,,,,,,,,,,,,,
2281,Q1,Q2,Q3,Q3,Q5,Q6,D1,,,,,,,,,,,,,,,,,,,,,,,,,,,,,,,,,,,,,,,,,,,,,,,,,,,,,,
2282,Q1,Q2,Q5,Q5,Q6,Q2,Q5,Q6,Q1,Q2,Q3,Q3,Q5,Q4,Q6,Q1,Q2,Q3,Q5,Q6,D1,,,,,,,,,,,,,,,,,,,,,,,,,,,,,,,,,,,,,,,,
2283,Q1,Q2,Q5,Q3,D1,,,,,,,,,,,,,,,,,,,,,,,,,,,,,,,,,,,,,,,,,,,,,,,,,,,,,,,,
2284,Q1,Q2,Q3,D1,,,,,,,,,,,,,,,,,,,,,,,,,,,,,,,,,,,,,,,,,,,,,,,,,,,,,,,,,
2285,Q1,Q2,Q5,Q6,Q1,Q2,Q2,Q1,Q2,Q2,D1,,,,,,,,,,,,,,,,,,,,,,,,,,,,,,,,,,,,,,,,,,,,,,,,,,
2286,Q1,Q2,Q2,Q1,Q2,Q1,Q2,Q2,D2,,,,,,,,,,,,,,,,,,,,,,,,,,,,,,,,,,,,,,,,,,,,,,,,,,,,
2287,Q1,Q2,Q2,Q2,Q1,Q1,Q1,Q2,Q2,Q4,Q4,Q4,Q5,Q1,Q2,D1,,,,,,,,,,,,,,,,,,,,,,,,,,,,,,,,,,,,,,,,,,,,,
2288,Q1,Q2,Q2,Q3,Q5,Q6,Q2,Q3,Q2,Q2,Q2,Q2,Q3,Q5,Q6,D1,,,,,,,,,,,,,,,,,,,,,,,,,,,,,,,,,,,,,,,,,,,,,
2289,Q1,Q1,Q2,Q1,Q2,Q2,Q2,Q3,Q4,Q4,Q3,Q1,Q2,Q2,Q1,Q2,Q1,Q2,Q5,Q6,Q6,D1,,,,,,,,,,,,,,,,,,,,,,,,,,,,,,,,,,,,,,,
2290,Q1,Q2,Q2,D2,,,,,,,,,,,,,,,,,,,,,,,,,,,,,,,,,,,,,,,,,,,,,,,,,,,,,,,,,
2291,Q1,Q1,Q1,Q2,Q2,Q3,Q3,Q4,Q5,D1,,,,,,,,,,,,,,,,,,,,,,,,,,,,,,,,,,,,,,,,,,,,,,,,,,,
2292,Q1,Q2,Q5,Q6,Q1,Q1,Q2,D2,,,,,,,,,,,,,,,,,,,,,,,,,,,,,,,,,,,,,,,,,,,,,,,,,,,,,
2293,Q1,Q1,Q2,Q2,Q2,Q3,Q3,Q4,Q4,Q5,Q5,Q6,D1,,,,,,,,,,,,,,,,,,,,,,,,,,,,,,,,,,,,,,,,,,,,,,,,
2294,Q1,Q2,Q3,Q5,Q5,Q6,Q6,D1,,,,,,,,,,,,,,,,,,,,,,,,,,,,,,,,,,,,,,,,,,,,,,,,,,,,,
2295,Q1,Q1,Q1,Q2,Q2,D1,,,,,,,,,,,,,,,,,,,,,,,,,,,,,,,,,,,,,,,,,,,,,,,,,,,,,,,
2296,Q1,Q2,Q1,Q1,Q2,Q3,Q3,Q2,Q2,D1,,,,,,,,,,,,,,,,,,,,,,,,,,,,,,,,,,,,,,,,,,,,,,,,,,,
2297,Q1,Q2,Q3,Q3,D1,,,,,,,,,,,,,,,,,,,,,,,,,,,,,,,,,,,,,,,,,,,,,,,,,,,,,,,,
2298,Q1,Q2,Q2,Q5,Q4,Q6,Q1,Q2,Q5,Q1,Q2,Q2,D1,,,,,,,,,,,,,,,,,,,,,,,,,,,,,,,,,,,,,,,,,,,,,,,,
2299,Q1,Q2,Q2,Q5,D1,,,,,,,,,,,,,,,,,,,,,,,,,,,,,,,,,,,,,,,,,,,,,,,,,,,,,,,,
2300,Q1,Q2,Q3,Q5,Q5,Q6,Q6,Q6,Q1,Q2,Q3,Q3,Q4,Q4,Q4,Q6,D1,,,,,,,,,,,,,,,,,,,,,,,,,,,,,,,,,,,,,,,,,,,,
2301,Q1,Q2,Q3,D2,,,,,,,,,,,,,,,,,,,,,,,,,,,,,,,,,,,,,,,,,,,,,,,,,,,,,,,,,
2302,Q1,D2,,,,,,,,,,,,,,,,,,,,,,,,,,,,,,,,,,,,,,,,,,,,,,,,,,,,,,,,,,,
2303,Q1,Q2,Q5,Q3,Q5,Q4,Q5,Q3,Q4,Q5,Q1,Q2,Q1,Q2,Q2,Q2,Q3,D2,,,,,,,,,,,,,,,,,,,,,,,,,,,,,,,,,,,,,,,,,,,
2304,Q1,Q2,Q2,D1,,,,,,,,,,,,,,,,,,,,,,,,,,,,,,,,,,,,,,,,,,,,,,,,,,,,,,,,,
2305,Q1,Q2,Q2,Q2,Q3,Q4,Q5,Q3,Q5,Q1,Q2,Q4,Q4,Q4,Q6,Q2,D1,,,,,,,,,,,,,,,,,,,,,,,,,,,,,,,,,,,,,,,,,,,,
2306,Q1,Q1,Q2,D2,,,,,,,,,,,,,,,,,,,,,,,,,,,,,,,,,,,,,,,,,,,,,,,,,,,,,,,,,
2307,Q1,Q2,Q1,Q2,Q1,Q1,Q2,Q5,D1,,,,,,,,,,,,,,,,,,,,,,,,,,,,,,,,,,,,,,,,,,,,,,,,,,,,
2308,Q1,Q2,Q2,Q3,Q3,Q2,Q2,Q5,Q6,Q6,Q6,Q6,D1,,,,,,,,,,,,,,,,,,,,,,,,,,,,,,,,,,,,,,,,,,,,,,,,
2309,Q1,Q2,Q3,D1,,,,,,,,,,,,,,,,,,,,,,,,,,,,,,,,,,,,,,,,,,,,,,,,,,,,,,,,,
2310,Q1,Q2,Q2,Q2,Q2,Q1,D2,,,,,,,,,,,,,,,,,,,,,,,,,,,,,,,,,,,,,,,,,,,,,,,,,,,,,,
2311,Q1,Q2,Q5,Q6,D1,,,,,,,,,,,,,,,,,,,,,,,,,,,,,,,,,,,,,,,,,,,,,,,,,,,,,,,,
2312,Q1,Q2,Q2,Q5,Q6,Q4,Q6,Q6,D1,,,,,,,,,,,,,,,,,,,,,,,,,,,,,,,,,,,,,,,,,,,,,,,,,,,,
2313,Q1,Q2,Q2,Q2,Q4,Q5,Q3,Q1,Q2,Q3,Q5,Q5,Q5,Q1,Q2,Q5,Q6,Q6,Q4,D2,,,,,,,,,,,,,,,,,,,,,,,,,,,,,,,,,,,,,,,,,
2314,Q1,Q1,Q2,Q2,Q3,Q5,Q6,Q6,Q6,Q6,Q6,D1,,,,,,,,,,,,,,,,,,,,,,,,,,,,,,,,,,,,,,,,,,,,,,,,,
2315,Q1,Q2,Q1,Q2,Q5,Q6,Q6,Q4,Q6,Q1,Q1,Q1,D2,,,,,,,,,,,,,,,,,,,,,,,,,,,,,,,,,,,,,,,,,,,,,,,,
2316,Q1,Q2,Q1,Q2,D1,,,,,,,,,,,,,,,,,,,,,,,,,,,,,,,,,,,,,,,,,,,,,,,,,,,,,,,,
2317,Q1,Q1,Q2,Q3,Q5,Q6,Q2,Q2,Q2,Q1,Q2,Q1,Q2,Q2,D1,,,,,,,,,,,,,,,,,,,,,,,,,,,,,,,,,,,,,,,,,,,,,,
2318,Q1,Q2,Q2,Q1,Q2,Q3,Q4,Q5,Q5,Q6,Q4,Q4,Q5,Q6,Q6,Q4,Q4,Q6,Q1,Q2,D1,,,,,,,,,,,,,,,,,,,,,,,,,,,,,,,,,,,,,,,,
2319,Q1,Q1,Q1,Q2,Q5,Q5,Q2,Q3,Q3,Q3,Q3,Q1,Q2,Q2,Q1,Q2,Q2,Q1,Q2,Q5,Q6,Q6,D1,,,,,,,,,,,,,,,,,,,,,,,,,,,,,,,,,,,,,,
2320,Q1,Q2,Q4,Q4,Q5,Q6,Q1,Q2,Q2,Q2,D1,,,,,,,,,,,,,,,,,,,,,,,,,,,,,,,,,,,,,,,,,,,,,,,,,,
2321,Q1,Q2,Q1,Q2,Q2,Q2,D1,,,,,,,,,,,,,,,,,,,,,,,,,,,,,,,,,,,,,,,,,,,,,,,,,,,,,,
2322,Q1,Q2,Q1,Q2,D1,,,,,,,,,,,,,,,,,,,,,,,,,,,,,,,,,,,,,,,,,,,,,,,,,,,,,,,,
2323,Q1,Q2,Q2,Q3,Q3,Q5,Q6,Q1,Q2,D1,,,,,,,,,,,,,,,,,,,,,,,,,,,,,,,,,,,,,,,,,,,,,,,,,,,
2324,Q1,Q2,Q3,D1,,,,,,,,,,,,,,,,,,,,,,,,,,,,,,,,,,,,,,,,,,,,,,,,,,,,,,,,,
2325,Q1,Q2,Q3,Q3,Q5,Q5,Q5,Q6,Q6,D1,,,,,,,,,,,,,,,,,,,,,,,,,,,,,,,,,,,,,,,,,,,,,,,,,,,
2326,Q1,Q2,Q2,D1,,,,,,,,,,,,,,,,,,,,,,,,,,,,,,,,,,,,,,,,,,,,,,,,,,,,,,,,,
2327,Q1,Q2,Q5,Q6,D1,,,,,,,,,,,,,,,,,,,,,,,,,,,,,,,,,,,,,,,,,,,,,,,,,,,,,,,,
2328,Q1,Q2,Q5,Q5,Q6,Q6,D1,,,,,,,,,,,,,,,,,,,,,,,,,,,,,,,,,,,,,,,,,,,,,,,,,,,,,,
2329,Q1,Q2,Q2,D1,,,,,,,,,,,,,,,,,,,,,,,,,,,,,,,,,,,,,,,,,,,,,,,,,,,,,,,,,
2330,Q1,Q1,Q2,Q2,Q2,D1,,,,,,,,,,,,,,,,,,,,,,,,,,,,,,,,,,,,,,,,,,,,,,,,,,,,,,,
2331,Q1,Q2,D2,,,,,,,,,,,,,,,,,,,,,,,,,,,,,,,,,,,,,,,,,,,,,,,,,,,,,,,,,,
2332,Q1,Q2,Q3,Q3,Q4,Q5,Q6,Q6,Q1,Q2,Q1,Q2,Q2,Q3,Q3,Q5,Q6,Q1,Q2,Q2,Q3,Q2,Q1,Q2,Q2,Q2,Q5,Q5,Q6,Q6,Q6,D1,,,,,,,,,,,,,,,,,,,,,,,,,,,,,
2333,Q1,Q2,Q3,Q3,Q4,Q5,Q5,D1,,,,,,,,,,,,,,,,,,,,,,,,,,,,,,,,,,,,,,,,,,,,,,,,,,,,,
2334,Q1,Q2,Q2,D1,,,,,,,,,,,,,,,,,,,,,,,,,,,,,,,,,,,,,,,,,,,,,,,,,,,,,,,,,
2335,Q1,Q2,Q1,D2,,,,,,,,,,,,,,,,,,,,,,,,,,,,,,,,,,,,,,,,,,,,,,,,,,,,,,,,,
2336,Q1,Q2,D1,,,,,,,,,,,,,,,,,,,,,,,,,,,,,,,,,,,,,,,,,,,,,,,,,,,,,,,,,,
2337,Q1,D2,,,,,,,,,,,,,,,,,,,,,,,,,,,,,,,,,,,,,,,,,,,,,,,,,,,,,,,,,,,
2338,Q1,Q2,Q5,Q5,Q6,D1,,,,,,,,,,,,,,,,,,,,,,,,,,,,,,,,,,,,,,,,,,,,,,,,,,,,,,,
2339,Q1,Q2,Q2,Q2,D1,,,,,,,,,,,,,,,,,,,,,,,,,,,,,,,,,,,,,,,,,,,,,,,,,,,,,,,,
2340,Q1,Q2,Q2,Q1,Q2,Q3,Q2,Q5,Q6,Q6,Q6,Q6,Q1,Q2,Q2,Q1,Q1,Q2,D2,,,,,,,,,,,,,,,,,,,,,,,,,,,,,,,,,,,,,,,,,,
2341,Q1,Q2,Q5,Q4,Q6,Q1,Q2,Q2,D1,,,,,,,,,,,,,,,,,,,,,,,,,,,,,,,,,,,,,,,,,,,,,,,,,,,,
2342,Q1,Q2,Q3,Q4,Q5,Q6,Q1,Q1,Q2,Q2,Q3,Q4,Q4,Q5,Q6,Q1,Q2,Q2,Q5,Q5,Q5,Q5,Q6,Q1,Q2,Q3,Q3,Q3,D2,,,,,,,,,,,,,,,,,,,,,,,,,,,,,,,,
2343,Q1,Q2,Q5,Q6,Q6,D1,,,,,,,,,,,,,,,,,,,,,,,,,,,,,,,,,,,,,,,,,,,,,,,,,,,,,,,
2344,Q1,Q1,D2,,,,,,,,,,,,,,,,,,,,,,,,,,,,,,,,,,,,,,,,,,,,,,,,,,,,,,,,,,
2345,Q1,Q2,Q2,Q1,Q2,Q3,Q5,Q6,Q1,D2,,,,,,,,,,,,,,,,,,,,,,,,,,,,,,,,,,,,,,,,,,,,,,,,,,,
2346,Q1,Q2,Q5,Q6,Q1,Q2,Q3,Q4,Q4,Q5,Q5,Q6,Q1,Q2,D1,,,,,,,,,,,,,,,,,,,,,,,,,,,,,,,,,,,,,,,,,,,,,,
2347,Q1,Q2,Q1,Q2,D1,,,,,,,,,,,,,,,,,,,,,,,,,,,,,,,,,,,,,,,,,,,,,,,,,,,,,,,,
2348,Q1,Q1,Q2,Q1,Q2,D1,,,,,,,,,,,,,,,,,,,,,,,,,,,,,,,,,,,,,,,,,,,,,,,,,,,,,,,
2349,Q1,Q2,Q1,Q2,D2,,,,,,,,,,,,,,,,,,,,,,,,,,,,,,,,,,,,,,,,,,,,,,,,,,,,,,,,
2350,Q1,Q2,Q3,D1,,,,,,,,,,,,,,,,,,,,,,,,,,,,,,,,,,,,,,,,,,,,,,,,,,,,,,,,,
2351,Q1,Q2,Q5,Q6,Q1,Q2,Q1,Q2,Q1,Q2,Q2,Q3,Q4,Q5,Q5,Q6,Q6,D1,,,,,,,,,,,,,,,,,,,,,,,,,,,,,,,,,,,,,,,,,,,
2352,Q1,Q2,Q2,Q1,Q2,Q3,Q5,Q4,Q5,Q5,Q5,Q5,Q6,Q1,Q2,Q3,Q3,Q5,Q6,Q1,Q1,Q2,Q3,Q3,Q3,Q5,Q5,Q4,Q5,Q5,Q4,D2,,,,,,,,,,,,,,,,,,,,,,,,,,,,,
2353,Q1,Q2,D1,,,,,,,,,,,,,,,,,,,,,,,,,,,,,,,,,,,,,,,,,,,,,,,,,,,,,,,,,,
2354,Q1,Q2,Q5,Q6,Q1,Q1,Q2,D1,,,,,,,,,,,,,,,,,,,,,,,,,,,,,,,,,,,,,,,,,,,,,,,,,,,,,
2355,Q1,Q2,Q5,Q5,Q6,Q6,Q1,Q1,Q1,Q2,Q3,Q5,Q5,Q6,D1,,,,,,,,,,,,,,,,,,,,,,,,,,,,,,,,,,,,,,,,,,,,,,
2356,Q1,Q2,D1,,,,,,,,,,,,,,,,,,,,,,,,,,,,,,,,,,,,,,,,,,,,,,,,,,,,,,,,,,
2357,Q1,Q2,Q2,Q5,Q6,D1,,,,,,,,,,,,,,,,,,,,,,,,,,,,,,,,,,,,,,,,,,,,,,,,,,,,,,,
2358,Q1,Q2,Q2,Q5,Q6,D1,,,,,,,,,,,,,,,,,,,,,,,,,,,,,,,,,,,,,,,,,,,,,,,,,,,,,,,
2359,Q1,Q2,Q4,D2,,,,,,,,,,,,,,,,,,,,,,,,,,,,,,,,,,,,,,,,,,,,,,,,,,,,,,,,,
2360,Q1,Q2,Q1,Q2,Q3,Q4,Q4,Q4,Q4,D1,,,,,,,,,,,,,,,,,,,,,,,,,,,,,,,,,,,,,,,,,,,,,,,,,,,
2361,Q1,Q2,Q2,Q2,Q1,Q2,D1,,,,,,,,,,,,,,,,,,,,,,,,,,,,,,,,,,,,,,,,,,,,,,,,,,,,,,
2362,Q1,Q1,Q2,Q3,Q3,Q4,Q5,Q6,Q6,Q6,D1,,,,,,,,,,,,,,,,,,,,,,,,,,,,,,,,,,,,,,,,,,,,,,,,,,
2363,Q1,Q2,D1,,,,,,,,,,,,,,,,,,,,,,,,,,,,,,,,,,,,,,,,,,,,,,,,,,,,,,,,,,
2364,Q1,Q2,D2,,,,,,,,,,,,,,,,,,,,,,,,,,,,,,,,,,,,,,,,,,,,,,,,,,,,,,,,,,
2365,Q1,Q2,Q2,Q1,Q2,Q1,Q2,Q5,Q5,Q5,Q6,Q1,Q1,Q2,Q1,Q1,Q2,D2,,,,,,,,,,,,,,,,,,,,,,,,,,,,,,,,,,,,,,,,,,,
2366,Q1,Q2,D1,,,,,,,,,,,,,,,,,,,,,,,,,,,,,,,,,,,,,,,,,,,,,,,,,,,,,,,,,,
2367,Q1,Q1,Q1,Q2,Q2,Q3,Q3,Q5,Q1,Q1,Q1,Q2,Q3,Q5,D1,,,,,,,,,,,,,,,,,,,,,,,,,,,,,,,,,,,,,,,,,,,,,,
2368,Q1,Q2,Q3,Q3,Q5,Q6,D1,,,,,,,,,,,,,,,,,,,,,,,,,,,,,,,,,,,,,,,,,,,,,,,,,,,,,,
2369,Q1,Q2,D1,,,,,,,,,,,,,,,,,,,,,,,,,,,,,,,,,,,,,,,,,,,,,,,,,,,,,,,,,,
2370,Q1,Q2,Q4,Q4,Q6,Q2,Q2,Q5,Q3,Q4,D2,,,,,,,,,,,,,,,,,,,,,,,,,,,,,,,,,,,,,,,,,,,,,,,,,,
2371,Q1,Q2,Q2,Q3,Q2,Q1,Q1,Q2,Q2,Q3,D1,,,,,,,,,,,,,,,,,,,,,,,,,,,,,,,,,,,,,,,,,,,,,,,,,,
2372,Q1,Q2,Q3,D2,,,,,,,,,,,,,,,,,,,,,,,,,,,,,,,,,,,,,,,,,,,,,,,,,,,,,,,,,
2373,Q1,Q1,Q2,Q4,D2,,,,,,,,,,,,,,,,,,,,,,,,,,,,,,,,,,,,,,,,,,,,,,,,,,,,,,,,
2374,Q1,Q2,Q3,Q3,Q5,Q5,Q6,Q2,Q2,Q5,Q5,Q3,Q4,Q5,Q3,Q3,Q4,Q4,Q6,Q1,Q2,Q5,Q2,Q2,Q1,Q2,D1,,,,,,,,,,,,,,,,,,,,,,,,,,,,,,,,,,
2375,Q1,Q2,Q1,Q2,Q2,D2,,,,,,,,,,,,,,,,,,,,,,,,,,,,,,,,,,,,,,,,,,,,,,,,,,,,,,,
2376,Q1,Q2,Q2,D1,,,,,,,,,,,,,,,,,,,,,,,,,,,,,,,,,,,,,,,,,,,,,,,,,,,,,,,,,
2377,Q1,Q2,Q1,Q1,Q2,Q3,Q1,Q1,Q2,Q5,Q5,Q4,Q5,Q6,D1,,,,,,,,,,,,,,,,,,,,,,,,,,,,,,,,,,,,,,,,,,,,,,
2378,Q1,Q1,Q1,Q2,Q2,Q5,D1,,,,,,,,,,,,,,,,,,,,,,,,,,,,,,,,,,,,,,,,,,,,,,,,,,,,,,
2379,Q1,Q2,Q4,Q4,D2,,,,,,,,,,,,,,,,,,,,,,,,,,,,,,,,,,,,,,,,,,,,,,,,,,,,,,,,
2380,Q1,Q2,Q2,Q2,Q5,Q5,Q6,Q4,Q3,Q5,Q6,D1,,,,,,,,,,,,,,,,,,,,,,,,,,,,,,,,,,,,,,,,,,,,,,,,,
2381,Q1,Q2,Q2,Q1,Q2,Q2,Q3,Q3,Q5,Q4,Q5,Q6,D1,,,,,,,,,,,,,,,,,,,,,,,,,,,,,,,,,,,,,,,,,,,,,,,,
2382,Q1,Q2,Q2,Q1,Q2,Q3,Q5,Q5,Q5,Q4,D2,,,,,,,,,,,,,,,,,,,,,,,,,,,,,,,,,,,,,,,,,,,,,,,,,,
2383,Q1,Q2,Q1,Q2,Q5,Q6,Q6,D1,,,,,,,,,,,,,,,,,,,,,,,,,,,,,,,,,,,,,,,,,,,,,,,,,,,,,
2384,Q1,Q2,Q2,Q3,Q3,Q5,Q5,Q2,Q2,Q2,Q1,Q2,Q3,Q2,Q1,Q2,Q3,Q2,Q2,Q5,Q1,Q2,Q5,Q5,Q6,Q1,Q2,Q2,Q4,Q6,Q6,Q6,Q1,Q2,Q1,Q2,D1,,,,,,,,,,,,,,,,,,,,,,,,
2385,Q1,Q2,Q3,D1,,,,,,,,,,,,,,,,,,,,,,,,,,,,,,,,,,,,,,,,,,,,,,,,,,,,,,,,,
2386,Q1,Q2,Q3,Q3,Q5,Q6,D1,,,,,,,,,,,,,,,,,,,,,,,,,,,,,,,,,,,,,,,,,,,,,,,,,,,,,,
2387,Q1,Q2,Q2,Q2,D1,,,,,,,,,,,,,,,,,,,,,,,,,,,,,,,,,,,,,,,,,,,,,,,,,,,,,,,,
2388,Q1,Q2,Q2,Q1,Q2,Q2,Q3,Q4,Q6,Q1,Q2,Q4,Q4,Q5,Q5,Q6,Q6,D1,,,,,,,,,,,,,,,,,,,,,,,,,,,,,,,,,,,,,,,,,,,
2389,Q1,Q2,Q3,Q4,Q5,Q3,Q5,Q1,Q2,D1,,,,,,,,,,,,,,,,,,,,,,,,,,,,,,,,,,,,,,,,,,,,,,,,,,,
2390,Q1,Q2,Q2,Q5,Q6,Q1,Q2,Q3,Q5,Q4,Q4,Q5,Q5,Q6,Q1,Q2,Q1,Q2,Q3,Q2,Q2,Q2,Q2,Q2,Q2,Q2,Q5,Q5,D1,,,,,,,,,,,,,,,,,,,,,,,,,,,,,,,,
2391,Q1,Q1,Q1,Q2,Q1,Q2,Q2,Q2,Q5,Q5,Q3,Q3,Q3,Q1,Q2,Q1,Q2,Q5,Q5,Q5,Q5,Q5,Q6,Q1,Q2,Q1,Q1,Q1,Q2,D1,,,,,,,,,,,,,,,,,,,,,,,,,,,,,,,
2392,Q1,Q2,Q3,Q3,Q5,D1,,,,,,,,,,,,,,,,,,,,,,,,,,,,,,,,,,,,,,,,,,,,,,,,,,,,,,,
2393,Q1,D2,,,,,,,,,,,,,,,,,,,,,,,,,,,,,,,,,,,,,,,,,,,,,,,,,,,,,,,,,,,
2394,Q1,Q2,D1,,,,,,,,,,,,,,,,,,,,,,,,,,,,,,,,,,,,,,,,,,,,,,,,,,,,,,,,,,
2395,Q1,Q1,Q2,D2,,,,,,,,,,,,,,,,,,,,,,,,,,,,,,,,,,,,,,,,,,,,,,,,,,,,,,,,,
2396,Q1,Q2,Q1,Q1,Q2,Q5,Q6,Q1,Q2,D1,,,,,,,,,,,,,,,,,,,,,,,,,,,,,,,,,,,,,,,,,,,,,,,,,,,
2397,Q1,Q2,Q3,Q3,Q1,Q2,Q3,D1,,,,,,,,,,,,,,,,,,,,,,,,,,,,,,,,,,,,,,,,,,,,,,,,,,,,,
2398,Q1,Q2,Q3,Q5,Q4,Q6,Q2,Q5,Q2,Q4,Q4,D1,,,,,,,,,,,,,,,,,,,,,,,,,,,,,,,,,,,,,,,,,,,,,,,,,
2399,Q1,Q2,Q5,Q5,D1,,,,,,,,,,,,,,,,,,,,,,,,,,,,,,,,,,,,,,,,,,,,,,,,,,,,,,,,
2400,Q1,Q1,Q1,Q2,Q2,Q1,Q1,Q2,Q1,Q2,Q4,Q6,Q2,Q5,D1,,,,,,,,,,,,,,,,,,,,,,,,,,,,,,,,,,,,,,,,,,,,,,
2401,Q1,Q2,Q3,Q5,Q5,Q5,Q1,D2,,,,,,,,,,,,,,,,,,,,,,,,,,,,,,,,,,,,,,,,,,,,,,,,,,,,,
2402,Q1,Q2,Q5,Q6,Q4,Q4,Q6,D1,,,,,,,,,,,,,,,,,,,,,,,,,,,,,,,,,,,,,,,,,,,,,,,,,,,,,
2403,Q1,Q1,Q2,Q3,D1,,,,,,,,,,,,,,,,,,,,,,,,,,,,,,,,,,,,,,,,,,,,,,,,,,,,,,,,
2404,Q1,Q2,D1,,,,,,,,,,,,,,,,,,,,,,,,,,,,,,,,,,,,,,,,,,,,,,,,,,,,,,,,,,
2405,Q1,Q2,Q1,Q2,Q1,Q2,Q1,Q2,D1,,,,,,,,,,,,,,,,,,,,,,,,,,,,,,,,,,,,,,,,,,,,,,,,,,,,
2406,Q1,Q2,Q4,Q4,Q5,Q5,Q6,Q1,Q2,Q5,Q5,Q1,Q2,Q2,Q3,Q3,D1,,,,,,,,,,,,,,,,,,,,,,,,,,,,,,,,,,,,,,,,,,,,
2407,Q1,Q2,Q2,Q3,D2,,,,,,,,,,,,,,,,,,,,,,,,,,,,,,,,,,,,,,,,,,,,,,,,,,,,,,,,
2408,Q1,Q2,Q2,D1,,,,,,,,,,,,,,,,,,,,,,,,,,,,,,,,,,,,,,,,,,,,,,,,,,,,,,,,,
2409,Q1,Q2,Q3,Q2,Q5,Q5,Q4,Q4,Q4,Q4,Q4,Q5,Q5,Q6,Q4,Q4,D2,,,,,,,,,,,,,,,,,,,,,,,,,,,,,,,,,,,,,,,,,,,,
2410,Q1,Q2,D1,,,,,,,,,,,,,,,,,,,,,,,,,,,,,,,,,,,,,,,,,,,,,,,,,,,,,,,,,,
2411,Q1,Q2,Q2,Q2,Q2,Q1,Q2,Q3,Q4,Q5,Q1,Q2,Q2,D1,,,,,,,,,,,,,,,,,,,,,,,,,,,,,,,,,,,,,,,,,,,,,,,
2412,Q1,Q2,Q3,Q3,Q5,Q5,Q6,Q1,Q2,D1,,,,,,,,,,,,,,,,,,,,,,,,,,,,,,,,,,,,,,,,,,,,,,,,,,,
2413,Q1,Q2,D2,,,,,,,,,,,,,,,,,,,,,,,,,,,,,,,,,,,,,,,,,,,,,,,,,,,,,,,,,,
2414,Q1,Q2,D1,,,,,,,,,,,,,,,,,,,,,,,,,,,,,,,,,,,,,,,,,,,,,,,,,,,,,,,,,,
2415,Q1,Q2,Q2,Q1,Q2,Q3,Q2,D1,,,,,,,,,,,,,,,,,,,,,,,,,,,,,,,,,,,,,,,,,,,,,,,,,,,,,
2416,Q1,Q2,Q2,Q2,Q3,Q5,Q6,Q1,Q2,D1,,,,,,,,,,,,,,,,,,,,,,,,,,,,,,,,,,,,,,,,,,,,,,,,,,,
2417,Q1,Q2,Q2,Q5,Q5,Q6,Q6,Q1,D2,,,,,,,,,,,,,,,,,,,,,,,,,,,,,,,,,,,,,,,,,,,,,,,,,,,,
2418,Q1,Q1,Q1,Q2,Q3,D1,,,,,,,,,,,,,,,,,,,,,,,,,,,,,,,,,,,,,,,,,,,,,,,,,,,,,,,
2419,Q1,Q1,Q2,Q2,Q2,D2,,,,,,,,,,,,,,,,,,,,,,,,,,,,,,,,,,,,,,,,,,,,,,,,,,,,,,,
2420,Q1,Q1,Q2,Q5,Q1,D2,,,,,,,,,,,,,,,,,,,,,,,,,,,,,,,,,,,,,,,,,,,,,,,,,,,,,,,
2421,Q1,Q2,Q3,Q5,Q1,Q2,Q5,Q6,Q1,Q2,Q2,D2,,,,,,,,,,,,,,,,,,,,,,,,,,,,,,,,,,,,,,,,,,,,,,,,,
2422,Q1,Q2,Q1,Q2,Q3,Q5,Q6,Q1,Q2,Q3,Q4,D2,,,,,,,,,,,,,,,,,,,,,,,,,,,,,,,,,,,,,,,,,,,,,,,,,
2423,Q1,Q2,D1,,,,,,,,,,,,,,,,,,,,,,,,,,,,,,,,,,,,,,,,,,,,,,,,,,,,,,,,,,
2424,Q1,Q2,Q2,Q3,Q3,D2,,,,,,,,,,,,,,,,,,,,,,,,,,,,,,,,,,,,,,,,,,,,,,,,,,,,,,,
2425,Q1,Q2,Q1,Q2,Q5,Q6,Q6,D1,,,,,,,,,,,,,,,,,,,,,,,,,,,,,,,,,,,,,,,,,,,,,,,,,,,,,
2426,Q1,Q1,Q2,Q5,Q1,Q2,Q3,Q3,Q3,Q5,Q6,D1,,,,,,,,,,,,,,,,,,,,,,,,,,,,,,,,,,,,,,,,,,,,,,,,,
2427,Q1,Q2,Q2,Q5,Q2,Q3,Q3,Q5,Q4,Q4,Q5,Q6,D1,,,,,,,,,,,,,,,,,,,,,,,,,,,,,,,,,,,,,,,,,,,,,,,,
2428,Q1,Q2,Q3,Q5,Q1,Q2,Q5,Q5,Q5,Q5,Q6,Q1,Q2,Q2,Q4,Q4,Q4,Q5,Q5,Q6,Q6,Q1,Q2,Q2,Q3,Q5,Q5,Q6,D1,,,,,,,,,,,,,,,,,,,,,,,,,,,,,,,,
2429,Q1,Q1,Q1,Q2,Q2,Q5,Q6,D1,,,,,,,,,,,,,,,,,,,,,,,,,,,,,,,,,,,,,,,,,,,,,,,,,,,,,
2430,Q1,Q2,Q3,Q3,Q2,Q5,Q6,D1,,,,,,,,,,,,,,,,,,,,,,,,,,,,,,,,,,,,,,,,,,,,,,,,,,,,,
2431,Q1,Q2,Q2,Q5,Q1,Q2,Q3,Q5,Q6,D1,,,,,,,,,,,,,,,,,,,,,,,,,,,,,,,,,,,,,,,,,,,,,,,,,,,
2432,Q1,Q2,Q3,Q2,Q3,Q5,Q6,D1,,,,,,,,,,,,,,,,,,,,,,,,,,,,,,,,,,,,,,,,,,,,,,,,,,,,,
2433,Q1,Q2,Q3,D2,,,,,,,,,,,,,,,,,,,,,,,,,,,,,,,,,,,,,,,,,,,,,,,,,,,,,,,,,
2434,Q1,Q2,Q2,Q2,Q1,Q2,Q2,Q3,Q5,Q6,Q1,Q1,Q2,Q3,Q3,Q3,D2,,,,,,,,,,,,,,,,,,,,,,,,,,,,,,,,,,,,,,,,,,,,
2435,Q1,Q2,D1,,,,,,,,,,,,,,,,,,,,,,,,,,,,,,,,,,,,,,,,,,,,,,,,,,,,,,,,,,
2436,Q1,Q2,Q2,Q5,Q6,Q1,Q2,Q4,Q4,Q5,Q5,Q6,Q1,Q1,Q2,Q2,Q3,Q5,Q5,Q5,Q3,D2,,,,,,,,,,,,,,,,,,,,,,,,,,,,,,,,,,,,,,,
2437,Q1,Q2,Q2,Q3,Q5,Q5,Q6,Q6,Q6,Q1,Q2,Q2,Q1,Q2,Q2,Q1,D2,,,,,,,,,,,,,,,,,,,,,,,,,,,,,,,,,,,,,,,,,,,,
2438,Q1,Q2,Q5,Q5,Q6,Q4,Q3,Q5,Q5,Q5,D1,,,,,,,,,,,,,,,,,,,,,,,,,,,,,,,,,,,,,,,,,,,,,,,,,,
2439,Q1,Q2,Q2,Q3,Q3,Q3,Q4,D2,,,,,,,,,,,,,,,,,,,,,,,,,,,,,,,,,,,,,,,,,,,,,,,,,,,,,
2440,Q1,Q2,Q3,Q5,Q2,Q5,Q6,Q4,Q4,Q4,Q4,D2,,,,,,,,,,,,,,,,,,,,,,,,,,,,,,,,,,,,,,,,,,,,,,,,,
2441,Q1,Q2,Q3,Q5,Q5,Q6,Q1,Q2,Q1,Q2,Q2,Q3,Q3,Q5,Q1,Q2,Q2,Q3,Q3,Q5,Q5,Q6,Q1,Q2,Q2,Q5,Q2,Q2,Q2,Q2,Q2,Q2,Q2,D1,,,,,,,,,,,,,,,,,,,,,,,,,,,
2442,Q1,Q2,D1,,,,,,,,,,,,,,,,,,,,,,,,,,,,,,,,,,,,,,,,,,,,,,,,,,,,,,,,,,
2443,Q1,D2,,,,,,,,,,,,,,,,,,,,,,,,,,,,,,,,,,,,,,,,,,,,,,,,,,,,,,,,,,,
2444,Q1,Q2,Q4,Q4,Q5,Q5,Q6,D1,,,,,,,,,,,,,,,,,,,,,,,,,,,,,,,,,,,,,,,,,,,,,,,,,,,,,
2445,Q1,Q1,Q2,Q2,Q1,Q2,Q2,Q5,Q6,Q1,Q1,Q2,Q3,D2,,,,,,,,,,,,,,,,,,,,,,,,,,,,,,,,,,,,,,,,,,,,,,,
2446,Q1,Q1,Q1,Q2,D1,,,,,,,,,,,,,,,,,,,,,,,,,,,,,,,,,,,,,,,,,,,,,,,,,,,,,,,,
2447,Q1,Q2,Q2,Q2,Q2,Q2,D1,,,,,,,,,,,,,,,,,,,,,,,,,,,,,,,,,,,,,,,,,,,,,,,,,,,,,,
2448,Q1,Q2,Q5,Q6,D1,,,,,,,,,,,,,,,,,,,,,,,,,,,,,,,,,,,,,,,,,,,,,,,,,,,,,,,,
2449,Q1,Q2,Q2,Q2,Q2,Q4,D1,,,,,,,,,,,,,,,,,,,,,,,,,,,,,,,,,,,,,,,,,,,,,,,,,,,,,,
2450,Q1,Q2,Q3,Q2,Q1,Q2,Q2,Q3,Q5,Q6,D1,,,,,,,,,,,,,,,,,,,,,,,,,,,,,,,,,,,,,,,,,,,,,,,,,,
2451,Q1,Q2,Q3,D1,,,,,,,,,,,,,,,,,,,,,,,,,,,,,,,,,,,,,,,,,,,,,,,,,,,,,,,,,
2452,Q1,Q2,Q2,Q1,Q2,D1,,,,,,,,,,,,,,,,,,,,,,,,,,,,,,,,,,,,,,,,,,,,,,,,,,,,,,,
2453,Q1,Q2,Q1,Q2,Q2,Q5,D1,,,,,,,,,,,,,,,,,,,,,,,,,,,,,,,,,,,,,,,,,,,,,,,,,,,,,,
2454,Q1,Q1,Q2,Q5,Q5,Q5,Q6,D1,,,,,,,,,,,,,,,,,,,,,,,,,,,,,,,,,,,,,,,,,,,,,,,,,,,,,
2455,Q1,Q2,Q1,Q1,Q2,Q5,Q6,D1,,,,,,,,,,,,,,,,,,,,,,,,,,,,,,,,,,,,,,,,,,,,,,,,,,,,,
2456,Q1,Q2,Q2,Q5,Q6,D1,,,,,,,,,,,,,,,,,,,,,,,,,,,,,,,,,,,,,,,,,,,,,,,,,,,,,,,
2457,Q1,Q2,Q1,Q2,Q1,Q2,Q2,Q4,D2,,,,,,,,,,,,,,,,,,,,,,,,,,,,,,,,,,,,,,,,,,,,,,,,,,,,
2458,Q1,Q2,D1,,,,,,,,,,,,,,,,,,,,,,,,,,,,,,,,,,,,,,,,,,,,,,,,,,,,,,,,,,
2459,Q1,Q2,Q1,Q2,Q2,Q1,Q2,Q5,Q2,Q2,D1,,,,,,,,,,,,,,,,,,,,,,,,,,,,,,,,,,,,,,,,,,,,,,,,,,
2460,Q1,Q2,Q5,Q6,D1,,,,,,,,,,,,,,,,,,,,,,,,,,,,,,,,,,,,,,,,,,,,,,,,,,,,,,,,
2461,Q1,Q2,Q2,D1,,,,,,,,,,,,,,,,,,,,,,,,,,,,,,,,,,,,,,,,,,,,,,,,,,,,,,,,,
2462,Q1,Q2,Q3,D1,,,,,,,,,,,,,,,,,,,,,,,,,,,,,,,,,,,,,,,,,,,,,,,,,,,,,,,,,
2463,Q1,Q1,Q2,Q2,D1,,,,,,,,,,,,,,,,,,,,,,,,,,,,,,,,,,,,,,,,,,,,,,,,,,,,,,,,
2464,Q1,Q2,Q5,Q6,Q1,Q2,Q5,Q5,Q3,Q4,Q4,Q5,Q5,Q4,Q4,Q4,Q6,Q6,Q1,Q2,D1,,,,,,,,,,,,,,,,,,,,,,,,,,,,,,,,,,,,,,,,
2465,Q1,Q2,D1,,,,,,,,,,,,,,,,,,,,,,,,,,,,,,,,,,,,,,,,,,,,,,,,,,,,,,,,,,
2466,Q1,Q1,Q2,Q5,Q5,Q2,Q3,Q3,Q2,Q5,Q6,Q1,Q1,D2,,,,,,,,,,,,,,,,,,,,,,,,,,,,,,,,,,,,,,,,,,,,,,,
2467,Q1,D2,,,,,,,,,,,,,,,,,,,,,,,,,,,,,,,,,,,,,,,,,,,,,,,,,,,,,,,,,,,
2468,Q1,Q1,Q2,Q3,Q3,Q3,Q3,Q5,Q1,Q2,Q1,D2,,,,,,,,,,,,,,,,,,,,,,,,,,,,,,,,,,,,,,,,,,,,,,,,,
2469,Q1,Q2,Q2,Q2,Q1,Q2,Q2,Q3,Q3,D1,,,,,,,,,,,,,,,,,,,,,,,,,,,,,,,,,,,,,,,,,,,,,,,,,,,
2470,Q1,Q2,Q3,Q5,D1,,,,,,,,,,,,,,,,,,,,,,,,,,,,,,,,,,,,,,,,,,,,,,,,,,,,,,,,
2471,Q1,Q2,Q2,Q4,Q5,Q6,Q6,Q1,Q2,Q2,Q1,Q2,D1,,,,,,,,,,,,,,,,,,,,,,,,,,,,,,,,,,,,,,,,,,,,,,,,
2472,Q1,Q1,Q2,Q2,Q3,Q3,Q5,D1,,,,,,,,,,,,,,,,,,,,,,,,,,,,,,,,,,,,,,,,,,,,,,,,,,,,,
2473,Q1,Q2,Q1,Q2,Q1,Q1,Q2,Q1,Q2,Q3,Q2,D1,,,,,,,,,,,,,,,,,,,,,,,,,,,,,,,,,,,,,,,,,,,,,,,,,
2474,Q1,Q2,Q2,D2,,,,,,,,,,,,,,,,,,,,,,,,,,,,,,,,,,,,,,,,,,,,,,,,,,,,,,,,,
2475,Q1,Q1,Q1,Q1,Q2,Q1,Q2,Q3,D1,,,,,,,,,,,,,,,,,,,,,,,,,,,,,,,,,,,,,,,,,,,,,,,,,,,,
2476,Q1,Q2,Q5,Q2,Q2,Q5,Q1,Q2,Q5,Q6,Q6,Q6,Q1,Q1,Q2,Q2,Q1,Q2,Q5,Q5,Q6,D1,,,,,,,,,,,,,,,,,,,,,,,,,,,,,,,,,,,,,,,
2477,Q1,Q2,Q1,Q2,D1,,,,,,,,,,,,,,,,,,,,,,,,,,,,,,,,,,,,,,,,,,,,,,,,,,,,,,,,
2478,Q1,Q1,Q1,Q2,Q5,Q6,D1,,,,,,,,,,,,,,,,,,,,,,,,,,,,,,,,,,,,,,,,,,,,,,,,,,,,,,
2479,Q1,Q1,Q1,D2,,,,,,,,,,,,,,,,,,,,,,,,,,,,,,,,,,,,,,,,,,,,,,,,,,,,,,,,,
2480,Q1,Q2,Q1,Q1,Q2,Q3,Q3,Q4,Q6,Q6,Q6,Q2,Q3,Q5,D1,,,,,,,,,,,,,,,,,,,,,,,,,,,,,,,,,,,,,,,,,,,,,,
2481,Q1,Q1,Q1,Q2,Q5,Q6,D1,,,,,,,,,,,,,,,,,,,,,,,,,,,,,,,,,,,,,,,,,,,,,,,,,,,,,,
2482,Q1,Q2,Q3,Q3,Q3,Q3,Q3,Q2,Q3,Q2,Q1,Q1,Q2,Q5,Q6,Q6,Q1,Q2,Q3,Q5,Q2,Q2,Q2,Q5,Q5,Q2,Q5,Q5,Q2,D2,,,,,,,,,,,,,,,,,,,,,,,,,,,,,,,
2483,Q1,Q2,D2,,,,,,,,,,,,,,,,,,,,,,,,,,,,,,,,,,,,,,,,,,,,,,,,,,,,,,,,,,
2484,Q1,Q2,Q5,D1,,,,,,,,,,,,,,,,,,,,,,,,,,,,,,,,,,,,,,,,,,,,,,,,,,,,,,,,,
2485,Q1,Q2,Q1,Q1,Q2,Q5,Q3,Q3,Q5,Q6,D1,,,,,,,,,,,,,,,,,,,,,,,,,,,,,,,,,,,,,,,,,,,,,,,,,,
2486,Q1,D2,,,,,,,,,,,,,,,,,,,,,,,,,,,,,,,,,,,,,,,,,,,,,,,,,,,,,,,,,,,
2487,Q1,Q1,Q1,Q1,Q1,D2,,,,,,,,,,,,,,,,,,,,,,,,,,,,,,,,,,,,,,,,,,,,,,,,,,,,,,,
2488,Q1,Q2,Q3,Q5,Q6,Q1,Q2,Q2,Q4,D1,,,,,,,,,,,,,,,,,,,,,,,,,,,,,,,,,,,,,,,,,,,,,,,,,,,
2489,Q1,Q2,Q5,Q5,Q6,D1,,,,,,,,,,,,,,,,,,,,,,,,,,,,,,,,,,,,,,,,,,,,,,,,,,,,,,,
2490,Q1,Q2,Q1,Q2,Q3,Q2,Q3,Q2,Q1,Q2,Q3,Q5,Q6,D1,,,,,,,,,,,,,,,,,,,,,,,,,,,,,,,,,,,,,,,,,,,,,,,
2491,Q1,Q2,Q2,Q3,Q4,Q5,Q4,Q4,Q5,Q6,Q4,Q5,Q2,D1,,,,,,,,,,,,,,,,,,,,,,,,,,,,,,,,,,,,,,,,,,,,,,,
2492,Q1,Q1,Q2,Q1,Q2,Q2,Q2,Q4,Q6,Q1,Q1,Q2,Q2,Q2,Q2,Q3,Q5,Q6,Q6,Q1,Q2,Q3,Q2,Q5,Q5,Q6,Q2,D1,,,,,,,,,,,,,,,,,,,,,,,,,,,,,,,,,
2493,Q1,D2,,,,,,,,,,,,,,,,,,,,,,,,,,,,,,,,,,,,,,,,,,,,,,,,,,,,,,,,,,,
2494,Q1,Q2,Q5,Q5,Q6,D1,,,,,,,,,,,,,,,,,,,,,,,,,,,,,,,,,,,,,,,,,,,,,,,,,,,,,,,
2495,Q1,Q2,Q5,Q6,Q6,D1,,,,,,,,,,,,,,,,,,,,,,,,,,,,,,,,,,,,,,,,,,,,,,,,,,,,,,,
2496,Q1,D2,,,,,,,,,,,,,,,,,,,,,,,,,,,,,,,,,,,,,,,,,,,,,,,,,,,,,,,,,,,
2497,Q1,Q1,Q2,Q1,Q2,Q3,Q1,Q2,Q1,Q1,Q1,Q2,Q1,Q2,Q2,Q2,Q1,Q2,Q2,Q2,Q3,Q2,Q3,Q4,Q4,Q3,D1,,,,,,,,,,,,,,,,,,,,,,,,,,,,,,,,,,
2498,Q1,Q2,Q5,Q3,Q3,Q4,Q5,Q4,Q5,Q6,Q6,D1,,,,,,,,,,,,,,,,,,,,,,,,,,,,,,,,,,,,,,,,,,,,,,,,,
2499,Q1,Q2,Q1,Q2,Q3,Q5,Q5,Q6,Q1,Q2,Q2,Q2,Q5,Q6,Q6,Q1,Q1,Q1,Q2,Q2,Q2,Q2,Q2,Q2,Q2,Q3,D1,,,,,,,,,,,,,,,,,,,,,,,,,,,,,,,,,,
2500,Q1,Q2,Q5,Q3,D2,,,,,,,,,,,,,,,,,,,,,,,,,,,,,,,,,,,,,,,,,,,,,,,,,,,,,,,,
2501,Q1,Q2,Q2,Q3,Q5,Q5,Q5,Q6,Q6,Q6,D1,,,,,,,,,,,,,,,,,,,,,,,,,,,,,,,,,,,,,,,,,,,,,,,,,,
2502,Q1,Q2,Q4,Q6,Q6,Q1,Q2,Q3,D1,,,,,,,,,,,,,,,,,,,,,,,,,,,,,,,,,,,,,,,,,,,,,,,,,,,,
2503,Q1,Q2,Q3,Q5,Q6,D1,,,,,,,,,,,,,,,,,,,,,,,,,,,,,,,,,,,,,,,,,,,,,,,,,,,,,,,
2504,Q1,Q2,Q2,Q4,Q4,Q6,Q2,D2,,,,,,,,,,,,,,,,,,,,,,,,,,,,,,,,,,,,,,,,,,,,,,,,,,,,,
2505,Q1,Q2,D1,,,,,,,,,,,,,,,,,,,,,,,,,,,,,,,,,,,,,,,,,,,,,,,,,,,,,,,,,,
2506,Q1,Q2,Q4,Q6,Q6,D1,,,,,,,,,,,,,,,,,,,,,,,,,,,,,,,,,,,,,,,,,,,,,,,,,,,,,,,
2507,Q1,Q2,D1,,,,,,,,,,,,,,,,,,,,,,,,,,,,,,,,,,,,,,,,,,,,,,,,,,,,,,,,,,
2508,Q1,Q2,Q2,Q2,Q1,Q2,Q1,Q1,D2,,,,,,,,,,,,,,,,,,,,,,,,,,,,,,,,,,,,,,,,,,,,,,,,,,,,
2509,Q1,Q2,D1,,,,,,,,,,,,,,,,,,,,,,,,,,,,,,,,,,,,,,,,,,,,,,,,,,,,,,,,,,
2510,Q1,Q2,Q2,D1,,,,,,,,,,,,,,,,,,,,,,,,,,,,,,,,,,,,,,,,,,,,,,,,,,,,,,,,,
2511,Q1,Q2,Q2,Q2,Q2,Q3,Q3,Q2,D1,,,,,,,,,,,,,,,,,,,,,,,,,,,,,,,,,,,,,,,,,,,,,,,,,,,,
2512,Q1,Q2,D1,,,,,,,,,,,,,,,,,,,,,,,,,,,,,,,,,,,,,,,,,,,,,,,,,,,,,,,,,,
2513,Q1,Q2,Q5,Q5,Q5,Q6,D1,,,,,,,,,,,,,,,,,,,,,,,,,,,,,,,,,,,,,,,,,,,,,,,,,,,,,,
2514,Q1,Q2,Q1,Q2,Q5,Q5,Q5,Q4,Q4,Q6,Q4,Q5,Q5,Q2,Q2,Q2,Q3,Q4,D2,,,,,,,,,,,,,,,,,,,,,,,,,,,,,,,,,,,,,,,,,,
2515,Q1,Q2,Q2,Q2,Q3,Q4,Q3,Q5,Q5,Q2,Q3,D1,,,,,,,,,,,,,,,,,,,,,,,,,,,,,,,,,,,,,,,,,,,,,,,,,
2516,Q1,Q2,D1,,,,,,,,,,,,,,,,,,,,,,,,,,,,,,,,,,,,,,,,,,,,,,,,,,,,,,,,,,
2517,Q1,Q1,Q2,Q3,Q5,Q6,Q1,Q2,Q1,Q2,Q3,Q5,Q5,Q1,Q2,Q3,Q3,Q3,Q5,Q4,Q5,Q1,Q2,Q2,Q1,Q2,Q2,Q5,Q5,Q5,Q5,D1,,,,,,,,,,,,,,,,,,,,,,,,,,,,,
2518,Q1,Q2,Q3,Q5,Q2,Q2,Q1,Q2,Q2,Q1,Q2,Q3,Q5,Q2,Q3,Q3,D2,,,,,,,,,,,,,,,,,,,,,,,,,,,,,,,,,,,,,,,,,,,,
2519,Q1,Q2,Q2,Q5,Q5,Q4,D2,,,,,,,,,,,,,,,,,,,,,,,,,,,,,,,,,,,,,,,,,,,,,,,,,,,,,,
2520,Q1,Q2,Q3,Q5,Q6,Q1,Q2,Q2,Q2,Q2,Q5,Q6,D1,,,,,,,,,,,,,,,,,,,,,,,,,,,,,,,,,,,,,,,,,,,,,,,,
2521,Q1,Q1,Q2,Q2,Q3,Q1,Q2,Q5,Q1,Q2,Q4,Q4,Q3,Q4,Q5,Q6,Q1,Q2,Q5,Q5,Q6,D1,,,,,,,,,,,,,,,,,,,,,,,,,,,,,,,,,,,,,,,
2522,Q1,Q2,Q3,Q2,Q3,Q4,Q4,D1,,,,,,,,,,,,,,,,,,,,,,,,,,,,,,,,,,,,,,,,,,,,,,,,,,,,,
2523,Q1,Q1,Q2,Q1,Q2,Q4,Q4,Q4,Q4,Q5,Q5,Q6,Q1,Q2,Q2,D1,,,,,,,,,,,,,,,,,,,,,,,,,,,,,,,,,,,,,,,,,,,,,
2524,Q1,Q1,Q2,Q1,Q2,D1,,,,,,,,,,,,,,,,,,,,,,,,,,,,,,,,,,,,,,,,,,,,,,,,,,,,,,,
2525,Q1,Q2,Q5,Q5,Q5,Q5,Q6,Q1,Q2,Q2,Q1,Q1,D2,,,,,,,,,,,,,,,,,,,,,,,,,,,,,,,,,,,,,,,,,,,,,,,,
2526,Q1,Q2,Q2,Q3,Q3,Q3,Q4,Q6,Q6,Q6,Q6,D1,,,,,,,,,,,,,,,,,,,,,,,,,,,,,,,,,,,,,,,,,,,,,,,,,
2527,Q1,Q1,Q1,Q2,Q2,Q4,Q6,Q6,Q6,Q1,Q2,D2,,,,,,,,,,,,,,,,,,,,,,,,,,,,,,,,,,,,,,,,,,,,,,,,,
2528,Q1,Q1,Q2,Q2,Q2,Q3,Q5,D1,,,,,,,,,,,,,,,,,,,,,,,,,,,,,,,,,,,,,,,,,,,,,,,,,,,,,
2529,Q1,Q1,Q2,Q5,Q6,Q6,Q6,Q6,D1,,,,,,,,,,,,,,,,,,,,,,,,,,,,,,,,,,,,,,,,,,,,,,,,,,,,
2530,Q1,Q2,Q1,Q2,D2,,,,,,,,,,,,,,,,,,,,,,,,,,,,,,,,,,,,,,,,,,,,,,,,,,,,,,,,
2531,Q1,Q1,Q2,Q2,Q3,Q3,Q3,Q4,Q4,D2,,,,,,,,,,,,,,,,,,,,,,,,,,,,,,,,,,,,,,,,,,,,,,,,,,,
2532,Q1,D2,,,,,,,,,,,,,,,,,,,,,,,,,,,,,,,,,,,,,,,,,,,,,,,,,,,,,,,,,,,
2533,Q1,Q1,Q2,Q2,Q2,Q3,D1,,,,,,,,,,,,,,,,,,,,,,,,,,,,,,,,,,,,,,,,,,,,,,,,,,,,,,
2534,Q1,Q1,Q2,Q2,Q4,Q3,Q5,Q4,Q4,Q5,Q6,Q6,D1,,,,,,,,,,,,,,,,,,,,,,,,,,,,,,,,,,,,,,,,,,,,,,,,
2535,Q1,Q1,Q2,Q4,Q5,Q6,D1,,,,,,,,,,,,,,,,,,,,,,,,,,,,,,,,,,,,,,,,,,,,,,,,,,,,,,
2536,Q1,Q2,Q5,Q6,Q6,Q1,Q2,D1,,,,,,,,,,,,,,,,,,,,,,,,,,,,,,,,,,,,,,,,,,,,,,,,,,,,,
2537,Q1,Q2,Q5,Q5,Q1,Q2,Q3,Q2,D1,,,,,,,,,,,,,,,,,,,,,,,,,,,,,,,,,,,,,,,,,,,,,,,,,,,,
2538,Q1,Q1,Q2,Q3,D2,,,,,,,,,,,,,,,,,,,,,,,,,,,,,,,,,,,,,,,,,,,,,,,,,,,,,,,,
2539,Q1,Q2,Q1,Q2,Q4,Q3,D1,,,,,,,,,,,,,,,,,,,,,,,,,,,,,,,,,,,,,,,,,,,,,,,,,,,,,,
2540,Q1,Q2,Q3,Q5,Q6,D1,,,,,,,,,,,,,,,,,,,,,,,,,,,,,,,,,,,,,,,,,,,,,,,,,,,,,,,
2541,Q1,Q2,D1,,,,,,,,,,,,,,,,,,,,,,,,,,,,,,,,,,,,,,,,,,,,,,,,,,,,,,,,,,
2542,Q1,D2,,,,,,,,,,,,,,,,,,,,,,,,,,,,,,,,,,,,,,,,,,,,,,,,,,,,,,,,,,,
2543,Q1,Q2,Q2,Q3,D1,,,,,,,,,,,,,,,,,,,,,,,,,,,,,,,,,,,,,,,,,,,,,,,,,,,,,,,,
2544,Q1,Q2,D1,,,,,,,,,,,,,,,,,,,,,,,,,,,,,,,,,,,,,,,,,,,,,,,,,,,,,,,,,,
2545,Q1,Q1,Q2,Q2,Q2,Q2,Q2,Q4,Q6,Q1,Q2,Q4,D2,,,,,,,,,,,,,,,,,,,,,,,,,,,,,,,,,,,,,,,,,,,,,,,,
2546,Q1,Q2,Q5,Q5,Q1,Q2,Q1,Q2,Q5,Q6,D1,,,,,,,,,,,,,,,,,,,,,,,,,,,,,,,,,,,,,,,,,,,,,,,,,,
2547,Q1,Q2,Q1,Q1,Q2,Q2,Q2,Q5,Q6,Q6,D1,,,,,,,,,,,,,,,,,,,,,,,,,,,,,,,,,,,,,,,,,,,,,,,,,,
2548,Q1,D2,,,,,,,,,,,,,,,,,,,,,,,,,,,,,,,,,,,,,,,,,,,,,,,,,,,,,,,,,,,
2549,Q1,Q2,Q5,Q6,Q1,Q2,Q1,Q1,Q2,Q2,Q2,Q4,Q4,Q4,Q5,Q6,Q6,Q1,Q2,Q1,Q1,Q2,Q2,Q2,Q3,Q5,Q6,Q6,Q4,Q4,Q6,D1,,,,,,,,,,,,,,,,,,,,,,,,,,,,,
2550,Q1,Q2,Q2,Q5,Q2,D1,,,,,,,,,,,,,,,,,,,,,,,,,,,,,,,,,,,,,,,,,,,,,,,,,,,,,,,
2551,Q1,Q1,Q2,Q1,Q2,Q5,Q6,Q1,Q2,Q3,Q5,Q1,Q2,D1,,,,,,,,,,,,,,,,,,,,,,,,,,,,,,,,,,,,,,,,,,,,,,,
2552,Q1,Q2,Q2,Q2,Q5,D1,,,,,,,,,,,,,,,,,,,,,,,,,,,,,,,,,,,,,,,,,,,,,,,,,,,,,,,
2553,Q1,Q2,Q2,Q3,Q5,Q6,Q6,D1,,,,,,,,,,,,,,,,,,,,,,,,,,,,,,,,,,,,,,,,,,,,,,,,,,,,,
2554,Q1,Q2,Q5,Q5,Q1,Q2,Q3,Q3,D1,,,,,,,,,,,,,,,,,,,,,,,,,,,,,,,,,,,,,,,,,,,,,,,,,,,,
2555,Q1,Q2,Q1,D2,,,,,,,,,,,,,,,,,,,,,,,,,,,,,,,,,,,,,,,,,,,,,,,,,,,,,,,,,
2556,Q1,Q2,D1,,,,,,,,,,,,,,,,,,,,,,,,,,,,,,,,,,,,,,,,,,,,,,,,,,,,,,,,,,
2557,Q1,Q2,Q5,Q3,Q3,Q5,Q2,Q2,Q2,Q3,Q2,Q1,Q2,Q2,Q5,Q5,Q4,Q5,Q6,Q6,Q4,Q6,Q1,Q2,Q1,Q2,D2,,,,,,,,,,,,,,,,,,,,,,,,,,,,,,,,,,
2558,Q1,Q2,Q3,Q5,Q5,Q6,Q1,Q2,Q3,Q5,Q5,Q6,Q1,Q2,Q3,Q4,D1,,,,,,,,,,,,,,,,,,,,,,,,,,,,,,,,,,,,,,,,,,,,
2559,Q1,Q2,Q3,Q3,Q3,D1,,,,,,,,,,,,,,,,,,,,,,,,,,,,,,,,,,,,,,,,,,,,,,,,,,,,,,,
2560,Q1,Q2,Q3,Q5,Q6,Q1,Q1,Q2,Q5,Q6,D1,,,,,,,,,,,,,,,,,,,,,,,,,,,,,,,,,,,,,,,,,,,,,,,,,,
2561,Q1,Q2,Q2,Q1,Q2,Q2,Q2,D1,,,,,,,,,,,,,,,,,,,,,,,,,,,,,,,,,,,,,,,,,,,,,,,,,,,,,
2562,Q1,D2,,,,,,,,,,,,,,,,,,,,,,,,,,,,,,,,,,,,,,,,,,,,,,,,,,,,,,,,,,,
2563,Q1,Q2,Q2,Q1,Q2,Q2,D1,,,,,,,,,,,,,,,,,,,,,,,,,,,,,,,,,,,,,,,,,,,,,,,,,,,,,,
2564,Q1,Q2,Q3,Q3,Q2,Q3,D1,,,,,,,,,,,,,,,,,,,,,,,,,,,,,,,,,,,,,,,,,,,,,,,,,,,,,,
2565,Q1,Q1,Q2,Q5,Q6,Q1,Q2,Q2,Q1,Q2,Q1,Q2,D1,,,,,,,,,,,,,,,,,,,,,,,,,,,,,,,,,,,,,,,,,,,,,,,,
2566,Q1,Q2,Q2,Q2,Q5,Q1,Q2,Q2,Q2,Q3,Q1,D2,,,,,,,,,,,,,,,,,,,,,,,,,,,,,,,,,,,,,,,,,,,,,,,,,
2567,Q1,Q1,Q2,D1,,,,,,,,,,,,,,,,,,,,,,,,,,,,,,,,,,,,,,,,,,,,,,,,,,,,,,,,,
2568,Q1,Q2,Q1,D2,,,,,,,,,,,,,,,,,,,,,,,,,,,,,,,,,,,,,,,,,,,,,,,,,,,,,,,,,
2569,Q1,Q1,Q2,Q2,Q5,Q5,Q6,Q1,Q2,Q2,Q2,Q3,Q3,Q5,Q6,D1,,,,,,,,,,,,,,,,,,,,,,,,,,,,,,,,,,,,,,,,,,,,,
2570,Q1,Q2,D1,,,,,,,,,,,,,,,,,,,,,,,,,,,,,,,,,,,,,,,,,,,,,,,,,,,,,,,,,,
2571,Q1,Q2,Q4,D2,,,,,,,,,,,,,,,,,,,,,,,,,,,,,,,,,,,,,,,,,,,,,,,,,,,,,,,,,
2572,Q1,Q2,Q3,D1,,,,,,,,,,,,,,,,,,,,,,,,,,,,,,,,,,,,,,,,,,,,,,,,,,,,,,,,,
2573,Q1,Q1,Q2,Q1,Q2,Q1,Q2,Q2,Q2,Q5,Q5,Q5,Q5,Q5,Q3,Q5,Q5,Q5,Q6,Q1,D2,,,,,,,,,,,,,,,,,,,,,,,,,,,,,,,,,,,,,,,,
2574,Q1,Q2,Q1,Q2,Q1,Q2,Q2,Q2,Q5,Q6,Q6,D1,,,,,,,,,,,,,,,,,,,,,,,,,,,,,,,,,,,,,,,,,,,,,,,,,
2575,Q1,Q2,Q3,Q4,Q4,D2,,,,,,,,,,,,,,,,,,,,,,,,,,,,,,,,,,,,,,,,,,,,,,,,,,,,,,,
2576,Q1,Q2,Q3,Q4,Q3,Q1,Q2,Q3,D1,,,,,,,,,,,,,,,,,,,,,,,,,,,,,,,,,,,,,,,,,,,,,,,,,,,,
2577,Q1,Q2,D1,,,,,,,,,,,,,,,,,,,,,,,,,,,,,,,,,,,,,,,,,,,,,,,,,,,,,,,,,,
2578,Q1,D2,,,,,,,,,,,,,,,,,,,,,,,,,,,,,,,,,,,,,,,,,,,,,,,,,,,,,,,,,,,
2579,Q1,Q2,Q4,Q6,Q6,Q2,Q3,Q3,Q5,Q4,Q6,Q1,Q1,Q2,Q2,Q1,Q2,Q2,D2,,,,,,,,,,,,,,,,,,,,,,,,,,,,,,,,,,,,,,,,,,
2580,Q1,Q2,Q1,Q2,Q3,Q4,Q4,Q5,Q2,D1,,,,,,,,,,,,,,,,,,,,,,,,,,,,,,,,,,,,,,,,,,,,,,,,,,,
2581,Q1,Q2,D1,,,,,,,,,,,,,,,,,,,,,,,,,,,,,,,,,,,,,,,,,,,,,,,,,,,,,,,,,,
2582,Q1,Q1,Q2,Q1,Q2,Q5,Q6,Q6,Q1,Q2,Q2,Q5,Q6,Q1,Q2,Q5,Q6,Q1,Q2,Q2,Q3,Q2,Q5,Q6,Q6,D1,,,,,,,,,,,,,,,,,,,,,,,,,,,,,,,,,,,
2583,Q1,Q2,D1,,,,,,,,,,,,,,,,,,,,,,,,,,,,,,,,,,,,,,,,,,,,,,,,,,,,,,,,,,
2584,Q1,D2,,,,,,,,,,,,,,,,,,,,,,,,,,,,,,,,,,,,,,,,,,,,,,,,,,,,,,,,,,,
2585,Q1,Q2,Q3,Q5,Q2,Q1,Q2,D1,,,,,,,,,,,,,,,,,,,,,,,,,,,,,,,,,,,,,,,,,,,,,,,,,,,,,
2586,Q1,Q2,Q3,Q3,Q5,Q6,Q1,Q2,Q2,Q3,Q2,Q2,Q2,Q2,Q2,Q5,Q4,Q5,Q4,D1,,,,,,,,,,,,,,,,,,,,,,,,,,,,,,,,,,,,,,,,,
2587,Q1,Q2,Q3,Q4,Q4,Q4,Q4,D2,,,,,,,,,,,,,,,,,,,,,,,,,,,,,,,,,,,,,,,,,,,,,,,,,,,,,
2588,Q1,Q1,Q2,Q2,Q2,Q1,Q1,Q2,D1,,,,,,,,,,,,,,,,,,,,,,,,,,,,,,,,,,,,,,,,,,,,,,,,,,,,
2589,Q1,Q1,Q2,Q1,Q1,Q2,Q5,Q6,Q6,Q1,Q2,D1,,,,,,,,,,,,,,,,,,,,,,,,,,,,,,,,,,,,,,,,,,,,,,,,,
2590,Q1,Q1,Q2,Q5,Q6,D1,,,,,,,,,,,,,,,,,,,,,,,,,,,,,,,,,,,,,,,,,,,,,,,,,,,,,,,
2591,Q1,Q2,Q2,Q4,Q5,Q5,Q6,Q1,Q2,Q2,Q2,Q3,D1,,,,,,,,,,,,,,,,,,,,,,,,,,,,,,,,,,,,,,,,,,,,,,,,
2592,Q1,Q2,Q5,Q5,Q6,Q1,Q2,Q2,Q3,Q4,Q4,Q4,Q5,Q6,Q1,Q2,Q2,Q5,Q1,Q2,Q3,Q2,Q2,Q2,D1,,,,,,,,,,,,,,,,,,,,,,,,,,,,,,,,,,,,
2593,Q1,Q2,Q1,Q2,Q2,Q5,Q5,Q5,Q6,Q1,Q2,Q2,Q1,Q1,Q2,Q4,Q5,Q6,D1,,,,,,,,,,,,,,,,,,,,,,,,,,,,,,,,,,,,,,,,,,
2594,Q1,Q2,Q1,Q2,Q5,Q1,Q2,Q4,Q5,Q6,Q1,Q2,Q2,Q2,Q2,Q1,Q2,Q1,Q2,Q3,Q3,Q5,Q6,Q1,Q2,Q1,Q1,Q2,Q1,Q1,Q1,Q2,Q2,Q4,Q5,Q5,Q5,Q6,Q1,Q2,Q2,Q3,Q5,Q6,Q6,D1,,,,,,,,,,,,,,,
2595,Q1,Q2,D1,,,,,,,,,,,,,,,,,,,,,,,,,,,,,,,,,,,,,,,,,,,,,,,,,,,,,,,,,,
2596,Q1,Q2,Q3,Q4,Q4,Q4,Q3,Q5,Q2,Q3,Q5,Q6,Q1,Q2,Q1,Q2,Q5,Q6,Q4,Q4,Q5,Q3,Q2,Q2,Q1,Q1,Q2,Q2,Q2,Q5,Q6,Q1,D2,,,,,,,,,,,,,,,,,,,,,,,,,,,,
2597,Q1,Q2,Q3,Q5,Q6,D1,,,,,,,,,,,,,,,,,,,,,,,,,,,,,,,,,,,,,,,,,,,,,,,,,,,,,,,
2598,Q1,Q2,Q2,Q1,Q2,D2,,,,,,,,,,,,,,,,,,,,,,,,,,,,,,,,,,,,,,,,,,,,,,,,,,,,,,,
2599,Q1,Q2,Q3,Q5,Q5,Q5,Q6,Q6,Q1,Q2,Q1,Q2,Q1,Q2,Q4,Q4,Q6,Q1,Q2,Q5,Q6,D1,,,,,,,,,,,,,,,,,,,,,,,,,,,,,,,,,,,,,,,
2600,Q1,Q1,Q2,Q3,Q4,D2,,,,,,,,,,,,,,,,,,,,,,,,,,,,,,,,,,,,,,,,,,,,,,,,,,,,,,,
2601,Q1,Q2,Q4,Q5,Q5,Q5,Q5,Q5,D1,,,,,,,,,,,,,,,,,,,,,,,,,,,,,,,,,,,,,,,,,,,,,,,,,,,,
2602,Q1,D2,,,,,,,,,,,,,,,,,,,,,,,,,,,,,,,,,,,,,,,,,,,,,,,,,,,,,,,,,,,
2603,Q1,Q2,Q1,Q2,Q2,Q2,D1,,,,,,,,,,,,,,,,,,,,,,,,,,,,,,,,,,,,,,,,,,,,,,,,,,,,,,
2604,Q1,Q2,D1,,,,,,,,,,,,,,,,,,,,,,,,,,,,,,,,,,,,,,,,,,,,,,,,,,,,,,,,,,
2605,Q1,Q2,Q1,Q2,Q2,Q2,D1,,,,,,,,,,,,,,,,,,,,,,,,,,,,,,,,,,,,,,,,,,,,,,,,,,,,,,
2606,Q1,Q2,D1,,,,,,,,,,,,,,,,,,,,,,,,,,,,,,,,,,,,,,,,,,,,,,,,,,,,,,,,,,
2607,Q1,Q1,Q2,Q2,D1,,,,,,,,,,,,,,,,,,,,,,,,,,,,,,,,,,,,,,,,,,,,,,,,,,,,,,,,
2608,Q1,Q1,Q2,D1,,,,,,,,,,,,,,,,,,,,,,,,,,,,,,,,,,,,,,,,,,,,,,,,,,,,,,,,,
2609,Q1,Q1,Q2,Q5,Q6,Q6,Q1,Q2,Q3,Q4,Q5,Q6,Q6,Q1,D2,,,,,,,,,,,,,,,,,,,,,,,,,,,,,,,,,,,,,,,,,,,,,,
2610,Q1,Q2,Q2,Q5,Q4,D1,,,,,,,,,,,,,,,,,,,,,,,,,,,,,,,,,,,,,,,,,,,,,,,,,,,,,,,
2611,Q1,Q1,Q2,Q2,Q2,Q3,Q1,Q2,D1,,,,,,,,,,,,,,,,,,,,,,,,,,,,,,,,,,,,,,,,,,,,,,,,,,,,
2612,Q1,Q2,Q4,Q5,D1,,,,,,,,,,,,,,,,,,,,,,,,,,,,,,,,,,,,,,,,,,,,,,,,,,,,,,,,
2613,Q1,Q2,Q3,Q5,Q5,Q5,Q5,Q6,Q4,D2,,,,,,,,,,,,,,,,,,,,,,,,,,,,,,,,,,,,,,,,,,,,,,,,,,,
2614,Q1,Q1,Q2,Q3,Q5,Q3,Q5,Q1,Q2,Q5,Q1,Q2,D1,,,,,,,,,,,,,,,,,,,,,,,,,,,,,,,,,,,,,,,,,,,,,,,,
2615,Q1,Q2,Q5,D1,,,,,,,,,,,,,,,,,,,,,,,,,,,,,,,,,,,,,,,,,,,,,,,,,,,,,,,,,
2616,Q1,Q2,Q2,Q1,Q1,Q2,Q2,Q5,Q5,Q5,D1,,,,,,,,,,,,,,,,,,,,,,,,,,,,,,,,,,,,,,,,,,,,,,,,,,
2617,Q1,Q2,Q3,D1,,,,,,,,,,,,,,,,,,,,,,,,,,,,,,,,,,,,,,,,,,,,,,,,,,,,,,,,,
2618,Q1,Q2,Q4,Q6,Q1,Q2,D1,,,,,,,,,,,,,,,,,,,,,,,,,,,,,,,,,,,,,,,,,,,,,,,,,,,,,,
2619,Q1,Q2,Q1,Q2,Q2,Q2,Q2,Q2,Q1,Q2,Q1,Q2,Q4,Q4,Q4,Q6,Q6,Q1,Q2,Q1,Q2,Q3,Q5,Q5,Q1,Q2,Q2,Q2,Q2,Q5,Q6,D1,,,,,,,,,,,,,,,,,,,,,,,,,,,,,
2620,Q1,Q2,Q2,Q2,Q3,Q4,Q5,Q5,D1,,,,,,,,,,,,,,,,,,,,,,,,,,,,,,,,,,,,,,,,,,,,,,,,,,,,
2621,Q1,Q1,Q2,Q2,Q3,Q2,D1,,,,,,,,,,,,,,,,,,,,,,,,,,,,,,,,,,,,,,,,,,,,,,,,,,,,,,
2622,Q1,Q2,Q3,Q5,Q2,Q2,Q3,D1,,,,,,,,,,,,,,,,,,,,,,,,,,,,,,,,,,,,,,,,,,,,,,,,,,,,,
2623,Q1,Q1,Q2,Q1,Q2,Q5,Q5,Q6,D1,,,,,,,,,,,,,,,,,,,,,,,,,,,,,,,,,,,,,,,,,,,,,,,,,,,,
2624,Q1,Q2,Q1,Q2,D1,,,,,,,,,,,,,,,,,,,,,,,,,,,,,,,,,,,,,,,,,,,,,,,,,,,,,,,,
2625,Q1,Q2,Q5,Q5,Q6,Q6,Q6,Q6,D1,,,,,,,,,,,,,,,,,,,,,,,,,,,,,,,,,,,,,,,,,,,,,,,,,,,,
2626,Q1,Q2,D1,,,,,,,,,,,,,,,,,,,,,,,,,,,,,,,,,,,,,,,,,,,,,,,,,,,,,,,,,,
2627,Q1,Q1,Q2,D1,,,,,,,,,,,,,,,,,,,,,,,,,,,,,,,,,,,,,,,,,,,,,,,,,,,,,,,,,
2628,Q1,Q1,Q2,Q3,Q5,D1,,,,,,,,,,,,,,,,,,,,,,,,,,,,,,,,,,,,,,,,,,,,,,,,,,,,,,,
2629,Q1,Q2,Q1,Q2,Q3,Q5,Q5,Q1,Q2,Q5,D1,,,,,,,,,,,,,,,,,,,,,,,,,,,,,,,,,,,,,,,,,,,,,,,,,,
2630,Q1,D2,,,,,,,,,,,,,,,,,,,,,,,,,,,,,,,,,,,,,,,,,,,,,,,,,,,,,,,,,,,
2631,Q1,Q2,Q5,D1,,,,,,,,,,,,,,,,,,,,,,,,,,,,,,,,,,,,,,,,,,,,,,,,,,,,,,,,,
2632,Q1,Q2,Q4,Q4,Q4,Q5,Q6,Q1,Q1,Q2,D1,,,,,,,,,,,,,,,,,,,,,,,,,,,,,,,,,,,,,,,,,,,,,,,,,,
2633,Q1,Q2,Q3,Q5,Q2,D1,,,,,,,,,,,,,,,,,,,,,,,,,,,,,,,,,,,,,,,,,,,,,,,,,,,,,,,
2634,Q1,Q2,Q2,Q1,Q2,D1,,,,,,,,,,,,,,,,,,,,,,,,,,,,,,,,,,,,,,,,,,,,,,,,,,,,,,,
2635,Q1,Q1,Q1,Q2,Q2,Q3,Q5,Q4,Q6,D1,,,,,,,,,,,,,,,,,,,,,,,,,,,,,,,,,,,,,,,,,,,,,,,,,,,
2636,Q1,Q2,D1,,,,,,,,,,,,,,,,,,,,,,,,,,,,,,,,,,,,,,,,,,,,,,,,,,,,,,,,,,
2637,Q1,Q2,Q3,Q2,Q1,Q2,Q1,Q2,Q2,Q3,Q3,Q5,Q5,Q5,Q6,D1,,,,,,,,,,,,,,,,,,,,,,,,,,,,,,,,,,,,,,,,,,,,,
2638,Q1,Q2,Q1,Q2,Q1,Q2,Q2,Q2,Q3,Q3,D1,,,,,,,,,,,,,,,,,,,,,,,,,,,,,,,,,,,,,,,,,,,,,,,,,,
2639,Q1,Q2,Q5,Q4,Q5,Q5,Q1,Q2,Q2,Q2,Q5,Q2,Q2,Q1,D2,,,,,,,,,,,,,,,,,,,,,,,,,,,,,,,,,,,,,,,,,,,,,,
2640,Q1,Q2,Q3,Q3,Q3,Q5,Q5,Q5,Q5,Q4,Q4,Q6,Q1,Q1,Q2,Q3,Q3,Q3,Q5,Q2,D2,,,,,,,,,,,,,,,,,,,,,,,,,,,,,,,,,,,,,,,,
2641,Q1,Q2,Q2,Q5,Q1,Q2,D2,,,,,,,,,,,,,,,,,,,,,,,,,,,,,,,,,,,,,,,,,,,,,,,,,,,,,,
2642,Q1,Q1,Q2,D1,,,,,,,,,,,,,,,,,,,,,,,,,,,,,,,,,,,,,,,,,,,,,,,,,,,,,,,,,
2643,Q1,Q2,Q3,Q5,Q5,Q5,Q6,Q4,Q6,Q6,D1,,,,,,,,,,,,,,,,,,,,,,,,,,,,,,,,,,,,,,,,,,,,,,,,,,
2644,Q1,Q1,Q1,Q2,D2,,,,,,,,,,,,,,,,,,,,,,,,,,,,,,,,,,,,,,,,,,,,,,,,,,,,,,,,
2645,Q1,Q2,Q1,Q2,Q4,Q6,Q1,Q2,Q5,Q5,Q1,Q2,Q2,Q4,Q6,Q4,Q3,Q2,D1,,,,,,,,,,,,,,,,,,,,,,,,,,,,,,,,,,,,,,,,,,
2646,Q1,Q2,Q1,Q2,Q4,Q5,Q5,Q6,Q6,Q6,Q6,Q1,Q2,Q5,Q5,Q6,D1,,,,,,,,,,,,,,,,,,,,,,,,,,,,,,,,,,,,,,,,,,,,
2647,Q1,Q2,Q5,Q5,Q6,Q6,Q1,Q1,Q2,D1,,,,,,,,,,,,,,,,,,,,,,,,,,,,,,,,,,,,,,,,,,,,,,,,,,,
2648,Q1,Q2,Q3,Q3,Q5,Q6,Q1,Q2,Q1,Q1,Q2,Q5,Q6,Q4,Q4,Q5,Q5,Q5,Q6,Q6,Q4,D1,,,,,,,,,,,,,,,,,,,,,,,,,,,,,,,,,,,,,,,
2649,Q1,Q2,Q3,Q3,D2,,,,,,,,,,,,,,,,,,,,,,,,,,,,,,,,,,,,,,,,,,,,,,,,,,,,,,,,
2650,Q1,Q2,D1,,,,,,,,,,,,,,,,,,,,,,,,,,,,,,,,,,,,,,,,,,,,,,,,,,,,,,,,,,
2651,Q1,Q2,Q5,Q5,Q5,Q5,Q6,D1,,,,,,,,,,,,,,,,,,,,,,,,,,,,,,,,,,,,,,,,,,,,,,,,,,,,,
2652,Q1,Q2,Q2,D1,,,,,,,,,,,,,,,,,,,,,,,,,,,,,,,,,,,,,,,,,,,,,,,,,,,,,,,,,
2653,Q1,Q2,Q2,Q2,D1,,,,,,,,,,,,,,,,,,,,,,,,,,,,,,,,,,,,,,,,,,,,,,,,,,,,,,,,
2654,Q1,Q1,Q2,Q3,D1,,,,,,,,,,,,,,,,,,,,,,,,,,,,,,,,,,,,,,,,,,,,,,,,,,,,,,,,
2655,Q1,Q2,Q1,Q2,Q1,Q2,Q2,Q1,Q2,Q3,Q5,Q6,D1,,,,,,,,,,,,,,,,,,,,,,,,,,,,,,,,,,,,,,,,,,,,,,,,
2656,Q1,Q2,D1,,,,,,,,,,,,,,,,,,,,,,,,,,,,,,,,,,,,,,,,,,,,,,,,,,,,,,,,,,
2657,Q1,Q2,Q2,Q5,D1,,,,,,,,,,,,,,,,,,,,,,,,,,,,,,,,,,,,,,,,,,,,,,,,,,,,,,,,
2658,Q1,Q2,Q1,Q2,Q2,Q2,Q5,Q5,Q6,Q1,Q2,Q5,Q6,Q6,D1,,,,,,,,,,,,,,,,,,,,,,,,,,,,,,,,,,,,,,,,,,,,,,
2659,Q1,Q2,D1,,,,,,,,,,,,,,,,,,,,,,,,,,,,,,,,,,,,,,,,,,,,,,,,,,,,,,,,,,
2660,Q1,Q2,Q3,Q2,D1,,,,,,,,,,,,,,,,,,,,,,,,,,,,,,,,,,,,,,,,,,,,,,,,,,,,,,,,
2661,Q1,Q2,Q1,Q2,Q2,D1,,,,,,,,,,,,,,,,,,,,,,,,,,,,,,,,,,,,,,,,,,,,,,,,,,,,,,,
2662,Q1,Q2,Q5,Q1,Q2,Q2,Q2,D1,,,,,,,,,,,,,,,,,,,,,,,,,,,,,,,,,,,,,,,,,,,,,,,,,,,,,
2663,Q1,Q2,Q5,Q5,Q6,Q1,Q2,Q2,D1,,,,,,,,,,,,,,,,,,,,,,,,,,,,,,,,,,,,,,,,,,,,,,,,,,,,
2664,Q1,Q2,Q2,D1,,,,,,,,,,,,,,,,,,,,,,,,,,,,,,,,,,,,,,,,,,,,,,,,,,,,,,,,,
2665,Q1,Q2,Q1,Q2,Q5,Q5,Q1,Q2,Q5,Q2,Q1,Q2,Q2,Q1,Q2,Q4,Q4,D2,,,,,,,,,,,,,,,,,,,,,,,,,,,,,,,,,,,,,,,,,,,
2666,Q1,Q2,Q2,Q3,D1,,,,,,,,,,,,,,,,,,,,,,,,,,,,,,,,,,,,,,,,,,,,,,,,,,,,,,,,
2667,Q1,Q2,Q2,Q1,Q2,Q5,Q5,Q6,D1,,,,,,,,,,,,,,,,,,,,,,,,,,,,,,,,,,,,,,,,,,,,,,,,,,,,
2668,Q1,Q2,Q3,Q4,Q4,Q5,Q5,Q6,Q6,Q1,Q1,Q1,Q2,Q2,Q3,Q4,Q5,Q5,D1,,,,,,,,,,,,,,,,,,,,,,,,,,,,,,,,,,,,,,,,,,
2669,Q1,Q1,Q2,Q5,Q6,D1,,,,,,,,,,,,,,,,,,,,,,,,,,,,,,,,,,,,,,,,,,,,,,,,,,,,,,,
2670,Q1,Q2,Q3,Q5,Q4,Q3,Q3,Q5,Q4,Q4,D1,,,,,,,,,,,,,,,,,,,,,,,,,,,,,,,,,,,,,,,,,,,,,,,,,,
2671,Q1,Q2,D1,,,,,,,,,,,,,,,,,,,,,,,,,,,,,,,,,,,,,,,,,,,,,,,,,,,,,,,,,,
2672,Q1,Q2,Q5,Q1,Q2,Q3,Q5,Q1,D2,,,,,,,,,,,,,,,,,,,,,,,,,,,,,,,,,,,,,,,,,,,,,,,,,,,,
2673,Q1,Q2,Q5,Q5,Q6,Q1,Q2,Q4,Q6,D1,,,,,,,,,,,,,,,,,,,,,,,,,,,,,,,,,,,,,,,,,,,,,,,,,,,
2674,Q1,Q2,Q1,Q1,Q2,Q1,Q2,Q1,Q2,Q2,Q4,Q5,Q6,D1,,,,,,,,,,,,,,,,,,,,,,,,,,,,,,,,,,,,,,,,,,,,,,,
2675,Q1,Q2,Q2,D1,,,,,,,,,,,,,,,,,,,,,,,,,,,,,,,,,,,,,,,,,,,,,,,,,,,,,,,,,
2676,Q1,Q2,D1,,,,,,,,,,,,,,,,,,,,,,,,,,,,,,,,,,,,,,,,,,,,,,,,,,,,,,,,,,
2677,Q1,Q1,Q2,Q4,Q5,Q5,Q6,Q6,Q1,Q1,D2,,,,,,,,,,,,,,,,,,,,,,,,,,,,,,,,,,,,,,,,,,,,,,,,,,
2678,Q1,Q2,Q1,Q2,Q1,Q2,Q3,Q5,Q5,Q5,Q3,Q4,D2,,,,,,,,,,,,,,,,,,,,,,,,,,,,,,,,,,,,,,,,,,,,,,,,
2679,Q1,Q2,Q2,Q3,Q2,Q2,Q5,Q5,Q6,Q6,Q6,D1,,,,,,,,,,,,,,,,,,,,,,,,,,,,,,,,,,,,,,,,,,,,,,,,,
2680,Q1,Q2,Q5,Q6,Q1,Q1,Q2,Q5,Q5,D1,,,,,,,,,,,,,,,,,,,,,,,,,,,,,,,,,,,,,,,,,,,,,,,,,,,
2681,Q1,Q2,Q5,Q6,D1,,,,,,,,,,,,,,,,,,,,,,,,,,,,,,,,,,,,,,,,,,,,,,,,,,,,,,,,
2682,Q1,Q2,Q2,Q1,Q1,Q2,Q3,Q5,Q1,Q2,Q2,D1,,,,,,,,,,,,,,,,,,,,,,,,,,,,,,,,,,,,,,,,,,,,,,,,,
2683,Q1,Q1,Q2,Q1,Q2,Q5,Q5,Q4,Q6,D1,,,,,,,,,,,,,,,,,,,,,,,,,,,,,,,,,,,,,,,,,,,,,,,,,,,
2684,Q1,Q2,Q2,Q2,Q5,Q2,Q1,Q2,Q3,Q3,D1,,,,,,,,,,,,,,,,,,,,,,,,,,,,,,,,,,,,,,,,,,,,,,,,,,
2685,Q1,Q2,Q1,Q2,Q2,D1,,,,,,,,,,,,,,,,,,,,,,,,,,,,,,,,,,,,,,,,,,,,,,,,,,,,,,,
2686,Q1,Q1,Q2,D1,,,,,,,,,,,,,,,,,,,,,,,,,,,,,,,,,,,,,,,,,,,,,,,,,,,,,,,,,
2687,Q1,Q2,Q2,Q3,Q2,Q3,D2,,,,,,,,,,,,,,,,,,,,,,,,,,,,,,,,,,,,,,,,,,,,,,,,,,,,,,
2688,Q1,Q2,Q5,Q4,Q6,D1,,,,,,,,,,,,,,,,,,,,,,,,,,,,,,,,,,,,,,,,,,,,,,,,,,,,,,,
2689,Q1,Q2,Q2,D1,,,,,,,,,,,,,,,,,,,,,,,,,,,,,,,,,,,,,,,,,,,,,,,,,,,,,,,,,
2690,Q1,Q2,Q1,Q2,Q2,Q3,Q3,Q5,Q5,Q5,Q5,Q2,Q2,Q2,Q3,D1,,,,,,,,,,,,,,,,,,,,,,,,,,,,,,,,,,,,,,,,,,,,,
2691,Q1,D2,,,,,,,,,,,,,,,,,,,,,,,,,,,,,,,,,,,,,,,,,,,,,,,,,,,,,,,,,,,
2692,Q1,Q1,Q2,Q3,Q4,Q4,Q6,D1,,,,,,,,,,,,,,,,,,,,,,,,,,,,,,,,,,,,,,,,,,,,,,,,,,,,,
2693,Q1,Q2,Q2,Q4,Q4,Q4,D2,,,,,,,,,,,,,,,,,,,,,,,,,,,,,,,,,,,,,,,,,,,,,,,,,,,,,,
2694,Q1,Q2,Q3,Q1,Q2,Q1,Q2,D1,,,,,,,,,,,,,,,,,,,,,,,,,,,,,,,,,,,,,,,,,,,,,,,,,,,,,
2695,Q1,Q2,Q3,Q5,Q6,Q4,Q4,Q6,Q6,D1,,,,,,,,,,,,,,,,,,,,,,,,,,,,,,,,,,,,,,,,,,,,,,,,,,,
2696,Q1,Q2,Q5,Q5,Q5,Q2,Q1,Q2,Q2,Q2,Q5,D1,,,,,,,,,,,,,,,,,,,,,,,,,,,,,,,,,,,,,,,,,,,,,,,,,
2697,Q1,Q2,D1,,,,,,,,,,,,,,,,,,,,,,,,,,,,,,,,,,,,,,,,,,,,,,,,,,,,,,,,,,
2698,Q1,Q2,D1,,,,,,,,,,,,,,,,,,,,,,,,,,,,,,,,,,,,,,,,,,,,,,,,,,,,,,,,,,
2699,Q1,Q2,Q1,Q1,Q2,Q2,D1,,,,,,,,,,,,,,,,,,,,,,,,,,,,,,,,,,,,,,,,,,,,,,,,,,,,,,
2700,Q1,Q2,Q3,D2,,,,,,,,,,,,,,,,,,,,,,,,,,,,,,,,,,,,,,,,,,,,,,,,,,,,,,,,,
2701,Q1,Q2,Q5,Q4,Q5,Q5,Q5,Q5,Q2,Q5,Q5,Q5,Q5,Q4,D2,,,,,,,,,,,,,,,,,,,,,,,,,,,,,,,,,,,,,,,,,,,,,,
2702,Q1,Q2,Q3,Q5,D1,,,,,,,,,,,,,,,,,,,,,,,,,,,,,,,,,,,,,,,,,,,,,,,,,,,,,,,,
2703,Q1,Q2,Q3,Q5,Q6,Q6,Q1,Q1,Q2,Q1,Q2,Q2,D1,,,,,,,,,,,,,,,,,,,,,,,,,,,,,,,,,,,,,,,,,,,,,,,,
2704,Q1,Q1,Q2,Q2,Q2,Q1,Q2,Q3,Q5,Q5,Q6,D1,,,,,,,,,,,,,,,,,,,,,,,,,,,,,,,,,,,,,,,,,,,,,,,,,
2705,Q1,Q2,Q3,Q3,Q5,Q5,Q1,Q2,D1,,,,,,,,,,,,,,,,,,,,,,,,,,,,,,,,,,,,,,,,,,,,,,,,,,,,
2706,Q1,Q2,Q5,Q5,Q5,Q4,D2,,,,,,,,,,,,,,,,,,,,,,,,,,,,,,,,,,,,,,,,,,,,,,,,,,,,,,
2707,Q1,Q2,Q3,D1,,,,,,,,,,,,,,,,,,,,,,,,,,,,,,,,,,,,,,,,,,,,,,,,,,,,,,,,,
2708,Q1,Q2,Q2,D1,,,,,,,,,,,,,,,,,,,,,,,,,,,,,,,,,,,,,,,,,,,,,,,,,,,,,,,,,
2709,Q1,Q2,Q1,Q2,Q1,Q2,Q3,Q5,Q6,Q2,Q2,Q2,D1,,,,,,,,,,,,,,,,,,,,,,,,,,,,,,,,,,,,,,,,,,,,,,,,
2710,Q1,Q2,Q4,Q5,Q5,Q1,Q2,D1,,,,,,,,,,,,,,,,,,,,,,,,,,,,,,,,,,,,,,,,,,,,,,,,,,,,,
2711,Q1,Q2,Q2,Q2,Q5,Q5,Q6,D1,,,,,,,,,,,,,,,,,,,,,,,,,,,,,,,,,,,,,,,,,,,,,,,,,,,,,
2712,Q1,Q2,Q2,D1,,,,,,,,,,,,,,,,,,,,,,,,,,,,,,,,,,,,,,,,,,,,,,,,,,,,,,,,,
2713,Q1,Q2,Q3,D2,,,,,,,,,,,,,,,,,,,,,,,,,,,,,,,,,,,,,,,,,,,,,,,,,,,,,,,,,
2714,Q1,Q2,Q5,Q2,Q5,Q2,Q1,Q2,D1,,,,,,,,,,,,,,,,,,,,,,,,,,,,,,,,,,,,,,,,,,,,,,,,,,,,
2715,Q1,Q2,D2,,,,,,,,,,,,,,,,,,,,,,,,,,,,,,,,,,,,,,,,,,,,,,,,,,,,,,,,,,
2716,Q1,Q2,Q3,D1,,,,,,,,,,,,,,,,,,,,,,,,,,,,,,,,,,,,,,,,,,,,,,,,,,,,,,,,,
2717,Q1,Q2,Q2,Q1,Q2,Q1,Q2,Q2,Q1,Q2,Q3,Q2,Q2,Q5,Q6,Q1,Q2,Q3,Q3,Q5,Q3,Q5,Q5,Q1,Q2,Q1,Q2,D1,,,,,,,,,,,,,,,,,,,,,,,,,,,,,,,,,
2718,Q1,Q2,Q1,Q2,D1,,,,,,,,,,,,,,,,,,,,,,,,,,,,,,,,,,,,,,,,,,,,,,,,,,,,,,,,
2719,Q1,Q2,Q5,Q5,Q1,Q2,Q1,Q2,D1,,,,,,,,,,,,,,,,,,,,,,,,,,,,,,,,,,,,,,,,,,,,,,,,,,,,
2720,Q1,Q2,Q3,Q3,D2,,,,,,,,,,,,,,,,,,,,,,,,,,,,,,,,,,,,,,,,,,,,,,,,,,,,,,,,
2721,Q1,Q1,Q2,Q5,Q6,Q1,Q2,D1,,,,,,,,,,,,,,,,,,,,,,,,,,,,,,,,,,,,,,,,,,,,,,,,,,,,,
2722,Q1,Q2,Q1,Q2,Q3,Q2,Q3,Q4,Q4,D1,,,,,,,,,,,,,,,,,,,,,,,,,,,,,,,,,,,,,,,,,,,,,,,,,,,
2723,Q1,Q2,Q2,Q2,Q1,Q2,Q3,D2,,,,,,,,,,,,,,,,,,,,,,,,,,,,,,,,,,,,,,,,,,,,,,,,,,,,,
2724,Q1,Q2,Q5,Q6,Q2,Q3,Q3,Q4,Q5,D1,,,,,,,,,,,,,,,,,,,,,,,,,,,,,,,,,,,,,,,,,,,,,,,,,,,
2725,Q1,D2,,,,,,,,,,,,,,,,,,,,,,,,,,,,,,,,,,,,,,,,,,,,,,,,,,,,,,,,,,,
2726,Q1,Q2,D2,,,,,,,,,,,,,,,,,,,,,,,,,,,,,,,,,,,,,,,,,,,,,,,,,,,,,,,,,,
2727,Q1,Q2,Q3,D1,,,,,,,,,,,,,,,,,,,,,,,,,,,,,,,,,,,,,,,,,,,,,,,,,,,,,,,,,
2728,Q1,Q2,Q4,Q4,Q4,D2,,,,,,,,,,,,,,,,,,,,,,,,,,,,,,,,,,,,,,,,,,,,,,,,,,,,,,,
2729,Q1,Q1,Q2,Q3,D2,,,,,,,,,,,,,,,,,,,,,,,,,,,,,,,,,,,,,,,,,,,,,,,,,,,,,,,,
2730,Q1,Q2,D1,,,,,,,,,,,,,,,,,,,,,,,,,,,,,,,,,,,,,,,,,,,,,,,,,,,,,,,,,,
2731,Q1,Q2,Q2,Q3,Q3,Q5,Q1,Q2,Q3,Q5,Q3,Q5,Q5,Q6,Q6,D1,,,,,,,,,,,,,,,,,,,,,,,,,,,,,,,,,,,,,,,,,,,,,
2732,Q1,Q2,Q2,Q1,Q2,Q3,Q3,Q5,Q2,Q2,Q4,Q4,Q5,Q3,Q3,Q2,Q5,Q6,Q6,Q6,D1,,,,,,,,,,,,,,,,,,,,,,,,,,,,,,,,,,,,,,,,
2733,Q1,Q2,D1,,,,,,,,,,,,,,,,,,,,,,,,,,,,,,,,,,,,,,,,,,,,,,,,,,,,,,,,,,
2734,Q1,Q2,Q3,Q5,D1,,,,,,,,,,,,,,,,,,,,,,,,,,,,,,,,,,,,,,,,,,,,,,,,,,,,,,,,
2735,Q1,Q2,Q3,Q5,Q5,Q5,Q5,Q1,Q2,Q4,Q4,Q4,Q3,Q5,Q6,Q6,D1,,,,,,,,,,,,,,,,,,,,,,,,,,,,,,,,,,,,,,,,,,,,
2736,Q1,Q1,Q2,Q3,Q3,D1,,,,,,,,,,,,,,,,,,,,,,,,,,,,,,,,,,,,,,,,,,,,,,,,,,,,,,,
2737,Q1,Q2,Q2,Q5,Q2,Q5,Q5,Q5,Q6,Q1,Q2,Q1,Q2,Q2,Q2,Q1,Q2,Q2,Q2,Q2,Q3,Q2,Q1,D2,,,,,,,,,,,,,,,,,,,,,,,,,,,,,,,,,,,,,
2738,Q1,Q2,Q2,Q5,Q6,Q4,Q5,D1,,,,,,,,,,,,,,,,,,,,,,,,,,,,,,,,,,,,,,,,,,,,,,,,,,,,,
2739,Q1,Q1,Q2,Q1,Q2,Q5,Q5,Q1,Q2,Q2,Q4,Q4,Q4,Q4,Q5,Q5,Q5,D1,,,,,,,,,,,,,,,,,,,,,,,,,,,,,,,,,,,,,,,,,,,
2740,Q1,Q2,Q3,Q3,Q5,Q3,D1,,,,,,,,,,,,,,,,,,,,,,,,,,,,,,,,,,,,,,,,,,,,,,,,,,,,,,
2741,Q1,Q2,Q5,Q1,Q2,Q3,D1,,,,,,,,,,,,,,,,,,,,,,,,,,,,,,,,,,,,,,,,,,,,,,,,,,,,,,
2742,Q1,Q2,Q1,Q2,Q3,Q2,Q3,Q4,D2,,,,,,,,,,,,,,,,,,,,,,,,,,,,,,,,,,,,,,,,,,,,,,,,,,,,
2743,Q1,D2,,,,,,,,,,,,,,,,,,,,,,,,,,,,,,,,,,,,,,,,,,,,,,,,,,,,,,,,,,,
2744,Q1,Q2,Q2,Q2,Q1,Q2,Q3,Q5,Q1,Q2,Q1,Q2,Q2,Q3,Q2,Q5,Q5,Q5,Q5,Q5,Q2,Q5,Q1,Q2,D1,,,,,,,,,,,,,,,,,,,,,,,,,,,,,,,,,,,,
2745,Q1,Q2,D2,,,,,,,,,,,,,,,,,,,,,,,,,,,,,,,,,,,,,,,,,,,,,,,,,,,,,,,,,,
2746,Q1,Q2,D1,,,,,,,,,,,,,,,,,,,,,,,,,,,,,,,,,,,,,,,,,,,,,,,,,,,,,,,,,,
2747,Q1,Q2,Q3,D2,,,,,,,,,,,,,,,,,,,,,,,,,,,,,,,,,,,,,,,,,,,,,,,,,,,,,,,,,
2748,Q1,Q2,Q2,Q2,D1,,,,,,,,,,,,,,,,,,,,,,,,,,,,,,,,,,,,,,,,,,,,,,,,,,,,,,,,
2749,Q1,Q2,Q3,Q2,Q1,Q2,Q2,Q2,Q2,D1,,,,,,,,,,,,,,,,,,,,,,,,,,,,,,,,,,,,,,,,,,,,,,,,,,,
2750,Q1,Q2,Q1,Q2,Q3,D2,,,,,,,,,,,,,,,,,,,,,,,,,,,,,,,,,,,,,,,,,,,,,,,,,,,,,,,
2751,Q1,Q2,Q5,Q2,Q1,Q2,Q1,Q2,Q5,Q6,D1,,,,,,,,,,,,,,,,,,,,,,,,,,,,,,,,,,,,,,,,,,,,,,,,,,
2752,Q1,Q2,Q5,Q6,D1,,,,,,,,,,,,,,,,,,,,,,,,,,,,,,,,,,,,,,,,,,,,,,,,,,,,,,,,
2753,Q1,Q2,Q2,Q2,Q3,Q3,Q5,Q6,Q6,Q6,Q6,Q6,Q2,Q5,Q6,Q4,Q6,D1,,,,,,,,,,,,,,,,,,,,,,,,,,,,,,,,,,,,,,,,,,,
2754,Q1,Q2,D1,,,,,,,,,,,,,,,,,,,,,,,,,,,,,,,,,,,,,,,,,,,,,,,,,,,,,,,,,,
2755,Q1,Q2,Q1,Q2,Q5,Q5,Q4,D1,,,,,,,,,,,,,,,,,,,,,,,,,,,,,,,,,,,,,,,,,,,,,,,,,,,,,
2756,Q1,Q2,Q5,Q6,Q6,Q6,Q6,D1,,,,,,,,,,,,,,,,,,,,,,,,,,,,,,,,,,,,,,,,,,,,,,,,,,,,,
2757,Q1,Q2,Q2,Q2,Q2,D1,,,,,,,,,,,,,,,,,,,,,,,,,,,,,,,,,,,,,,,,,,,,,,,,,,,,,,,
2758,Q1,D2,,,,,,,,,,,,,,,,,,,,,,,,,,,,,,,,,,,,,,,,,,,,,,,,,,,,,,,,,,,
2759,Q1,Q1,Q2,Q2,Q3,Q2,Q2,Q2,Q2,Q3,Q4,D2,,,,,,,,,,,,,,,,,,,,,,,,,,,,,,,,,,,,,,,,,,,,,,,,,
2760,Q1,Q2,Q1,Q2,Q3,Q4,Q4,D2,,,,,,,,,,,,,,,,,,,,,,,,,,,,,,,,,,,,,,,,,,,,,,,,,,,,,
2761,Q1,Q2,Q1,Q2,Q2,Q1,Q2,Q5,Q1,Q2,Q5,Q4,Q5,Q5,Q6,Q1,Q1,Q2,Q4,Q5,Q6,Q6,Q6,Q1,Q2,Q1,Q1,Q2,Q3,Q2,Q2,Q3,Q3,Q5,Q5,Q6,D1,,,,,,,,,,,,,,,,,,,,,,,,
2762,Q1,Q2,Q5,Q6,Q6,Q1,Q1,Q2,Q2,Q1,Q1,Q2,Q3,Q1,Q2,Q5,Q5,Q6,Q4,Q6,D1,,,,,,,,,,,,,,,,,,,,,,,,,,,,,,,,,,,,,,,,
2763,Q1,Q2,Q2,Q2,Q4,Q4,Q5,Q6,Q1,Q1,Q2,Q3,Q3,Q4,Q5,Q6,Q6,Q2,Q2,Q3,Q5,Q6,Q6,Q6,Q2,Q3,D1,,,,,,,,,,,,,,,,,,,,,,,,,,,,,,,,,,
2764,Q1,Q2,Q5,Q5,Q5,Q6,Q1,Q2,Q1,Q2,Q1,Q1,Q2,D1,,,,,,,,,,,,,,,,,,,,,,,,,,,,,,,,,,,,,,,,,,,,,,,
2765,Q1,Q1,Q1,Q2,Q2,Q3,D1,,,,,,,,,,,,,,,,,,,,,,,,,,,,,,,,,,,,,,,,,,,,,,,,,,,,,,
2766,Q1,Q2,Q2,Q5,Q6,Q6,Q6,Q6,Q4,Q3,Q5,Q6,Q1,Q2,Q2,D1,,,,,,,,,,,,,,,,,,,,,,,,,,,,,,,,,,,,,,,,,,,,,
2767,Q1,Q2,Q1,Q1,Q2,Q2,Q2,Q1,Q2,Q2,Q1,Q2,Q3,Q1,Q2,D1,,,,,,,,,,,,,,,,,,,,,,,,,,,,,,,,,,,,,,,,,,,,,
2768,Q1,Q2,Q5,Q5,Q3,Q2,Q3,Q2,Q4,Q5,Q6,D1,,,,,,,,,,,,,,,,,,,,,,,,,,,,,,,,,,,,,,,,,,,,,,,,,
2769,Q1,Q2,Q4,Q5,Q5,Q5,Q5,Q5,Q5,Q6,D1,,,,,,,,,,,,,,,,,,,,,,,,,,,,,,,,,,,,,,,,,,,,,,,,,,
2770,Q1,Q2,Q1,Q2,Q1,Q2,Q3,Q5,Q5,Q6,Q1,Q2,Q3,Q5,Q6,Q2,Q1,Q2,Q5,Q6,Q1,Q1,Q2,Q2,Q2,Q3,Q5,Q4,D2,,,,,,,,,,,,,,,,,,,,,,,,,,,,,,,,
2771,Q1,Q2,Q5,Q5,Q1,Q2,D1,,,,,,,,,,,,,,,,,,,,,,,,,,,,,,,,,,,,,,,,,,,,,,,,,,,,,,
2772,Q1,Q2,Q1,Q1,Q2,Q4,Q6,Q6,Q6,Q6,D1,,,,,,,,,,,,,,,,,,,,,,,,,,,,,,,,,,,,,,,,,,,,,,,,,,
2773,Q1,Q2,Q1,Q1,Q1,Q1,Q2,Q1,Q2,Q2,Q2,Q2,Q3,Q5,Q6,Q1,Q1,Q1,Q2,Q3,D1,,,,,,,,,,,,,,,,,,,,,,,,,,,,,,,,,,,,,,,,
2774,Q1,Q2,Q3,Q3,Q1,Q2,Q4,Q5,Q3,Q4,D1,,,,,,,,,,,,,,,,,,,,,,,,,,,,,,,,,,,,,,,,,,,,,,,,,,
2775,Q1,Q2,Q5,Q6,D1,,,,,,,,,,,,,,,,,,,,,,,,,,,,,,,,,,,,,,,,,,,,,,,,,,,,,,,,
2776,Q1,Q2,Q2,Q2,Q5,Q5,Q6,D1,,,,,,,,,,,,,,,,,,,,,,,,,,,,,,,,,,,,,,,,,,,,,,,,,,,,,
2777,Q1,Q2,Q4,D2,,,,,,,,,,,,,,,,,,,,,,,,,,,,,,,,,,,,,,,,,,,,,,,,,,,,,,,,,
2778,Q1,Q2,Q3,Q5,Q6,Q1,D2,,,,,,,,,,,,,,,,,,,,,,,,,,,,,,,,,,,,,,,,,,,,,,,,,,,,,,
2779,Q1,Q2,Q2,Q3,Q4,D2,,,,,,,,,,,,,,,,,,,,,,,,,,,,,,,,,,,,,,,,,,,,,,,,,,,,,,,
2780,Q1,Q2,Q1,Q2,Q4,Q4,D2,,,,,,,,,,,,,,,,,,,,,,,,,,,,,,,,,,,,,,,,,,,,,,,,,,,,,,
2781,Q1,Q1,Q2,Q2,Q4,Q5,Q6,Q1,Q1,Q2,Q2,D1,,,,,,,,,,,,,,,,,,,,,,,,,,,,,,,,,,,,,,,,,,,,,,,,,
2782,Q1,Q2,Q5,Q6,D1,,,,,,,,,,,,,,,,,,,,,,,,,,,,,,,,,,,,,,,,,,,,,,,,,,,,,,,,
2783,Q1,Q2,Q5,Q2,Q1,Q2,Q5,Q6,Q1,Q1,Q2,Q2,Q3,Q3,Q3,Q5,Q1,Q1,Q1,Q1,Q2,Q3,Q3,D2,,,,,,,,,,,,,,,,,,,,,,,,,,,,,,,,,,,,,
2784,Q1,Q2,D2,,,,,,,,,,,,,,,,,,,,,,,,,,,,,,,,,,,,,,,,,,,,,,,,,,,,,,,,,,
2785,Q1,Q2,D1,,,,,,,,,,,,,,,,,,,,,,,,,,,,,,,,,,,,,,,,,,,,,,,,,,,,,,,,,,
2786,Q1,Q1,Q1,D2,,,,,,,,,,,,,,,,,,,,,,,,,,,,,,,,,,,,,,,,,,,,,,,,,,,,,,,,,
2787,Q1,Q2,Q5,Q6,Q1,Q2,Q1,Q2,Q2,Q1,Q2,Q3,Q5,Q5,Q3,Q4,Q4,Q5,Q1,Q2,D1,,,,,,,,,,,,,,,,,,,,,,,,,,,,,,,,,,,,,,,,
2788,Q1,Q2,Q2,Q1,Q1,Q2,Q2,Q1,Q2,Q2,D1,,,,,,,,,,,,,,,,,,,,,,,,,,,,,,,,,,,,,,,,,,,,,,,,,,
2789,Q1,Q2,Q2,Q5,Q6,D1,,,,,,,,,,,,,,,,,,,,,,,,,,,,,,,,,,,,,,,,,,,,,,,,,,,,,,,
2790,Q1,Q2,Q1,Q1,Q2,Q2,Q2,Q3,Q4,D2,,,,,,,,,,,,,,,,,,,,,,,,,,,,,,,,,,,,,,,,,,,,,,,,,,,
2791,Q1,Q1,Q2,Q2,Q3,Q4,Q4,Q4,D1,,,,,,,,,,,,,,,,,,,,,,,,,,,,,,,,,,,,,,,,,,,,,,,,,,,,
2792,Q1,Q2,Q3,Q5,Q5,Q5,Q5,Q5,Q3,Q2,D1,,,,,,,,,,,,,,,,,,,,,,,,,,,,,,,,,,,,,,,,,,,,,,,,,,
2793,Q1,Q2,Q3,Q4,Q5,Q5,Q1,Q2,Q3,Q2,D1,,,,,,,,,,,,,,,,,,,,,,,,,,,,,,,,,,,,,,,,,,,,,,,,,,
2794,Q1,Q2,Q3,Q5,Q6,Q6,Q4,Q5,D1,,,,,,,,,,,,,,,,,,,,,,,,,,,,,,,,,,,,,,,,,,,,,,,,,,,,
2795,Q1,Q2,Q5,Q6,D1,,,,,,,,,,,,,,,,,,,,,,,,,,,,,,,,,,,,,,,,,,,,,,,,,,,,,,,,
2796,Q1,Q2,Q2,Q1,Q1,Q1,Q2,Q1,Q2,Q2,D1,,,,,,,,,,,,,,,,,,,,,,,,,,,,,,,,,,,,,,,,,,,,,,,,,,
2797,Q1,Q2,Q1,Q2,Q3,Q4,Q3,D1,,,,,,,,,,,,,,,,,,,,,,,,,,,,,,,,,,,,,,,,,,,,,,,,,,,,,
2798,Q1,Q2,Q1,Q1,Q2,Q1,Q2,Q2,Q1,Q2,Q3,Q5,Q6,Q1,Q2,D2,,,,,,,,,,,,,,,,,,,,,,,,,,,,,,,,,,,,,,,,,,,,,
2799,Q1,Q2,Q4,Q4,Q3,Q3,Q5,Q4,Q4,Q4,Q5,Q1,Q2,Q2,D1,,,,,,,,,,,,,,,,,,,,,,,,,,,,,,,,,,,,,,,,,,,,,,
2800,Q1,Q1,Q2,Q4,Q5,Q6,Q6,Q1,Q2,Q2,Q1,Q2,Q1,Q1,Q2,Q5,Q6,Q1,Q2,Q4,Q5,Q3,D2,,,,,,,,,,,,,,,,,,,,,,,,,,,,,,,,,,,,,,
2801,Q1,Q2,Q2,Q3,D1,,,,,,,,,,,,,,,,,,,,,,,,,,,,,,,,,,,,,,,,,,,,,,,,,,,,,,,,
2802,Q1,Q1,Q1,Q2,Q3,Q3,Q3,Q5,Q1,Q2,D2,,,,,,,,,,,,,,,,,,,,,,,,,,,,,,,,,,,,,,,,,,,,,,,,,,
2803,Q1,Q2,Q2,Q3,Q2,Q5,Q5,Q5,Q1,Q2,D1,,,,,,,,,,,,,,,,,,,,,,,,,,,,,,,,,,,,,,,,,,,,,,,,,,
2804,Q1,Q2,Q2,Q2,Q3,Q5,Q5,Q5,Q3,Q3,D1,,,,,,,,,,,,,,,,,,,,,,,,,,,,,,,,,,,,,,,,,,,,,,,,,,
2805,Q1,Q2,Q3,D1,,,,,,,,,,,,,,,,,,,,,,,,,,,,,,,,,,,,,,,,,,,,,,,,,,,,,,,,,
2806,Q1,Q1,Q2,D1,,,,,,,,,,,,,,,,,,,,,,,,,,,,,,,,,,,,,,,,,,,,,,,,,,,,,,,,,
2807,Q1,Q2,Q1,Q2,Q2,Q1,D2,,,,,,,,,,,,,,,,,,,,,,,,,,,,,,,,,,,,,,,,,,,,,,,,,,,,,,
2808,Q1,Q1,Q2,Q2,Q2,Q5,Q5,Q5,Q5,Q6,Q6,Q1,Q2,Q3,Q3,Q4,D2,,,,,,,,,,,,,,,,,,,,,,,,,,,,,,,,,,,,,,,,,,,,
2809,Q1,Q2,Q2,Q2,Q2,Q4,Q5,Q5,Q5,Q4,Q5,Q6,D1,,,,,,,,,,,,,,,,,,,,,,,,,,,,,,,,,,,,,,,,,,,,,,,,
2810,Q1,Q2,Q3,Q3,Q2,Q2,Q3,Q5,Q5,Q1,Q2,Q5,Q6,D1,,,,,,,,,,,,,,,,,,,,,,,,,,,,,,,,,,,,,,,,,,,,,,,
2811,Q1,Q2,Q2,Q4,Q4,Q3,Q5,Q6,Q6,Q2,Q2,Q5,Q3,Q5,D1,,,,,,,,,,,,,,,,,,,,,,,,,,,,,,,,,,,,,,,,,,,,,,
2812,Q1,Q2,Q2,Q4,Q4,Q5,Q5,Q2,Q2,Q3,Q2,Q1,Q2,Q1,Q2,Q4,Q4,Q5,Q2,Q3,D1,,,,,,,,,,,,,,,,,,,,,,,,,,,,,,,,,,,,,,,,
2813,Q1,Q2,Q4,D2,,,,,,,,,,,,,,,,,,,,,,,,,,,,,,,,,,,,,,,,,,,,,,,,,,,,,,,,,
2814,Q1,Q2,Q5,Q5,Q6,Q1,Q1,Q2,Q5,Q6,Q6,D1,,,,,,,,,,,,,,,,,,,,,,,,,,,,,,,,,,,,,,,,,,,,,,,,,
2815,Q1,Q2,D1,,,,,,,,,,,,,,,,,,,,,,,,,,,,,,,,,,,,,,,,,,,,,,,,,,,,,,,,,,
2816,Q1,Q2,Q2,Q2,D1,,,,,,,,,,,,,,,,,,,,,,,,,,,,,,,,,,,,,,,,,,,,,,,,,,,,,,,,
2817,Q1,Q2,Q5,Q1,Q1,Q2,Q2,D1,,,,,,,,,,,,,,,,,,,,,,,,,,,,,,,,,,,,,,,,,,,,,,,,,,,,,
2818,Q1,Q2,Q1,Q2,Q2,D2,,,,,,,,,,,,,,,,,,,,,,,,,,,,,,,,,,,,,,,,,,,,,,,,,,,,,,,
2819,Q1,Q2,D1,,,,,,,,,,,,,,,,,,,,,,,,,,,,,,,,,,,,,,,,,,,,,,,,,,,,,,,,,,
2820,Q1,Q2,Q1,Q1,Q2,Q2,Q1,Q2,Q2,D1,,,,,,,,,,,,,,,,,,,,,,,,,,,,,,,,,,,,,,,,,,,,,,,,,,,
2821,Q1,Q2,Q2,Q3,Q5,Q6,Q1,Q2,Q2,D1,,,,,,,,,,,,,,,,,,,,,,,,,,,,,,,,,,,,,,,,,,,,,,,,,,,
2822,Q1,Q2,D1,,,,,,,,,,,,,,,,,,,,,,,,,,,,,,,,,,,,,,,,,,,,,,,,,,,,,,,,,,
2823,Q1,Q2,Q2,Q4,Q4,Q4,Q6,Q1,Q2,Q3,Q3,Q5,Q5,Q5,Q6,Q1,Q2,Q5,Q5,D1,,,,,,,,,,,,,,,,,,,,,,,,,,,,,,,,,,,,,,,,,
2824,Q1,Q2,Q4,D1,,,,,,,,,,,,,,,,,,,,,,,,,,,,,,,,,,,,,,,,,,,,,,,,,,,,,,,,,
2825,Q1,Q1,Q2,Q1,Q2,Q2,Q4,Q4,Q5,Q6,Q6,D1,,,,,,,,,,,,,,,,,,,,,,,,,,,,,,,,,,,,,,,,,,,,,,,,,
2826,Q1,Q2,Q1,Q2,Q2,Q3,Q3,Q3,D1,,,,,,,,,,,,,,,,,,,,,,,,,,,,,,,,,,,,,,,,,,,,,,,,,,,,
2827,Q1,Q2,Q2,Q2,D1,,,,,,,,,,,,,,,,,,,,,,,,,,,,,,,,,,,,,,,,,,,,,,,,,,,,,,,,
2828,Q1,Q2,Q3,Q5,Q5,Q6,Q6,Q4,Q4,Q6,Q1,Q2,Q4,Q5,Q6,Q1,Q2,Q5,Q6,Q1,Q2,Q2,Q5,Q6,Q6,D1,,,,,,,,,,,,,,,,,,,,,,,,,,,,,,,,,,,
2829,Q1,Q2,Q3,D2,,,,,,,,,,,,,,,,,,,,,,,,,,,,,,,,,,,,,,,,,,,,,,,,,,,,,,,,,
2830,Q1,Q2,Q3,Q4,Q4,Q6,Q1,Q2,Q4,Q3,Q3,D2,,,,,,,,,,,,,,,,,,,,,,,,,,,,,,,,,,,,,,,,,,,,,,,,,
2831,Q1,Q2,Q3,Q3,Q5,Q5,D1,,,,,,,,,,,,,,,,,,,,,,,,,,,,,,,,,,,,,,,,,,,,,,,,,,,,,,
2832,Q1,D2,,,,,,,,,,,,,,,,,,,,,,,,,,,,,,,,,,,,,,,,,,,,,,,,,,,,,,,,,,,
2833,Q1,Q2,D1,,,,,,,,,,,,,,,,,,,,,,,,,,,,,,,,,,,,,,,,,,,,,,,,,,,,,,,,,,
2834,Q1,Q2,Q2,Q1,Q2,Q1,Q2,Q2,Q5,Q5,Q6,Q1,Q2,Q4,D2,,,,,,,,,,,,,,,,,,,,,,,,,,,,,,,,,,,,,,,,,,,,,,
2835,Q1,Q2,Q5,Q5,Q6,Q1,Q2,Q2,Q2,Q1,Q2,Q1,Q2,Q3,Q3,Q2,Q1,Q2,Q2,Q3,D1,,,,,,,,,,,,,,,,,,,,,,,,,,,,,,,,,,,,,,,,
2836,Q1,Q2,D1,,,,,,,,,,,,,,,,,,,,,,,,,,,,,,,,,,,,,,,,,,,,,,,,,,,,,,,,,,
2837,Q1,Q1,Q2,Q2,Q2,Q1,Q2,Q5,Q6,D1,,,,,,,,,,,,,,,,,,,,,,,,,,,,,,,,,,,,,,,,,,,,,,,,,,,
2838,Q1,Q2,Q2,Q1,Q1,Q2,Q2,Q3,Q4,Q4,Q6,D1,,,,,,,,,,,,,,,,,,,,,,,,,,,,,,,,,,,,,,,,,,,,,,,,,
2839,Q1,Q2,Q3,Q2,Q2,D2,,,,,,,,,,,,,,,,,,,,,,,,,,,,,,,,,,,,,,,,,,,,,,,,,,,,,,,
2840,Q1,Q2,Q2,Q2,Q1,D2,,,,,,,,,,,,,,,,,,,,,,,,,,,,,,,,,,,,,,,,,,,,,,,,,,,,,,,
2841,Q1,Q2,Q4,D1,,,,,,,,,,,,,,,,,,,,,,,,,,,,,,,,,,,,,,,,,,,,,,,,,,,,,,,,,
2842,Q1,Q2,Q5,Q6,D1,,,,,,,,,,,,,,,,,,,,,,,,,,,,,,,,,,,,,,,,,,,,,,,,,,,,,,,,
2843,Q1,Q2,Q4,Q6,Q1,Q1,Q2,Q3,Q5,Q6,Q6,Q1,Q1,Q1,Q2,Q2,Q3,D2,,,,,,,,,,,,,,,,,,,,,,,,,,,,,,,,,,,,,,,,,,,
2844,Q1,Q1,Q2,Q3,Q3,D1,,,,,,,,,,,,,,,,,,,,,,,,,,,,,,,,,,,,,,,,,,,,,,,,,,,,,,,
2845,Q1,Q1,Q2,D1,,,,,,,,,,,,,,,,,,,,,,,,,,,,,,,,,,,,,,,,,,,,,,,,,,,,,,,,,
2846,Q1,Q2,Q3,Q3,D1,,,,,,,,,,,,,,,,,,,,,,,,,,,,,,,,,,,,,,,,,,,,,,,,,,,,,,,,
2847,Q1,Q2,Q2,Q1,Q2,Q5,Q6,Q6,Q1,Q2,Q3,Q5,Q5,Q5,Q5,Q5,Q1,Q1,Q2,Q1,Q2,Q4,Q4,Q5,Q5,Q5,Q5,Q5,Q6,Q6,D1,,,,,,,,,,,,,,,,,,,,,,,,,,,,,,
2848,Q1,Q2,Q3,Q1,Q1,Q2,Q3,Q5,Q3,D2,,,,,,,,,,,,,,,,,,,,,,,,,,,,,,,,,,,,,,,,,,,,,,,,,,,
2849,Q1,Q2,Q3,Q3,Q5,Q5,Q1,Q2,Q5,Q6,D1,,,,,,,,,,,,,,,,,,,,,,,,,,,,,,,,,,,,,,,,,,,,,,,,,,
2850,Q1,Q2,D1,,,,,,,,,,,,,,,,,,,,,,,,,,,,,,,,,,,,,,,,,,,,,,,,,,,,,,,,,,
2851,Q1,Q2,Q2,Q2,Q3,Q5,Q5,Q3,D2,,,,,,,,,,,,,,,,,,,,,,,,,,,,,,,,,,,,,,,,,,,,,,,,,,,,
2852,Q1,Q2,D1,,,,,,,,,,,,,,,,,,,,,,,,,,,,,,,,,,,,,,,,,,,,,,,,,,,,,,,,,,
2853,Q1,Q2,Q5,Q4,Q6,Q4,Q4,Q5,Q5,Q6,Q4,D2,,,,,,,,,,,,,,,,,,,,,,,,,,,,,,,,,,,,,,,,,,,,,,,,,
2854,Q1,Q2,D1,,,,,,,,,,,,,,,,,,,,,,,,,,,,,,,,,,,,,,,,,,,,,,,,,,,,,,,,,,
2855,Q1,Q2,Q3,D2,,,,,,,,,,,,,,,,,,,,,,,,,,,,,,,,,,,,,,,,,,,,,,,,,,,,,,,,,
2856,Q1,Q2,Q2,Q1,Q2,Q2,Q5,Q6,Q1,Q2,Q2,Q3,Q5,Q5,Q1,Q2,Q2,Q1,Q2,Q1,Q2,Q5,Q6,Q1,Q2,D1,,,,,,,,,,,,,,,,,,,,,,,,,,,,,,,,,,,
2857,Q1,Q2,D1,,,,,,,,,,,,,,,,,,,,,,,,,,,,,,,,,,,,,,,,,,,,,,,,,,,,,,,,,,
2858,Q1,Q2,Q1,Q2,Q2,Q2,Q2,Q2,D1,,,,,,,,,,,,,,,,,,,,,,,,,,,,,,,,,,,,,,,,,,,,,,,,,,,,
2859,Q1,Q1,Q2,Q5,Q5,Q5,D1,,,,,,,,,,,,,,,,,,,,,,,,,,,,,,,,,,,,,,,,,,,,,,,,,,,,,,
2860,Q1,Q2,D1,,,,,,,,,,,,,,,,,,,,,,,,,,,,,,,,,,,,,,,,,,,,,,,,,,,,,,,,,,
2861,Q1,Q2,Q5,Q5,Q5,Q1,Q2,Q2,Q1,Q1,Q1,Q2,Q5,Q6,Q6,Q6,Q6,Q1,Q2,Q2,Q1,Q2,Q2,Q5,Q5,Q1,Q2,Q2,Q5,Q5,D1,,,,,,,,,,,,,,,,,,,,,,,,,,,,,,
2862,Q1,D2,,,,,,,,,,,,,,,,,,,,,,,,,,,,,,,,,,,,,,,,,,,,,,,,,,,,,,,,,,,
2863,Q1,Q2,Q3,Q3,Q2,D1,,,,,,,,,,,,,,,,,,,,,,,,,,,,,,,,,,,,,,,,,,,,,,,,,,,,,,,
2864,Q1,Q2,Q3,Q2,Q1,Q2,Q3,Q3,Q1,Q1,Q2,Q2,Q5,Q1,Q2,Q3,Q4,Q4,Q4,D2,,,,,,,,,,,,,,,,,,,,,,,,,,,,,,,,,,,,,,,,,
2865,Q1,Q1,Q2,Q3,Q5,Q1,Q1,Q2,Q3,Q4,Q4,Q3,Q3,Q3,Q5,Q5,Q5,Q5,Q5,Q5,Q1,Q1,Q2,Q5,Q2,Q2,Q5,Q6,D1,,,,,,,,,,,,,,,,,,,,,,,,,,,,,,,,
2866,Q1,Q2,Q2,Q1,Q2,Q1,Q2,Q2,Q2,Q2,Q5,Q6,D1,,,,,,,,,,,,,,,,,,,,,,,,,,,,,,,,,,,,,,,,,,,,,,,,
2867,Q1,Q2,Q1,Q1,Q2,Q5,Q4,Q4,Q5,Q6,D1,,,,,,,,,,,,,,,,,,,,,,,,,,,,,,,,,,,,,,,,,,,,,,,,,,
2868,Q1,Q2,Q5,Q5,Q5,Q6,Q6,Q6,Q2,D1,,,,,,,,,,,,,,,,,,,,,,,,,,,,,,,,,,,,,,,,,,,,,,,,,,,
2869,Q1,Q2,Q2,Q2,Q1,Q2,Q2,D1,,,,,,,,,,,,,,,,,,,,,,,,,,,,,,,,,,,,,,,,,,,,,,,,,,,,,
2870,Q1,Q2,Q3,Q2,Q1,Q2,Q4,Q5,Q5,Q6,Q1,Q2,D1,,,,,,,,,,,,,,,,,,,,,,,,,,,,,,,,,,,,,,,,,,,,,,,,
2871,Q1,Q1,Q2,Q3,Q5,Q5,Q4,Q6,Q1,Q1,Q2,Q5,Q5,Q6,Q6,Q1,Q2,D1,,,,,,,,,,,,,,,,,,,,,,,,,,,,,,,,,,,,,,,,,,,
2872,Q1,Q2,Q3,Q3,Q5,Q4,Q4,Q4,Q5,Q5,Q5,Q5,Q3,Q3,Q5,Q6,Q1,Q2,Q2,Q2,Q2,Q2,Q5,Q1,Q1,Q2,Q5,Q1,Q2,Q2,Q3,Q5,Q6,D1,,,,,,,,,,,,,,,,,,,,,,,,,,,
2873,Q1,Q2,Q5,Q2,Q3,Q5,D1,,,,,,,,,,,,,,,,,,,,,,,,,,,,,,,,,,,,,,,,,,,,,,,,,,,,,,
2874,Q1,Q2,Q3,Q4,Q4,D2,,,,,,,,,,,,,,,,,,,,,,,,,,,,,,,,,,,,,,,,,,,,,,,,,,,,,,,
2875,Q1,Q2,Q2,Q2,Q5,Q5,Q5,Q6,D1,,,,,,,,,,,,,,,,,,,,,,,,,,,,,,,,,,,,,,,,,,,,,,,,,,,,
2876,Q1,Q2,Q3,Q5,Q6,D1,,,,,,,,,,,,,,,,,,,,,,,,,,,,,,,,,,,,,,,,,,,,,,,,,,,,,,,
2877,Q1,Q2,Q2,D1,,,,,,,,,,,,,,,,,,,,,,,,,,,,,,,,,,,,,,,,,,,,,,,,,,,,,,,,,
2878,Q1,Q2,Q1,Q2,Q2,Q2,D1,,,,,,,,,,,,,,,,,,,,,,,,,,,,,,,,,,,,,,,,,,,,,,,,,,,,,,
2879,Q1,Q1,Q2,Q3,Q5,Q6,Q6,D1,,,,,,,,,,,,,,,,,,,,,,,,,,,,,,,,,,,,,,,,,,,,,,,,,,,,,
2880,Q1,Q2,D1,,,,,,,,,,,,,,,,,,,,,,,,,,,,,,,,,,,,,,,,,,,,,,,,,,,,,,,,,,
2881,Q1,Q2,D1,,,,,,,,,,,,,,,,,,,,,,,,,,,,,,,,,,,,,,,,,,,,,,,,,,,,,,,,,,
2882,Q1,Q2,Q3,Q3,D2,,,,,,,,,,,,,,,,,,,,,,,,,,,,,,,,,,,,,,,,,,,,,,,,,,,,,,,,
2883,Q1,Q2,Q2,Q3,Q5,Q2,Q2,Q5,Q6,Q6,Q1,Q2,Q3,Q3,D1,,,,,,,,,,,,,,,,,,,,,,,,,,,,,,,,,,,,,,,,,,,,,,
2884,Q1,Q2,Q3,Q5,Q6,Q1,Q2,Q2,Q4,Q5,Q3,Q4,Q5,Q5,Q6,D1,,,,,,,,,,,,,,,,,,,,,,,,,,,,,,,,,,,,,,,,,,,,,
2885,Q1,Q2,Q3,Q3,Q3,Q3,D2,,,,,,,,,,,,,,,,,,,,,,,,,,,,,,,,,,,,,,,,,,,,,,,,,,,,,,
2886,Q1,Q2,Q2,Q3,Q3,Q5,Q5,Q5,Q5,Q6,Q1,Q2,Q2,Q2,Q5,Q6,D1,,,,,,,,,,,,,,,,,,,,,,,,,,,,,,,,,,,,,,,,,,,,
2887,Q1,Q2,Q3,Q5,Q5,Q6,Q6,Q1,Q2,Q5,Q4,D2,,,,,,,,,,,,,,,,,,,,,,,,,,,,,,,,,,,,,,,,,,,,,,,,,
2888,Q1,Q2,D1,,,,,,,,,,,,,,,,,,,,,,,,,,,,,,,,,,,,,,,,,,,,,,,,,,,,,,,,,,
2889,Q1,Q2,Q2,Q5,Q5,Q2,Q1,Q2,Q1,Q1,Q2,Q3,D2,,,,,,,,,,,,,,,,,,,,,,,,,,,,,,,,,,,,,,,,,,,,,,,,
2890,Q1,Q1,Q2,Q2,Q3,Q4,Q5,Q5,Q5,Q6,Q1,Q1,Q1,Q2,Q2,Q5,Q1,Q2,Q1,Q2,Q2,Q1,Q2,Q2,Q2,Q2,Q5,Q2,Q1,Q2,Q1,Q2,Q2,Q3,Q4,Q4,Q4,Q6,D1,,,,,,,,,,,,,,,,,,,,,,
2891,Q1,Q2,Q5,Q5,Q5,Q5,Q3,Q2,D1,,,,,,,,,,,,,,,,,,,,,,,,,,,,,,,,,,,,,,,,,,,,,,,,,,,,
2892,Q1,Q2,Q2,Q2,Q2,Q3,Q4,Q3,Q5,Q5,Q3,Q5,Q4,Q4,Q4,D2,,,,,,,,,,,,,,,,,,,,,,,,,,,,,,,,,,,,,,,,,,,,,
2893,Q1,Q2,Q3,Q3,Q3,D1,,,,,,,,,,,,,,,,,,,,,,,,,,,,,,,,,,,,,,,,,,,,,,,,,,,,,,,
2894,Q1,Q2,Q4,Q5,Q5,Q5,Q5,Q6,D1,,,,,,,,,,,,,,,,,,,,,,,,,,,,,,,,,,,,,,,,,,,,,,,,,,,,
2895,Q1,Q2,D1,,,,,,,,,,,,,,,,,,,,,,,,,,,,,,,,,,,,,,,,,,,,,,,,,,,,,,,,,,
2896,Q1,Q2,Q2,Q2,Q2,Q3,Q2,D1,,,,,,,,,,,,,,,,,,,,,,,,,,,,,,,,,,,,,,,,,,,,,,,,,,,,,
2897,Q1,Q2,Q1,D2,,,,,,,,,,,,,,,,,,,,,,,,,,,,,,,,,,,,,,,,,,,,,,,,,,,,,,,,,
2898,Q1,Q2,D1,,,,,,,,,,,,,,,,,,,,,,,,,,,,,,,,,,,,,,,,,,,,,,,,,,,,,,,,,,
2899,Q1,Q2,Q5,Q5,Q5,Q5,Q5,Q5,Q5,Q2,Q3,Q3,Q3,Q3,Q4,Q5,Q6,Q2,Q3,Q5,Q5,Q6,Q6,Q1,Q2,D1,,,,,,,,,,,,,,,,,,,,,,,,,,,,,,,,,,,
2900,Q1,Q2,Q5,Q4,D2,,,,,,,,,,,,,,,,,,,,,,,,,,,,,,,,,,,,,,,,,,,,,,,,,,,,,,,,
2901,Q1,Q2,Q1,Q2,Q3,Q4,Q4,Q5,Q5,Q5,Q5,Q4,Q3,Q5,D1,,,,,,,,,,,,,,,,,,,,,,,,,,,,,,,,,,,,,,,,,,,,,,
2902,Q1,Q2,Q2,Q5,Q4,Q6,Q6,Q1,Q2,Q2,Q2,Q2,Q3,Q2,Q1,Q2,D1,,,,,,,,,,,,,,,,,,,,,,,,,,,,,,,,,,,,,,,,,,,,
2903,Q1,Q2,Q2,Q2,Q2,Q2,Q1,Q1,Q1,Q2,Q2,Q1,Q2,Q2,D1,,,,,,,,,,,,,,,,,,,,,,,,,,,,,,,,,,,,,,,,,,,,,,
2904,Q1,Q2,Q2,Q1,Q2,Q3,Q4,Q4,Q5,Q6,D1,,,,,,,,,,,,,,,,,,,,,,,,,,,,,,,,,,,,,,,,,,,,,,,,,,
2905,Q1,Q1,Q1,Q2,Q5,Q5,Q6,Q1,Q1,Q2,Q2,D1,,,,,,,,,,,,,,,,,,,,,,,,,,,,,,,,,,,,,,,,,,,,,,,,,
2906,Q1,Q1,Q2,Q2,Q2,Q5,Q3,Q5,Q5,Q5,Q6,Q1,Q2,Q1,Q2,Q2,Q2,Q3,Q4,Q5,Q6,D1,,,,,,,,,,,,,,,,,,,,,,,,,,,,,,,,,,,,,,,
2907,Q1,Q2,D2,,,,,,,,,,,,,,,,,,,,,,,,,,,,,,,,,,,,,,,,,,,,,,,,,,,,,,,,,,
2908,Q1,Q1,Q2,D1,,,,,,,,,,,,,,,,,,,,,,,,,,,,,,,,,,,,,,,,,,,,,,,,,,,,,,,,,
2909,Q1,Q1,Q2,Q3,Q5,Q1,Q1,Q2,Q3,Q3,Q5,Q6,D1,,,,,,,,,,,,,,,,,,,,,,,,,,,,,,,,,,,,,,,,,,,,,,,,
2910,Q1,Q2,Q1,D2,,,,,,,,,,,,,,,,,,,,,,,,,,,,,,,,,,,,,,,,,,,,,,,,,,,,,,,,,
2911,Q1,Q2,Q1,Q2,Q5,Q6,Q1,Q2,Q2,Q5,Q6,Q2,Q1,Q2,Q3,Q3,Q5,Q4,Q4,Q4,D2,,,,,,,,,,,,,,,,,,,,,,,,,,,,,,,,,,,,,,,,
2912,Q1,Q2,Q5,Q6,Q1,Q2,Q2,Q2,D1,,,,,,,,,,,,,,,,,,,,,,,,,,,,,,,,,,,,,,,,,,,,,,,,,,,,
2913,Q1,Q1,D2,,,,,,,,,,,,,,,,,,,,,,,,,,,,,,,,,,,,,,,,,,,,,,,,,,,,,,,,,,
2914,Q1,Q2,Q3,Q3,Q5,D1,,,,,,,,,,,,,,,,,,,,,,,,,,,,,,,,,,,,,,,,,,,,,,,,,,,,,,,
2915,Q1,Q1,Q2,D1,,,,,,,,,,,,,,,,,,,,,,,,,,,,,,,,,,,,,,,,,,,,,,,,,,,,,,,,,
2916,Q1,Q2,Q2,D1,,,,,,,,,,,,,,,,,,,,,,,,,,,,,,,,,,,,,,,,,,,,,,,,,,,,,,,,,
2917,Q1,D2,,,,,,,,,,,,,,,,,,,,,,,,,,,,,,,,,,,,,,,,,,,,,,,,,,,,,,,,,,,
2918,Q1,Q2,Q3,Q5,Q6,Q6,D1,,,,,,,,,,,,,,,,,,,,,,,,,,,,,,,,,,,,,,,,,,,,,,,,,,,,,,
2919,Q1,Q1,Q2,Q3,D1,,,,,,,,,,,,,,,,,,,,,,,,,,,,,,,,,,,,,,,,,,,,,,,,,,,,,,,,
2920,Q1,Q2,Q5,D1,,,,,,,,,,,,,,,,,,,,,,,,,,,,,,,,,,,,,,,,,,,,,,,,,,,,,,,,,
2921,Q1,Q2,Q5,Q2,D1,,,,,,,,,,,,,,,,,,,,,,,,,,,,,,,,,,,,,,,,,,,,,,,,,,,,,,,,
2922,Q1,Q2,Q2,Q1,Q2,Q1,Q2,D1,,,,,,,,,,,,,,,,,,,,,,,,,,,,,,,,,,,,,,,,,,,,,,,,,,,,,
2923,Q1,Q1,Q2,Q1,D2,,,,,,,,,,,,,,,,,,,,,,,,,,,,,,,,,,,,,,,,,,,,,,,,,,,,,,,,
2924,Q1,Q2,Q5,Q4,Q6,D1,,,,,,,,,,,,,,,,,,,,,,,,,,,,,,,,,,,,,,,,,,,,,,,,,,,,,,,
2925,Q1,Q2,Q2,Q1,Q2,Q2,Q2,D1,,,,,,,,,,,,,,,,,,,,,,,,,,,,,,,,,,,,,,,,,,,,,,,,,,,,,
2926,Q1,Q2,Q2,Q4,D2,,,,,,,,,,,,,,,,,,,,,,,,,,,,,,,,,,,,,,,,,,,,,,,,,,,,,,,,
2927,Q1,Q2,Q3,Q1,Q2,Q5,Q6,Q1,Q2,Q4,Q4,D1,,,,,,,,,,,,,,,,,,,,,,,,,,,,,,,,,,,,,,,,,,,,,,,,,
2928,Q1,Q1,Q2,Q1,Q2,Q1,Q2,Q2,Q4,Q5,Q6,Q6,Q1,Q1,Q1,Q2,Q5,Q5,Q5,Q1,Q2,Q5,Q5,Q5,Q5,Q6,D1,,,,,,,,,,,,,,,,,,,,,,,,,,,,,,,,,,
2929,Q1,D2,,,,,,,,,,,,,,,,,,,,,,,,,,,,,,,,,,,,,,,,,,,,,,,,,,,,,,,,,,,
2930,Q1,Q2,Q2,Q3,Q5,D1,,,,,,,,,,,,,,,,,,,,,,,,,,,,,,,,,,,,,,,,,,,,,,,,,,,,,,,
2931,Q1,D2,,,,,,,,,,,,,,,,,,,,,,,,,,,,,,,,,,,,,,,,,,,,,,,,,,,,,,,,,,,
2932,Q1,Q2,Q2,Q1,Q2,Q4,Q5,Q5,Q6,Q6,Q6,Q1,Q2,Q3,Q3,Q5,Q6,Q1,Q2,Q5,Q4,Q5,Q2,Q2,Q3,Q5,Q5,Q6,D1,,,,,,,,,,,,,,,,,,,,,,,,,,,,,,,,
2933,Q1,Q1,Q2,Q4,Q5,Q5,Q3,Q5,Q6,Q1,Q1,Q2,Q5,Q6,D1,,,,,,,,,,,,,,,,,,,,,,,,,,,,,,,,,,,,,,,,,,,,,,
2934,Q1,Q2,Q1,Q1,Q2,Q1,Q1,Q2,D1,,,,,,,,,,,,,,,,,,,,,,,,,,,,,,,,,,,,,,,,,,,,,,,,,,,,
2935,Q1,Q2,Q2,Q5,Q5,Q6,D1,,,,,,,,,,,,,,,,,,,,,,,,,,,,,,,,,,,,,,,,,,,,,,,,,,,,,,
2936,Q1,Q1,Q2,Q5,Q4,D1,,,,,,,,,,,,,,,,,,,,,,,,,,,,,,,,,,,,,,,,,,,,,,,,,,,,,,,
2937,Q1,Q2,Q3,Q3,Q1,Q2,Q4,Q4,Q5,Q6,Q6,Q6,Q6,Q6,Q1,Q2,Q3,Q2,Q2,D1,,,,,,,,,,,,,,,,,,,,,,,,,,,,,,,,,,,,,,,,,
2938,Q1,D2,,,,,,,,,,,,,,,,,,,,,,,,,,,,,,,,,,,,,,,,,,,,,,,,,,,,,,,,,,,
2939,Q1,Q1,Q2,Q1,Q2,Q1,Q2,Q5,Q3,Q3,Q2,Q3,Q2,Q5,Q6,Q6,Q6,Q6,D1,,,,,,,,,,,,,,,,,,,,,,,,,,,,,,,,,,,,,,,,,,
2940,Q1,Q2,Q1,Q1,Q2,Q1,Q2,Q1,Q2,Q2,Q1,Q2,Q2,D2,,,,,,,,,,,,,,,,,,,,,,,,,,,,,,,,,,,,,,,,,,,,,,,
2941,Q1,Q2,Q3,Q3,Q5,Q6,D1,,,,,,,,,,,,,,,,,,,,,,,,,,,,,,,,,,,,,,,,,,,,,,,,,,,,,,
2942,Q1,Q1,Q1,Q2,Q3,Q3,D2,,,,,,,,,,,,,,,,,,,,,,,,,,,,,,,,,,,,,,,,,,,,,,,,,,,,,,
2943,Q1,Q2,Q2,Q1,Q2,Q5,Q6,D1,,,,,,,,,,,,,,,,,,,,,,,,,,,,,,,,,,,,,,,,,,,,,,,,,,,,,
2944,Q1,Q2,Q5,Q6,D1,,,,,,,,,,,,,,,,,,,,,,,,,,,,,,,,,,,,,,,,,,,,,,,,,,,,,,,,
2945,Q1,Q2,D1,,,,,,,,,,,,,,,,,,,,,,,,,,,,,,,,,,,,,,,,,,,,,,,,,,,,,,,,,,
2946,Q1,Q2,Q2,Q2,Q1,Q2,Q3,Q5,Q1,Q2,D1,,,,,,,,,,,,,,,,,,,,,,,,,,,,,,,,,,,,,,,,,,,,,,,,,,
2947,Q1,Q1,Q2,Q2,Q2,Q5,Q6,Q1,Q2,Q3,Q5,Q6,D1,,,,,,,,,,,,,,,,,,,,,,,,,,,,,,,,,,,,,,,,,,,,,,,,
2948,Q1,Q2,Q2,Q5,Q6,Q6,Q6,Q1,Q1,Q1,Q2,D1,,,,,,,,,,,,,,,,,,,,,,,,,,,,,,,,,,,,,,,,,,,,,,,,,
2949,Q1,Q2,Q2,Q3,Q4,Q5,Q5,Q1,Q1,Q2,Q1,Q2,D1,,,,,,,,,,,,,,,,,,,,,,,,,,,,,,,,,,,,,,,,,,,,,,,,
2950,Q1,Q2,D2,,,,,,,,,,,,,,,,,,,,,,,,,,,,,,,,,,,,,,,,,,,,,,,,,,,,,,,,,,
2951,Q1,Q2,Q2,Q1,Q2,Q3,Q5,Q5,Q6,Q1,Q2,D2,,,,,,,,,,,,,,,,,,,,,,,,,,,,,,,,,,,,,,,,,,,,,,,,,
2952,Q1,Q2,Q3,Q4,Q6,D1,,,,,,,,,,,,,,,,,,,,,,,,,,,,,,,,,,,,,,,,,,,,,,,,,,,,,,,
2953,Q1,Q1,Q2,Q2,Q2,Q2,Q1,Q2,D1,,,,,,,,,,,,,,,,,,,,,,,,,,,,,,,,,,,,,,,,,,,,,,,,,,,,
2954,Q1,Q2,Q1,Q2,Q5,D1,,,,,,,,,,,,,,,,,,,,,,,,,,,,,,,,,,,,,,,,,,,,,,,,,,,,,,,
2955,Q1,Q1,Q2,Q5,Q5,Q4,Q5,Q4,Q3,Q3,Q5,Q6,D1,,,,,,,,,,,,,,,,,,,,,,,,,,,,,,,,,,,,,,,,,,,,,,,,
2956,Q1,Q1,Q2,D1,,,,,,,,,,,,,,,,,,,,,,,,,,,,,,,,,,,,,,,,,,,,,,,,,,,,,,,,,
2957,Q1,Q2,Q2,Q2,D1,,,,,,,,,,,,,,,,,,,,,,,,,,,,,,,,,,,,,,,,,,,,,,,,,,,,,,,,
2958,Q1,Q2,Q2,Q2,Q1,D2,,,,,,,,,,,,,,,,,,,,,,,,,,,,,,,,,,,,,,,,,,,,,,,,,,,,,,,
2959,Q1,Q2,Q2,Q2,D2,,,,,,,,,,,,,,,,,,,,,,,,,,,,,,,,,,,,,,,,,,,,,,,,,,,,,,,,
2960,Q1,Q2,Q1,Q2,Q3,Q4,Q4,Q6,Q1,Q2,Q3,Q3,Q3,Q3,Q5,Q6,Q1,Q2,Q5,Q5,D1,,,,,,,,,,,,,,,,,,,,,,,,,,,,,,,,,,,,,,,,
2961,Q1,Q2,Q3,Q5,Q5,Q1,Q2,Q5,Q5,Q5,Q3,D2,,,,,,,,,,,,,,,,,,,,,,,,,,,,,,,,,,,,,,,,,,,,,,,,,
2962,Q1,Q2,Q3,Q4,Q6,D1,,,,,,,,,,,,,,,,,,,,,,,,,,,,,,,,,,,,,,,,,,,,,,,,,,,,,,,
2963,Q1,Q1,Q2,Q3,Q3,Q3,Q3,Q3,Q5,Q6,D1,,,,,,,,,,,,,,,,,,,,,,,,,,,,,,,,,,,,,,,,,,,,,,,,,,
2964,Q1,Q1,Q2,Q2,Q2,Q2,Q2,Q2,D1,,,,,,,,,,,,,,,,,,,,,,,,,,,,,,,,,,,,,,,,,,,,,,,,,,,,
2965,Q1,Q2,D1,,,,,,,,,,,,,,,,,,,,,,,,,,,,,,,,,,,,,,,,,,,,,,,,,,,,,,,,,,
2966,Q1,Q2,D1,,,,,,,,,,,,,,,,,,,,,,,,,,,,,,,,,,,,,,,,,,,,,,,,,,,,,,,,,,
2967,Q1,Q2,Q2,Q2,Q5,Q5,Q2,Q5,Q5,Q5,Q5,D1,,,,,,,,,,,,,,,,,,,,,,,,,,,,,,,,,,,,,,,,,,,,,,,,,
2968,Q1,Q2,Q2,Q1,Q2,Q1,Q2,D1,,,,,,,,,,,,,,,,,,,,,,,,,,,,,,,,,,,,,,,,,,,,,,,,,,,,,
2969,Q1,Q2,Q3,Q3,Q3,Q5,Q4,Q5,Q6,Q6,Q1,Q2,Q2,Q2,Q3,Q3,Q4,D2,,,,,,,,,,,,,,,,,,,,,,,,,,,,,,,,,,,,,,,,,,,
2970,Q1,Q2,Q2,Q2,Q2,Q1,Q2,Q3,Q3,Q3,Q3,Q3,Q5,Q2,Q3,Q5,Q6,Q6,Q1,Q2,Q5,Q5,D1,,,,,,,,,,,,,,,,,,,,,,,,,,,,,,,,,,,,,,
2971,Q1,Q2,Q1,Q2,Q1,Q2,D1,,,,,,,,,,,,,,,,,,,,,,,,,,,,,,,,,,,,,,,,,,,,,,,,,,,,,,
2972,Q1,Q2,Q2,Q2,Q2,D2,,,,,,,,,,,,,,,,,,,,,,,,,,,,,,,,,,,,,,,,,,,,,,,,,,,,,,,
2973,Q1,Q2,Q3,Q2,Q1,Q2,Q1,Q2,Q3,Q5,Q6,D1,,,,,,,,,,,,,,,,,,,,,,,,,,,,,,,,,,,,,,,,,,,,,,,,,
2974,Q1,Q2,Q1,Q2,D1,,,,,,,,,,,,,,,,,,,,,,,,,,,,,,,,,,,,,,,,,,,,,,,,,,,,,,,,
2975,Q1,Q2,Q3,Q3,D1,,,,,,,,,,,,,,,,,,,,,,,,,,,,,,,,,,,,,,,,,,,,,,,,,,,,,,,,
2976,Q1,Q2,Q2,Q3,Q1,Q2,D1,,,,,,,,,,,,,,,,,,,,,,,,,,,,,,,,,,,,,,,,,,,,,,,,,,,,,,
2977,Q1,Q2,Q3,Q3,Q5,Q4,Q4,Q5,Q4,Q6,Q1,Q1,Q2,Q3,D1,,,,,,,,,,,,,,,,,,,,,,,,,,,,,,,,,,,,,,,,,,,,,,
2978,Q1,Q2,D1,,,,,,,,,,,,,,,,,,,,,,,,,,,,,,,,,,,,,,,,,,,,,,,,,,,,,,,,,,
2979,Q1,D2,,,,,,,,,,,,,,,,,,,,,,,,,,,,,,,,,,,,,,,,,,,,,,,,,,,,,,,,,,,
2980,Q1,Q2,Q4,Q5,Q6,Q1,Q1,Q2,D1,,,,,,,,,,,,,,,,,,,,,,,,,,,,,,,,,,,,,,,,,,,,,,,,,,,,
2981,Q1,Q2,Q1,Q1,Q2,Q1,Q2,Q3,D1,,,,,,,,,,,,,,,,,,,,,,,,,,,,,,,,,,,,,,,,,,,,,,,,,,,,
2982,Q1,Q1,Q2,Q1,Q2,Q2,Q2,Q5,D1,,,,,,,,,,,,,,,,,,,,,,,,,,,,,,,,,,,,,,,,,,,,,,,,,,,,
2983,Q1,Q2,Q2,D1,,,,,,,,,,,,,,,,,,,,,,,,,,,,,,,,,,,,,,,,,,,,,,,,,,,,,,,,,
2984,Q1,Q2,Q2,Q2,Q3,Q1,Q2,Q1,Q1,Q2,Q5,Q1,Q2,Q3,Q3,Q4,Q4,Q3,Q3,D2,,,,,,,,,,,,,,,,,,,,,,,,,,,,,,,,,,,,,,,,,
2985,Q1,Q1,D2,,,,,,,,,,,,,,,,,,,,,,,,,,,,,,,,,,,,,,,,,,,,,,,,,,,,,,,,,,
2986,Q1,Q2,Q2,Q3,Q5,D1,,,,,,,,,,,,,,,,,,,,,,,,,,,,,,,,,,,,,,,,,,,,,,,,,,,,,,,
2987,Q1,Q2,Q2,Q2,Q2,Q2,D1,,,,,,,,,,,,,,,,,,,,,,,,,,,,,,,,,,,,,,,,,,,,,,,,,,,,,,
2988,Q1,Q1,Q2,Q2,Q2,Q3,Q3,D2,,,,,,,,,,,,,,,,,,,,,,,,,,,,,,,,,,,,,,,,,,,,,,,,,,,,,
2989,Q1,Q2,D2,,,,,,,,,,,,,,,,,,,,,,,,,,,,,,,,,,,,,,,,,,,,,,,,,,,,,,,,,,
2990,Q1,Q2,Q2,D1,,,,,,,,,,,,,,,,,,,,,,,,,,,,,,,,,,,,,,,,,,,,,,,,,,,,,,,,,
2991,Q1,Q2,Q2,Q3,Q5,Q5,Q5,Q5,Q6,D1,,,,,,,,,,,,,,,,,,,,,,,,,,,,,,,,,,,,,,,,,,,,,,,,,,,
2992,Q1,Q2,Q1,Q2,Q4,Q4,Q5,Q5,Q6,Q1,Q2,Q2,Q1,Q2,D1,,,,,,,,,,,,,,,,,,,,,,,,,,,,,,,,,,,,,,,,,,,,,,
2993,Q1,Q2,Q5,Q5,Q2,Q2,Q2,Q2,Q2,Q3,Q5,Q5,Q1,Q2,D1,,,,,,,,,,,,,,,,,,,,,,,,,,,,,,,,,,,,,,,,,,,,,,
2994,Q1,Q2,Q3,Q1,Q2,Q2,D1,,,,,,,,,,,,,,,,,,,,,,,,,,,,,,,,,,,,,,,,,,,,,,,,,,,,,,
2995,Q1,Q1,Q2,Q1,Q2,Q1,Q2,Q5,Q4,Q5,Q5,Q6,Q6,Q1,Q2,Q2,Q4,Q5,Q5,D1,,,,,,,,,,,,,,,,,,,,,,,,,,,,,,,,,,,,,,,,,
2996,Q1,Q2,Q3,Q2,Q2,Q2,D1,,,,,,,,,,,,,,,,,,,,,,,,,,,,,,,,,,,,,,,,,,,,,,,,,,,,,,
2997,Q1,Q1,Q2,Q4,Q4,Q5,Q5,Q6,Q1,Q2,Q2,Q1,Q2,Q3,Q3,Q3,Q3,Q3,Q4,Q4,Q5,Q6,D1,,,,,,,,,,,,,,,,,,,,,,,,,,,,,,,,,,,,,,
2998,Q1,Q2,Q2,Q4,Q5,Q5,Q6,D1,,,,,,,,,,,,,,,,,,,,,,,,,,,,,,,,,,,,,,,,,,,,,,,,,,,,,
2999,Q1,Q2,D1,,,,,,,,,,,,,,,,,,,,,,,,,,,,,,,,,,,,,,,,,,,,,,,,,,,,,,,,,,
3000,Q1,D2,,,,,,,,,,,,,,,,,,,,,,,,,,,,,,,,,,,,,,,,,,,,,,,,,,,,,,,,,,,
