id_tortuga,dia_1,dia_2,dia_3,dia_4,dia_5,dia_6,dia_7,dia_8,dia_9,dia_10,dia_11,dia_12,dia_13,dia_14,dia_15,dia_16,dia_17,dia_18,dia_19,dia_20,dia_21,dia_22,dia_23,dia_24,dia_25,dia_26,dia_27,dia_28,dia_29,dia_30
1,V1,V2,V3,V4,V4,V4,V6,L1,,,,,,,,,,,,,,,,,,,,,,
2,V1,V2,V4,V4,L2,,,,,,,,,,,,,,,,,,,,,,,,,
3,V1,V4,V5,V6,V6,L1,,,,,,,,,,,,,,,,,,,,,,,,
4,V1,V2,V3,V4,V4,V5,V5,V6,V5,V5,V5,V5,V5,V5,V5,V5,V6,L1,,,,,,,,,,,,
5,V1,V2,V3,L2,,,,,,,,,,,,,,,,,,,,,,,,,,
6,V1,V2,V3,L2,,,,,,,,,,,,,,,,,,,,,,,,,,
7,V1,V2,V4,V4,V4,V6,V6,V6,V6,V6,L1,,,,,,,,,,,,,,,,,,,
8,V1,V2,V3,V4,V4,V5,V5,V6,V6,V6,V5,V6,V6,V6,V6,V6,L1,,,,,,,,,,,,,
9,V1,L2,,,,,,,,,,,,,,,,,,,,,,,,,,,,
10,V1,V1,V2,V4,V4,V5,V5,V6,L1,,,,,,,,,,,,,,,,,,,,,
11,V1,V4,V5,V5,V6,V5,V5,V5,V6,V6,V6,V5,V6,V6,V6,V6,L1,,,,,,,,,,,,,
12,V1,V4,V4,L2,,,,,,,,,,,,,,,,,,,,,,,,,,
13,V1,V3,V5,V6,V6,L1,,,,,,,,,,,,,,,,,,,,,,,,
14,V1,V2,V3,V5,V5,V6,V6,L1,,,,,,,,,,,,,,,,,,,,,,
15,V1,V1,V2,V5,V6,V6,V6,V6,V6,V6,V6,V5,V5,V5,V5,V5,V6,L1,,,,,,,,,,,,
16,V1,V2,V3,V4,V4,V5,V6,V6,V6,L1,,,,,,,,,,,,,,,,,,,,
17,V1,V3,V5,V6,V6,V6,L1,,,,,,,,,,,,,,,,,,,,,,,
18,V1,V3,V4,V5,V6,V6,V6,V6,L1,,,,,,,,,,,,,,,,,,,,,
19,V1,V2,V2,V3,V3,V4,L2,,,,,,,,,,,,,,,,,,,,,,,
20,V1,V2,V3,V3,V5,V5,V6,V6,V6,L1,,,,,,,,,,,,,,,,,,,,
21,V1,V2,V3,V3,V5,V5,V4,L2,,,,,,,,,,,,,,,,,,,,,,
22,V1,V1,V2,V3,V3,V4,V5,L2,,,,,,,,,,,,,,,,,,,,,,
23,V1,V4,V4,L2,,,,,,,,,,,,,,,,,,,,,,,,,,
24,V1,V2,V5,V5,V6,L1,,,,,,,,,,,,,,,,,,,,,,,,
25,V1,V4,L2,,,,,,,,,,,,,,,,,,,,,,,,,,,
26,V1,V2,V3,V5,V5,V6,V6,V6,V6,V6,V6,V6,V6,L1,,,,,,,,,,,,,,,,
27,V1,V2,V2,V3,V5,V6,V6,L1,,,,,,,,,,,,,,,,,,,,,,
28,V1,V3,V5,V5,V5,V6,L1,,,,,,,,,,,,,,,,,,,,,,,
29,V1,V2,V3,V4,V4,V4,V4,V4,L2,,,,,,,,,,,,,,,,,,,,,
30,V1,V2,V2,V3,V4,V5,V5,V5,V5,V5,L2,,,,,,,,,,,,,,,,,,,
31,V1,V2,V5,V4,V4,L2,,,,,,,,,,,,,,,,,,,,,,,,
32,V1,V2,V3,V4,V4,V5,V5,V5,V6,L1,,,,,,,,,,,,,,,,,,,,
33,V1,L2,,,,,,,,,,,,,,,,,,,,,,,,,,,,
34,V1,V2,V2,V2,V3,V3,V3,V3,L2,,,,,,,,,,,,,,,,,,,,,
35,V1,V2,V2,V5,V6,L1,,,,,,,,,,,,,,,,,,,,,,,,
36,V1,V2,V5,L2,,,,,,,,,,,,,,,,,,,,,,,,,,
37,V1,V2,L2,,,,,,,,,,,,,,,,,,,,,,,,,,,
38,V1,V2,V3,V5,V6,V6,V6,V5,V6,V6,V5,V6,L1,,,,,,,,,,,,,,,,,
39,V1,V3,V4,V5,V4,V4,V4,V4,V6,V6,V6,V6,L1,,,,,,,,,,,,,,,,,
40,V1,V4,V6,L1,,,,,,,,,,,,,,,,,,,,,,,,,,
41,V1,V2,V5,V5,V5,V6,V6,L1,,,,,,,,,,,,,,,,,,,,,,
42,V1,V2,V2,V2,V3,V5,V6,V6,V5,V5,V5,V5,V5,V5,V5,V5,V5,V6,V6,L1,,,,,,,,,,
43,V1,V4,V4,V4,V5,V5,V5,V6,L1,,,,,,,,,,,,,,,,,,,,,
44,V1,V2,V4,V5,V6,V6,V6,L1,,,,,,,,,,,,,,,,,,,,,,
45,V1,V3,V4,L2,,,,,,,,,,,,,,,,,,,,,,,,,,
46,V1,V2,V4,V6,V6,L1,,,,,,,,,,,,,,,,,,,,,,,,
47,V1,V2,L2,,,,,,,,,,,,,,,,,,,,,,,,,,,
48,V1,V4,L2,,,,,,,,,,,,,,,,,,,,,,,,,,,
49,V1,V4,V4,V5,V6,V6,V6,V6,V6,L1,,,,,,,,,,,,,,,,,,,,
50,V1,V2,V4,V4,V4,V4,V5,V5,V5,V5,V5,V6,V6,L1,,,,,,,,,,,,,,,,
51,V1,V3,L2,,,,,,,,,,,,,,,,,,,,,,,,,,,
52,V1,V2,V5,V5,L2,,,,,,,,,,,,,,,,,,,,,,,,,
53,V1,V2,V3,V3,V5,V5,L2,,,,,,,,,,,,,,,,,,,,,,,
54,V1,V2,V5,V5,V5,V6,V5,V5,V5,V4,V4,V4,V4,L2,,,,,,,,,,,,,,,,
55,V1,V2,V2,V5,V5,V5,V5,V6,V6,V6,L1,,,,,,,,,,,,,,,,,,,
56,V1,V2,V3,V3,V4,V4,V4,V4,V5,V5,V6,V6,L1,,,,,,,,,,,,,,,,,
57,V1,V2,V5,V6,V6,V6,V5,V6,V6,V6,V6,V5,V5,V6,L1,,,,,,,,,,,,,,,
58,V1,V2,V2,V3,V3,L2,,,,,,,,,,,,,,,,,,,,,,,,
59,V1,V4,V5,V5,V5,V6,V6,V6,L1,,,,,,,,,,,,,,,,,,,,,
60,V1,V2,V3,V4,V6,V6,L1,,,,,,,,,,,,,,,,,,,,,,,
61,V1,V2,V2,V2,V5,V5,V6,V6,L1,,,,,,,,,,,,,,,,,,,,,
62,V1,V1,V2,V4,V4,V4,L2,,,,,,,,,,,,,,,,,,,,,,,
63,V1,V3,V3,V3,V5,V5,V6,V6,V6,V6,V6,V6,V5,V5,V5,V6,V6,L1,,,,,,,,,,,,
64,V1,V2,V5,V6,L1,,,,,,,,,,,,,,,,,,,,,,,,,
65,V1,V2,V5,V5,V5,V5,V5,V5,L2,,,,,,,,,,,,,,,,,,,,,
66,V1,V1,V2,V5,V5,V5,V5,V6,V6,L1,,,,,,,,,,,,,,,,,,,,
67,V1,V3,V5,V5,V5,V5,V6,V6,L1,,,,,,,,,,,,,,,,,,,,,
68,V1,V2,V2,V2,V3,V3,V4,V6,V6,V6,L1,,,,,,,,,,,,,,,,,,,
69,V1,V2,V3,L2,,,,,,,,,,,,,,,,,,,,,,,,,,
70,V1,V2,V3,V4,V4,V6,L1,,,,,,,,,,,,,,,,,,,,,,,
71,V1,V4,V5,V5,V6,L1,,,,,,,,,,,,,,,,,,,,,,,,
72,V1,L2,,,,,,,,,,,,,,,,,,,,,,,,,,,,
73,V1,V2,V5,V6,L1,,,,,,,,,,,,,,,,,,,,,,,,,
74,V1,V2,L2,,,,,,,,,,,,,,,,,,,,,,,,,,,
75,V1,V3,V3,V4,V4,V6,V6,V6,L1,,,,,,,,,,,,,,,,,,,,,
76,V1,V3,V3,V5,V5,V5,V5,V5,V6,L1,,,,,,,,,,,,,,,,,,,,
77,V1,V2,V3,V5,V6,L1,,,,,,,,,,,,,,,,,,,,,,,,
78,V1,V2,V2,V3,V4,L2,,,,,,,,,,,,,,,,,,,,,,,,
79,V1,V2,V2,V4,V4,V5,L2,,,,,,,,,,,,,,,,,,,,,,,
80,V1,V3,V5,V6,L1,,,,,,,,,,,,,,,,,,,,,,,,,
81,V1,L2,,,,,,,,,,,,,,,,,,,,,,,,,,,,
82,V1,V2,V3,V4,V4,V5,V5,V5,V6,V6,V5,V5,V6,V6,V6,V6,L1,,,,,,,,,,,,,
83,V1,V2,V3,V4,V5,L2,,,,,,,,,,,,,,,,,,,,,,,,
84,V1,V2,V2,V2,V5,V5,V6,V6,V6,L1,,,,,,,,,,,,,,,,,,,,
85,V1,V2,V3,V5,V5,V6,V6,V6,V6,L1,,,,,,,,,,,,,,,,,,,,
86,V1,V1,V3,V5,V6,V6,V6,L1,,,,,,,,,,,,,,,,,,,,,,
87,V1,V2,V2,V4,L2,,,,,,,,,,,,,,,,,,,,,,,,,
88,V1,V3,V4,V6,L1,,,,,,,,,,,,,,,,,,,,,,,,,
89,V1,V2,V5,L2,,,,,,,,,,,,,,,,,,,,,,,,,,
90,V1,V2,V2,V3,V5,V6,L1,,,,,,,,,,,,,,,,,,,,,,,
91,V1,V4,V6,L1,,,,,,,,,,,,,,,,,,,,,,,,,,
92,V1,V2,V3,V5,V5,V5,V5,V5,V5,V6,V6,L1,,,,,,,,,,,,,,,,,,
93,V1,V2,V5,V6,V6,V6,L1,,,,,,,,,,,,,,,,,,,,,,,
94,V1,V2,V5,V6,L1,,,,,,,,,,,,,,,,,,,,,,,,,
95,V1,V4,V5,V6,V6,V6,L1,,,,,,,,,,,,,,,,,,,,,,,
96,V1,V1,V2,V5,L2,,,,,,,,,,,,,,,,,,,,,,,,,
97,V1,V2,L2,,,,,,,,,,,,,,,,,,,,,,,,,,,
98,V1,V3,V5,V5,V5,V4,V4,V4,V4,V4,V4,V5,V6,V6,V6,L1,,,,,,,,,,,,,,
99,V1,V3,V4,V5,V6,V6,V6,L1,,,,,,,,,,,,,,,,,,,,,,
100,V1,V2,V4,L2,,,,,,,,,,,,,,,,,,,,,,,,,,
101,V1,V3,V4,V6,L1,,,,,,,,,,,,,,,,,,,,,,,,,
102,V1,V2,V2,V5,V5,V5,V5,V5,V5,V5,V5,V5,L2,,,,,,,,,,,,,,,,,
103,V1,V1,V4,V4,V5,V6,V6,L1,,,,,,,,,,,,,,,,,,,,,,
104,V1,V1,V4,V5,V6,L1,,,,,,,,,,,,,,,,,,,,,,,,
105,V1,V3,V5,L2,,,,,,,,,,,,,,,,,,,,,,,,,,
106,V1,V3,V5,V5,V5,V6,V6,V5,V5,V5,V5,V6,L1,,,,,,,,,,,,,,,,,
107,V1,V2,V5,V5,V6,V6,V6,V6,L1,,,,,,,,,,,,,,,,,,,,,
108,V1,V2,V3,V5,V6,V6,L1,,,,,,,,,,,,,,,,,,,,,,,
109,V1,V2,V2,V2,V5,V6,L1,,,,,,,,,,,,,,,,,,,,,,,
110,V1,V3,V5,V6,V6,V6,L1,,,,,,,,,,,,,,,,,,,,,,,
111,V1,V2,V2,V5,V5,V5,V6,L1,,,,,,,,,,,,,,,,,,,,,,
112,V1,V2,V3,V4,V5,V6,V6,L1,,,,,,,,,,,,,,,,,,,,,,
113,V1,L2,,,,,,,,,,,,,,,,,,,,,,,,,,,,
114,V1,V2,V4,L2,,,,,,,,,,,,,,,,,,,,,,,,,,
115,V1,V2,V2,V5,V6,L1,,,,,,,,,,,,,,,,,,,,,,,,
116,V1,V1,V2,V2,V3,V4,V4,L2,,,,,,,,,,,,,,,,,,,,,,
117,V1,V3,V4,V6,V6,V6,L1,,,,,,,,,,,,,,,,,,,,,,,
118,V1,V3,V5,V5,V5,V5,V6,L1,,,,,,,,,,,,,,,,,,,,,,
119,V1,V4,L2,,,,,,,,,,,,,,,,,,,,,,,,,,,
120,V1,V2,V5,L2,,,,,,,,,,,,,,,,,,,,,,,,,,
121,V1,V2,V2,V2,V5,V6,V6,L1,,,,,,,,,,,,,,,,,,,,,,
122,V1,V2,V4,V4,V6,V6,V6,V6,V6,L1,,,,,,,,,,,,,,,,,,,,
123,V1,V2,L2,,,,,,,,,,,,,,,,,,,,,,,,,,,
124,V1,V2,V3,V3,V3,V3,V5,V4,V5,V6,V6,V6,V6,V6,V6,L1,,,,,,,,,,,,,,
125,V1,V2,V3,V5,V4,V5,L2,,,,,,,,,,,,,,,,,,,,,,,
126,V1,V2,V3,V4,V5,V6,L1,,,,,,,,,,,,,,,,,,,,,,,
127,V1,V2,V3,V5,V6,V6,V6,L1,,,,,,,,,,,,,,,,,,,,,,
128,V1,V2,V5,V5,V5,V5,V6,V6,V6,V6,V6,V6,V5,V6,V6,V6,V6,V6,L1,,,,,,,,,,,
129,V1,V3,V3,V3,V4,V4,V6,V6,V6,V6,V6,L1,,,,,,,,,,,,,,,,,,
130,V1,V3,V5,L2,,,,,,,,,,,,,,,,,,,,,,,,,,
131,V1,V3,V5,V6,V6,L1,,,,,,,,,,,,,,,,,,,,,,,,
132,V1,V2,V3,V3,L2,,,,,,,,,,,,,,,,,,,,,,,,,
133,V1,V1,V4,V4,L2,,,,,,,,,,,,,,,,,,,,,,,,,
134,V1,V2,V2,V5,V5,V5,V5,V5,V6,V6,L1,,,,,,,,,,,,,,,,,,,
135,V1,V2,V3,L2,,,,,,,,,,,,,,,,,,,,,,,,,,
136,V1,V4,V5,V6,V6,V6,V6,V6,V6,L1,,,,,,,,,,,,,,,,,,,,
137,V1,V2,V5,V5,V6,V6,L1,,,,,,,,,,,,,,,,,,,,,,,
138,V1,V2,V3,V5,L2,,,,,,,,,,,,,,,,,,,,,,,,,
139,V1,V3,V3,V3,V3,V4,V4,L2,,,,,,,,,,,,,,,,,,,,,,
140,V1,V2,V3,V3,V4,V5,V5,V5,V6,L1,,,,,,,,,,,,,,,,,,,,
141,V1,V2,V2,V5,V5,V4,V4,L2,,,,,,,,,,,,,,,,,,,,,,
142,V1,V3,V4,V4,L2,,,,,,,,,,,,,,,,,,,,,,,,,
143,V1,V2,V3,V5,V6,V5,V5,V5,L2,,,,,,,,,,,,,,,,,,,,,
144,V1,V2,V3,V5,V6,V6,V6,V6,V6,L1,,,,,,,,,,,,,,,,,,,,
145,V1,V2,V5,V6,V6,V6,L1,,,,,,,,,,,,,,,,,,,,,,,
146,V1,V3,V5,V5,V6,L1,,,,,,,,,,,,,,,,,,,,,,,,
147,V1,V2,V2,V3,V5,V5,V6,V6,L1,,,,,,,,,,,,,,,,,,,,,
148,V1,V2,L2,,,,,,,,,,,,,,,,,,,,,,,,,,,
149,V1,V2,V5,V4,V6,V6,V6,L1,,,,,,,,,,,,,,,,,,,,,,
150,V1,V2,V3,V5,V4,V5,V6,V6,L1,,,,,,,,,,,,,,,,,,,,,
151,V1,V2,V3,V3,V3,V5,V4,L2,,,,,,,,,,,,,,,,,,,,,,
152,V1,V3,V4,V5,V5,V6,L1,,,,,,,,,,,,,,,,,,,,,,,
153,V1,V3,V3,V3,V5,V5,V6,V6,V6,L1,,,,,,,,,,,,,,,,,,,,
154,V1,V4,V5,V5,V5,V6,L1,,,,,,,,,,,,,,,,,,,,,,,
155,V1,V1,V2,V5,V5,V5,V5,V6,V6,V6,V6,L1,,,,,,,,,,,,,,,,,,
156,V1,V3,V5,V6,V6,L1,,,,,,,,,,,,,,,,,,,,,,,,
157,V1,V2,V2,V2,V3,V3,V5,V5,V6,V6,V6,V6,V5,V5,V5,L2,,,,,,,,,,,,,,
158,V1,V2,V3,V3,V3,V5,V5,V5,V5,V6,L1,,,,,,,,,,,,,,,,,,,
159,V1,V2,V3,V4,V4,V4,L2,,,,,,,,,,,,,,,,,,,,,,,
160,V1,V1,V3,V3,V4,V6,V6,L1,,,,,,,,,,,,,,,,,,,,,,
161,V1,V3,V5,V5,V5,V5,V5,V6,L1,,,,,,,,,,,,,,,,,,,,,
162,V1,V2,V4,V6,V6,V6,V6,V6,V6,V6,V6,L1,,,,,,,,,,,,,,,,,,
163,V1,V2,V2,V2,V3,L2,,,,,,,,,,,,,,,,,,,,,,,,
164,V1,V3,V4,L2,,,,,,,,,,,,,,,,,,,,,,,,,,
165,V1,V4,V5,V6,L1,,,,,,,,,,,,,,,,,,,,,,,,,
166,V1,V1,V2,V4,V5,V5,V5,V6,L1,,,,,,,,,,,,,,,,,,,,,
167,V1,V2,V4,V5,V5,V5,V5,V6,V6,V6,V6,L1,,,,,,,,,,,,,,,,,,
168,V1,V3,V3,V3,V5,V4,V5,V5,V5,V4,V4,V4,L2,,,,,,,,,,,,,,,,,
169,V1,V2,V5,V5,V6,V6,V6,L1,,,,,,,,,,,,,,,,,,,,,,
170,V1,V2,V4,V4,V6,V6,V6,V6,V6,L1,,,,,,,,,,,,,,,,,,,,
171,V1,V2,V3,V5,V5,L2,,,,,,,,,,,,,,,,,,,,,,,,
172,V1,V3,V5,V5,V5,V5,V6,V6,V6,L1,,,,,,,,,,,,,,,,,,,,
173,V1,V2,V2,V2,V2,V3,V4,L2,,,,,,,,,,,,,,,,,,,,,,
174,V1,V3,V3,V5,V4,V6,V6,V6,L1,,,,,,,,,,,,,,,,,,,,,
175,V1,L2,,,,,,,,,,,,,,,,,,,,,,,,,,,,
176,V1,V2,V2,V2,V2,V2,V2,V5,V5,V5,V6,L1,,,,,,,,,,,,,,,,,,
177,V1,V2,V3,V5,V6,V6,L1,,,,,,,,,,,,,,,,,,,,,,,
178,V1,V1,V2,V5,V5,V6,V6,V6,V6,V6,V6,V6,L1,,,,,,,,,,,,,,,,,
179,V1,V3,V5,V5,V6,L1,,,,,,,,,,,,,,,,,,,,,,,,
180,V1,V2,V2,V3,V5,V5,V5,V6,V6,V6,L1,,,,,,,,,,,,,,,,,,,
181,V1,V2,V3,V4,V5,L2,,,,,,,,,,,,,,,,,,,,,,,,
182,V1,V3,V4,V4,V4,V4,L2,,,,,,,,,,,,,,,,,,,,,,,
183,V1,V2,V5,V5,V6,V6,V6,V6,L1,,,,,,,,,,,,,,,,,,,,,
184,V1,V3,V3,V4,V4,V5,V6,V6,L1,,,,,,,,,,,,,,,,,,,,,
185,V1,V2,V5,V5,V6,V6,L1,,,,,,,,,,,,,,,,,,,,,,,
186,V1,V2,V3,V4,V4,V4,V5,V6,V6,L1,,,,,,,,,,,,,,,,,,,,
187,V1,V3,L2,,,,,,,,,,,,,,,,,,,,,,,,,,,
188,V1,V4,L2,,,,,,,,,,,,,,,,,,,,,,,,,,,
189,V1,V4,L2,,,,,,,,,,,,,,,,,,,,,,,,,,,
190,V1,L2,,,,,,,,,,,,,,,,,,,,,,,,,,,,
191,V1,L2,,,,,,,,,,,,,,,,,,,,,,,,,,,,
192,V1,V2,V2,V5,V5,V6,L1,,,,,,,,,,,,,,,,,,,,,,,
193,V1,V2,V2,V4,L2,,,,,,,,,,,,,,,,,,,,,,,,,
194,V1,V2,V5,V6,L1,,,,,,,,,,,,,,,,,,,,,,,,,
195,V1,V2,V5,V5,V6,L1,,,,,,,,,,,,,,,,,,,,,,,,
196,V1,V2,V2,L2,,,,,,,,,,,,,,,,,,,,,,,,,,
197,V1,V2,V2,V5,V6,L1,,,,,,,,,,,,,,,,,,,,,,,,
198,V1,V2,V2,V3,V4,V5,V4,V4,V4,V4,V4,V4,V5,V5,V5,V5,V5,V5,V5,V5,V5,V5,V5,V6,V6,V6,L1,,,
199,V1,V3,V5,V5,V5,V6,V6,L1,,,,,,,,,,,,,,,,,,,,,,
200,V1,V2,V2,V5,V5,L2,,,,,,,,,,,,,,,,,,,,,,,,
201,V1,V3,V3,V5,V5,V6,V6,L1,,,,,,,,,,,,,,,,,,,,,,
202,V1,V2,V2,V3,V5,V6,V6,V6,L1,,,,,,,,,,,,,,,,,,,,,
203,V1,V2,V4,L2,,,,,,,,,,,,,,,,,,,,,,,,,,
204,V1,V2,V2,V4,V4,V4,L2,,,,,,,,,,,,,,,,,,,,,,,
205,V1,V3,V3,V5,V5,V6,V6,L1,,,,,,,,,,,,,,,,,,,,,,
206,V1,V3,V3,V4,V4,V4,V4,V5,V5,V5,V6,V6,V6,V6,V6,V6,V6,L1,,,,,,,,,,,,
207,V1,V1,V1,V2,V4,L2,,,,,,,,,,,,,,,,,,,,,,,,
208,V1,V2,L2,,,,,,,,,,,,,,,,,,,,,,,,,,,
209,V1,V3,L2,,,,,,,,,,,,,,,,,,,,,,,,,,,
210,V1,V4,L2,,,,,,,,,,,,,,,,,,,,,,,,,,,
211,V1,V1,V4,V5,V5,V5,V5,V5,V5,V5,V5,V4,V4,V4,L2,,,,,,,,,,,,,,,
212,V1,V3,V5,L2,,,,,,,,,,,,,,,,,,,,,,,,,,
213,V1,V2,V5,V6,V6,V6,V6,V6,V6,L1,,,,,,,,,,,,,,,,,,,,
214,V1,V2,V5,V5,V5,V5,V5,V6,V6,L1,,,,,,,,,,,,,,,,,,,,
215,V1,V2,V2,V2,V5,V5,V5,V5,V5,V5,V5,V5,L2,,,,,,,,,,,,,,,,,
216,V1,V3,V5,V5,V5,V4,L2,,,,,,,,,,,,,,,,,,,,,,,
217,V1,V2,V3,V3,V3,L2,,,,,,,,,,,,,,,,,,,,,,,,
218,V1,V2,V3,V5,V5,V6,L1,,,,,,,,,,,,,,,,,,,,,,,
219,V1,V1,V2,V2,V3,V4,V6,V6,V6,V6,L1,,,,,,,,,,,,,,,,,,,
220,V1,V3,V3,V5,V5,V6,V6,V6,L1,,,,,,,,,,,,,,,,,,,,,
221,V1,V4,V5,V5,V5,V5,V5,V5,V5,V4,V4,L2,,,,,,,,,,,,,,,,,,
222,V1,V3,V5,V6,V6,V6,L1,,,,,,,,,,,,,,,,,,,,,,,
223,V1,V4,V4,L2,,,,,,,,,,,,,,,,,,,,,,,,,,
224,V1,V3,V3,V5,V5,V5,V5,V6,V5,V5,V5,V5,V6,V6,V6,L1,,,,,,,,,,,,,,
225,V1,V4,V4,V4,V4,V4,V4,V6,V6,V6,V6,V6,L1,,,,,,,,,,,,,,,,,
226,V1,V2,V2,V3,V3,V5,V5,V6,V6,V6,V6,V5,V6,L1,,,,,,,,,,,,,,,,
227,V1,V2,V3,V5,V5,V5,V4,V4,V4,V5,V6,V6,L1,,,,,,,,,,,,,,,,,
228,V1,V4,V4,V5,V5,V5,V6,V6,V6,V6,L1,,,,,,,,,,,,,,,,,,,
229,V1,V4,V5,V6,V6,V6,V6,L1,,,,,,,,,,,,,,,,,,,,,,
230,V1,V1,V2,L2,,,,,,,,,,,,,,,,,,,,,,,,,,
231,V1,V2,V4,V4,L2,,,,,,,,,,,,,,,,,,,,,,,,,
232,V1,V1,V3,L2,,,,,,,,,,,,,,,,,,,,,,,,,,
233,V1,V3,V4,L2,,,,,,,,,,,,,,,,,,,,,,,,,,
234,V1,V3,V5,V5,V6,L1,,,,,,,,,,,,,,,,,,,,,,,,
235,V1,V2,V3,L2,,,,,,,,,,,,,,,,,,,,,,,,,,
236,V1,V1,V2,L2,,,,,,,,,,,,,,,,,,,,,,,,,,
237,V1,V2,V2,V3,L2,,,,,,,,,,,,,,,,,,,,,,,,,
238,V1,V4,V4,V4,V4,V4,V4,V4,V6,V6,V6,L1,,,,,,,,,,,,,,,,,,
239,V1,V2,V2,V3,V3,V3,V5,V5,V6,V6,L1,,,,,,,,,,,,,,,,,,,
240,V1,V1,L2,,,,,,,,,,,,,,,,,,,,,,,,,,,
241,V1,V3,L2,,,,,,,,,,,,,,,,,,,,,,,,,,,
242,V1,V2,V2,V2,L2,,,,,,,,,,,,,,,,,,,,,,,,,
243,V1,V2,V2,V3,V5,V5,V4,V4,V5,V5,V5,V5,V5,V4,V5,V6,V6,L1,,,,,,,,,,,,
244,V1,V2,V2,V3,V3,V4,L2,,,,,,,,,,,,,,,,,,,,,,,
245,V1,V2,L2,,,,,,,,,,,,,,,,,,,,,,,,,,,
246,V1,V2,V2,V3,V5,V6,V6,V6,V6,V6,V6,V6,L1,,,,,,,,,,,,,,,,,
247,V1,V2,V5,V5,V4,V6,V6,V6,V6,V5,V6,V6,V6,V6,V6,L1,,,,,,,,,,,,,,
248,V1,V2,V3,V4,V4,V5,L2,,,,,,,,,,,,,,,,,,,,,,,
249,V1,V3,V4,V4,V4,L2,,,,,,,,,,,,,,,,,,,,,,,,
250,V1,V3,V5,V5,V4,V5,V5,V4,V4,V5,V5,V5,V5,V6,V6,V6,V6,V6,V6,V6,L1,,,,,,,,,
251,V1,V3,V5,V6,V6,L1,,,,,,,,,,,,,,,,,,,,,,,,
252,V1,V3,V5,V6,V6,V6,L1,,,,,,,,,,,,,,,,,,,,,,,
253,V1,V2,V5,V5,V5,V6,V6,V6,V6,V6,L1,,,,,,,,,,,,,,,,,,,
254,V1,V4,V4,V4,L2,,,,,,,,,,,,,,,,,,,,,,,,,
255,V1,V1,V1,V2,V5,V5,V5,V5,V5,V5,V5,V6,L1,,,,,,,,,,,,,,,,,
256,V1,V2,V2,V2,V2,V3,V3,V3,V5,V5,V6,V6,V6,V6,V6,V6,L1,,,,,,,,,,,,,
257,V1,L2,,,,,,,,,,,,,,,,,,,,,,,,,,,,
258,V1,V3,V5,V5,V5,V6,L1,,,,,,,,,,,,,,,,,,,,,,,
259,V1,V2,L2,,,,,,,,,,,,,,,,,,,,,,,,,,,
260,V1,V4,V4,V4,V4,V5,V5,V5,V6,V6,L1,,,,,,,,,,,,,,,,,,,
261,V1,V3,V4,L2,,,,,,,,,,,,,,,,,,,,,,,,,,
262,V1,V2,L2,,,,,,,,,,,,,,,,,,,,,,,,,,,
263,V1,V2,V3,V5,V5,V5,V5,V4,V5,V5,V5,V5,V4,V4,V6,V6,V6,V6,V6,V6,V6,V6,V6,V6,V6,V6,V5,V6,L1,
264,V1,V2,V2,V4,V5,V6,V6,V6,V6,V6,V6,V6,L1,,,,,,,,,,,,,,,,,
265,V1,V2,V3,V4,V5,V5,V5,L2,,,,,,,,,,,,,,,,,,,,,,
266,V1,V3,V5,V5,V5,V6,L1,,,,,,,,,,,,,,,,,,,,,,,
267,V1,V3,V3,V5,V5,V4,V4,L2,,,,,,,,,,,,,,,,,,,,,,
268,V1,V2,V4,V4,V4,V5,V5,V5,V6,V6,V6,V5,V6,V6,V6,L1,,,,,,,,,,,,,,
269,V1,V2,V5,V6,V6,V6,L1,,,,,,,,,,,,,,,,,,,,,,,
270,V1,L2,,,,,,,,,,,,,,,,,,,,,,,,,,,,
271,V1,V3,V5,L2,,,,,,,,,,,,,,,,,,,,,,,,,,
272,V1,V2,V3,V5,V5,V5,V5,V5,V5,V4,V6,L1,,,,,,,,,,,,,,,,,,
273,V1,V2,V5,V5,V4,V4,V4,L2,,,,,,,,,,,,,,,,,,,,,,
274,V1,V2,V2,V2,V4,V5,V6,V6,V6,V6,V5,V5,V5,V5,V5,V5,V5,V5,V6,V6,V6,V6,V6,L1,,,,,,
275,V1,V2,V4,V4,V4,L2,,,,,,,,,,,,,,,,,,,,,,,,
276,V1,V3,V3,L2,,,,,,,,,,,,,,,,,,,,,,,,,,
277,V1,V4,V5,V5,V5,V5,V6,V6,L1,,,,,,,,,,,,,,,,,,,,,
278,V1,L2,,,,,,,,,,,,,,,,,,,,,,,,,,,,
279,V1,V3,V3,V4,V4,V5,V5,V5,V4,V5,V6,V6,V6,L1,,,,,,,,,,,,,,,,
280,V1,V4,L2,,,,,,,,,,,,,,,,,,,,,,,,,,,
281,V1,L2,,,,,,,,,,,,,,,,,,,,,,,,,,,,
282,V1,V4,V6,V6,L1,,,,,,,,,,,,,,,,,,,,,,,,,
283,V1,V2,V3,L2,,,,,,,,,,,,,,,,,,,,,,,,,,
284,V1,L2,,,,,,,,,,,,,,,,,,,,,,,,,,,,
285,V1,V2,V5,V5,V5,V5,V6,V6,V6,V6,V6,L1,,,,,,,,,,,,,,,,,,
286,V1,V2,V3,V3,V5,V6,L1,,,,,,,,,,,,,,,,,,,,,,,
287,V1,V2,L2,,,,,,,,,,,,,,,,,,,,,,,,,,,
288,V1,V4,L2,,,,,,,,,,,,,,,,,,,,,,,,,,,
289,V1,V2,V5,V5,V6,V6,L1,,,,,,,,,,,,,,,,,,,,,,,
290,V1,V2,V2,V3,V3,V4,V6,L1,,,,,,,,,,,,,,,,,,,,,,
291,V1,V3,L2,,,,,,,,,,,,,,,,,,,,,,,,,,,
292,V1,V2,V4,V4,V5,V4,V4,L2,,,,,,,,,,,,,,,,,,,,,,
293,V1,V3,V4,V6,V6,V6,L1,,,,,,,,,,,,,,,,,,,,,,,
294,V1,V2,V3,V4,V5,V5,V6,L1,,,,,,,,,,,,,,,,,,,,,,
295,V1,V2,V3,V3,V4,V5,V6,V6,L1,,,,,,,,,,,,,,,,,,,,,
296,V1,V3,V3,V5,V6,V6,V6,V6,L1,,,,,,,,,,,,,,,,,,,,,
297,V1,V1,V2,L2,,,,,,,,,,,,,,,,,,,,,,,,,,
298,V1,V3,V3,V5,V6,L1,,,,,,,,,,,,,,,,,,,,,,,,
299,V1,V2,V5,V6,V6,V6,V6,V5,V5,V5,V6,V6,V6,V6,L1,,,,,,,,,,,,,,,
300,V1,V2,V3,V3,V3,V3,V5,V5,V5,V6,V6,V6,L1,,,,,,,,,,,,,,,,,
301,V1,V2,V5,V5,V5,L2,,,,,,,,,,,,,,,,,,,,,,,,
302,V1,V2,V2,V3,V3,V4,V5,V4,L2,,,,,,,,,,,,,,,,,,,,,
303,V1,V2,V3,V5,V5,V6,L1,,,,,,,,,,,,,,,,,,,,,,,
304,V1,V3,V5,V6,V6,L1,,,,,,,,,,,,,,,,,,,,,,,,
305,V1,V2,V2,V3,V4,L2,,,,,,,,,,,,,,,,,,,,,,,,
306,V1,V2,V3,V5,V6,V6,L1,,,,,,,,,,,,,,,,,,,,,,,
307,V1,V1,V3,V3,V3,L2,,,,,,,,,,,,,,,,,,,,,,,,
308,V1,L2,,,,,,,,,,,,,,,,,,,,,,,,,,,,
309,V1,V2,V3,V5,V5,V5,V5,V5,V5,V5,V5,V6,V6,L1,,,,,,,,,,,,,,,,
310,V1,V4,V4,L2,,,,,,,,,,,,,,,,,,,,,,,,,,
311,V1,V4,V4,V5,V5,V5,V5,V5,V5,L2,,,,,,,,,,,,,,,,,,,,
312,V1,V4,V4,L2,,,,,,,,,,,,,,,,,,,,,,,,,,
313,V1,V2,V2,V3,V3,V5,V6,V5,V5,V5,V5,V5,V6,V6,L1,,,,,,,,,,,,,,,
314,V1,V2,V3,V5,V6,V6,V6,V6,V6,V6,V6,V6,V6,V6,L1,,,,,,,,,,,,,,,
315,V1,V2,V4,V5,V6,L1,,,,,,,,,,,,,,,,,,,,,,,,
316,V1,V2,V3,V5,V4,V6,L1,,,,,,,,,,,,,,,,,,,,,,,
317,V1,V4,V4,V5,V5,V5,V6,V6,V6,V6,V6,L1,,,,,,,,,,,,,,,,,,
318,V1,V3,V3,V4,V4,V4,V4,V6,L1,,,,,,,,,,,,,,,,,,,,,
319,V1,V2,V2,V2,V2,V5,V5,V5,V6,L1,,,,,,,,,,,,,,,,,,,,
320,V1,V2,V3,V3,V5,V5,V5,V6,V6,V6,V6,V5,V5,V6,L1,,,,,,,,,,,,,,,
321,V1,L2,,,,,,,,,,,,,,,,,,,,,,,,,,,,
322,V1,V2,L2,,,,,,,,,,,,,,,,,,,,,,,,,,,
323,V1,V4,V4,V5,V6,V6,L1,,,,,,,,,,,,,,,,,,,,,,,
324,V1,V2,V3,V5,V5,V5,V5,V5,V5,V5,V5,V5,V5,V6,L1,,,,,,,,,,,,,,,
325,V1,V2,V3,V5,V5,V6,L1,,,,,,,,,,,,,,,,,,,,,,,
326,V1,V2,L2,,,,,,,,,,,,,,,,,,,,,,,,,,,
327,V1,V1,V2,L2,,,,,,,,,,,,,,,,,,,,,,,,,,
328,V1,V2,V3,L2,,,,,,,,,,,,,,,,,,,,,,,,,,
329,V1,V4,L2,,,,,,,,,,,,,,,,,,,,,,,,,,,
330,V1,V1,V2,V5,V5,V6,L1,,,,,,,,,,,,,,,,,,,,,,,
331,V1,V3,V4,V6,L1,,,,,,,,,,,,,,,,,,,,,,,,,
332,V1,V2,V3,V5,V5,V5,V5,V6,L1,,,,,,,,,,,,,,,,,,,,,
333,V1,V4,V4,V4,L2,,,,,,,,,,,,,,,,,,,,,,,,,
334,V1,V2,V5,V5,V5,V6,V6,V6,V6,L1,,,,,,,,,,,,,,,,,,,,
335,V1,V2,V3,V4,L2,,,,,,,,,,,,,,,,,,,,,,,,,
336,V1,L2,,,,,,,,,,,,,,,,,,,,,,,,,,,,
337,V1,V2,V3,V3,V5,V6,V6,V6,V6,V6,V6,V6,L1,,,,,,,,,,,,,,,,,
338,V1,V1,V2,V5,V6,L1,,,,,,,,,,,,,,,,,,,,,,,,
339,V1,V4,L2,,,,,,,,,,,,,,,,,,,,,,,,,,,
340,V1,V2,V3,V3,V4,V4,V4,V5,V4,V5,L2,,,,,,,,,,,,,,,,,,,
341,V1,V2,V4,V4,V4,V4,V4,V4,V5,V6,L1,,,,,,,,,,,,,,,,,,,
342,V1,L2,,,,,,,,,,,,,,,,,,,,,,,,,,,,
343,V1,V4,V6,L1,,,,,,,,,,,,,,,,,,,,,,,,,,
344,V1,V2,V2,V5,V6,L1,,,,,,,,,,,,,,,,,,,,,,,,
345,V1,V2,V5,V5,V5,V6,V6,V6,V6,V6,L1,,,,,,,,,,,,,,,,,,,
346,V1,V3,V4,V4,V6,V6,L1,,,,,,,,,,,,,,,,,,,,,,,
347,V1,V4,L2,,,,,,,,,,,,,,,,,,,,,,,,,,,
348,V1,V2,V5,V5,V6,V6,V6,V6,V6,L1,,,,,,,,,,,,,,,,,,,,
349,V1,V2,V5,V5,V6,V6,V6,V6,L1,,,,,,,,,,,,,,,,,,,,,
350,V1,V2,V3,L2,,,,,,,,,,,,,,,,,,,,,,,,,,
351,V1,V2,V5,V6,V6,V6,L1,,,,,,,,,,,,,,,,,,,,,,,
352,V1,L2,,,,,,,,,,,,,,,,,,,,,,,,,,,,
353,V1,V2,V3,V5,V5,V5,V6,V6,V6,V6,V6,V6,V6,V6,V6,L1,,,,,,,,,,,,,,
354,V1,V2,V4,V6,L1,,,,,,,,,,,,,,,,,,,,,,,,,
355,V1,V1,V3,V4,V4,V4,V5,V6,V6,L1,,,,,,,,,,,,,,,,,,,,
356,V1,V2,V2,V2,V2,V4,V6,V6,V6,V6,V6,V6,V6,V6,L1,,,,,,,,,,,,,,,
357,V1,V2,V3,V4,V4,L2,,,,,,,,,,,,,,,,,,,,,,,,
358,V1,V1,V2,V3,V3,V5,V4,V5,V6,V6,V6,V6,V6,V6,V6,V6,V6,V6,L1,,,,,,,,,,,
359,V1,V4,V6,V6,V6,L1,,,,,,,,,,,,,,,,,,,,,,,,
360,V1,V2,V3,V3,V4,V4,V4,V4,V4,V4,V4,V4,L2,,,,,,,,,,,,,,,,,
361,V1,V2,V3,L2,,,,,,,,,,,,,,,,,,,,,,,,,,
362,V1,V2,V5,V5,L2,,,,,,,,,,,,,,,,,,,,,,,,,
363,V1,V2,V4,V4,V4,V4,V4,V5,V5,V6,V6,V6,V6,V6,L1,,,,,,,,,,,,,,,
364,V1,V3,V5,V5,V5,V5,L2,,,,,,,,,,,,,,,,,,,,,,,
365,V1,V2,V4,V4,V4,V4,V5,L2,,,,,,,,,,,,,,,,,,,,,,
366,V1,V2,V4,V4,V4,V4,V4,V4,V5,V5,V5,V6,V6,L1,,,,,,,,,,,,,,,,
367,V1,V2,V5,V6,L1,,,,,,,,,,,,,,,,,,,,,,,,,
368,V1,V2,V5,V6,L1,,,,,,,,,,,,,,,,,,,,,,,,,
369,V1,V1,V2,V4,V4,V5,V5,V5,V5,V6,V6,V5,V6,L1,,,,,,,,,,,,,,,,
370,V1,V2,V5,V5,V6,V6,V6,V6,V6,V6,L1,,,,,,,,,,,,,,,,,,,
371,V1,V4,L2,,,,,,,,,,,,,,,,,,,,,,,,,,,
372,V1,V2,V2,V2,V3,V3,V4,V5,V5,V6,L1,,,,,,,,,,,,,,,,,,,
373,V1,V1,V2,V4,V4,V4,V4,L2,,,,,,,,,,,,,,,,,,,,,,
374,V1,V2,V2,V2,V2,V5,V5,V6,L1,,,,,,,,,,,,,,,,,,,,,
375,V1,V2,V3,V3,V3,V4,V5,V5,V6,L1,,,,,,,,,,,,,,,,,,,,
376,V1,V2,V3,V5,V5,V5,V5,V5,L2,,,,,,,,,,,,,,,,,,,,,
377,V1,V1,V1,V2,V3,V4,V4,V6,V6,V6,V6,V6,V6,V6,V6,V6,V6,V6,V6,L1,,,,,,,,,,
378,V1,V2,V3,V4,V4,L2,,,,,,,,,,,,,,,,,,,,,,,,
379,V1,V2,V3,L2,,,,,,,,,,,,,,,,,,,,,,,,,,
380,V1,V3,V5,V5,V4,V5,V5,V5,V5,V5,V6,V6,V6,V6,V6,V6,V6,V6,V6,L1,,,,,,,,,,
381,V1,V2,V3,V4,V4,V4,V5,V5,V5,V6,V6,V6,V6,V6,V6,V6,V6,L1,,,,,,,,,,,,
382,V1,V2,V2,V3,L2,,,,,,,,,,,,,,,,,,,,,,,,,
383,V1,V2,V2,V2,V5,V5,V6,L1,,,,,,,,,,,,,,,,,,,,,,
384,V1,V3,V5,V5,V5,V5,V4,L2,,,,,,,,,,,,,,,,,,,,,,
385,V1,V3,V5,V5,V6,V6,V6,L1,,,,,,,,,,,,,,,,,,,,,,
386,V1,V2,V2,V3,V3,V4,L2,,,,,,,,,,,,,,,,,,,,,,,
387,V1,V2,V2,V3,V3,V4,L2,,,,,,,,,,,,,,,,,,,,,,,
388,V1,V2,V5,V6,L1,,,,,,,,,,,,,,,,,,,,,,,,,
389,V1,V1,V1,V2,V3,V4,L2,,,,,,,,,,,,,,,,,,,,,,,
390,V1,V1,V2,V5,V6,V6,V6,V6,V6,V6,L1,,,,,,,,,,,,,,,,,,,
391,V1,V1,V3,V3,V3,V3,V4,V5,V5,V6,V6,V6,V6,V6,V6,V6,V6,V5,V6,L1,,,,,,,,,,
392,V1,V3,V3,V4,V4,V4,V4,V4,V4,L2,,,,,,,,,,,,,,,,,,,,
393,V1,V3,V5,V4,V5,V6,V6,V5,V5,V5,L2,,,,,,,,,,,,,,,,,,,
394,V1,L2,,,,,,,,,,,,,,,,,,,,,,,,,,,,
395,V1,V1,V2,V3,V5,V6,L1,,,,,,,,,,,,,,,,,,,,,,,
396,V1,V2,V2,V5,V6,V6,L1,,,,,,,,,,,,,,,,,,,,,,,
397,V1,V2,V3,L2,,,,,,,,,,,,,,,,,,,,,,,,,,
398,V1,V2,V3,V4,V4,V4,V6,L1,,,,,,,,,,,,,,,,,,,,,,
399,V1,V1,V2,V5,V6,V6,L1,,,,,,,,,,,,,,,,,,,,,,,
400,V1,V3,V4,V5,V5,V4,V4,V5,V6,L1,,,,,,,,,,,,,,,,,,,,
401,V1,V4,V4,L2,,,,,,,,,,,,,,,,,,,,,,,,,,
402,V1,V2,V2,V3,V4,L2,,,,,,,,,,,,,,,,,,,,,,,,
403,V1,V2,V2,V3,L2,,,,,,,,,,,,,,,,,,,,,,,,,
404,V1,V2,V5,V6,V6,L1,,,,,,,,,,,,,,,,,,,,,,,,
405,V1,V2,V4,V4,V5,V5,V5,L2,,,,,,,,,,,,,,,,,,,,,,
406,V1,V2,V3,V4,V5,V5,V5,L2,,,,,,,,,,,,,,,,,,,,,,
407,V1,V3,V4,V5,V5,V6,V6,L1,,,,,,,,,,,,,,,,,,,,,,
408,V1,V4,V5,V5,V5,V5,V5,V5,V6,V6,V6,L1,,,,,,,,,,,,,,,,,,
409,V1,V1,L2,,,,,,,,,,,,,,,,,,,,,,,,,,,
410,V1,V2,V3,V4,V6,L1,,,,,,,,,,,,,,,,,,,,,,,,
411,V1,V2,V4,V4,V4,V4,V4,V4,V4,V5,V5,V5,V5,L2,,,,,,,,,,,,,,,,
412,V1,V2,V2,V2,V4,V4,V5,V6,V6,L1,,,,,,,,,,,,,,,,,,,,
413,V1,V4,V4,V4,V5,V5,V6,L1,,,,,,,,,,,,,,,,,,,,,,
414,V1,V2,V4,V4,V5,V5,V5,L2,,,,,,,,,,,,,,,,,,,,,,
415,V1,V2,V5,V5,V6,V6,V5,V5,V6,V6,V6,L1,,,,,,,,,,,,,,,,,,
416,V1,V3,V3,V5,V5,V6,L1,,,,,,,,,,,,,,,,,,,,,,,
417,V1,V2,V3,V4,V4,V6,V6,V6,L1,,,,,,,,,,,,,,,,,,,,,
418,V1,V4,V4,V4,V4,V6,V6,L1,,,,,,,,,,,,,,,,,,,,,,
419,V1,V2,V2,L2,,,,,,,,,,,,,,,,,,,,,,,,,,
420,V1,V4,V4,V4,V5,V6,L1,,,,,,,,,,,,,,,,,,,,,,,
421,V1,V2,V3,V4,V4,V4,V4,V5,L2,,,,,,,,,,,,,,,,,,,,,
422,V1,V4,V4,V6,V6,L1,,,,,,,,,,,,,,,,,,,,,,,,
423,V1,V2,V3,V3,V4,L2,,,,,,,,,,,,,,,,,,,,,,,,
424,V1,V4,V4,V4,V5,V6,L1,,,,,,,,,,,,,,,,,,,,,,,
425,V1,V3,V5,V6,V6,L1,,,,,,,,,,,,,,,,,,,,,,,,
426,V1,V2,V3,V5,V6,V6,V6,V6,L1,,,,,,,,,,,,,,,,,,,,,
427,V1,V3,V3,V5,V5,V5,V5,V5,V5,V5,V6,V6,V6,V5,V6,L1,,,,,,,,,,,,,,
428,V1,V2,V5,V6,L1,,,,,,,,,,,,,,,,,,,,,,,,,
429,V1,V2,V5,V5,V5,V5,V5,V5,V5,V6,V6,V6,V6,V6,V6,V5,V5,V5,V5,V5,V6,L1,,,,,,,,
430,V1,V2,V3,V4,V4,L2,,,,,,,,,,,,,,,,,,,,,,,,
431,V1,V2,V5,V5,V6,L1,,,,,,,,,,,,,,,,,,,,,,,,
432,V1,V2,V5,V6,V6,V6,L1,,,,,,,,,,,,,,,,,,,,,,,
433,V1,V3,V5,V4,V6,L1,,,,,,,,,,,,,,,,,,,,,,,,
434,V1,V3,L2,,,,,,,,,,,,,,,,,,,,,,,,,,,
435,V1,V4,L2,,,,,,,,,,,,,,,,,,,,,,,,,,,
436,V1,V2,V2,V3,V3,V5,V5,V4,L2,,,,,,,,,,,,,,,,,,,,,
437,V1,V2,V5,V5,V5,V5,V6,V6,L1,,,,,,,,,,,,,,,,,,,,,
438,V1,V3,V4,V6,V6,V6,L1,,,,,,,,,,,,,,,,,,,,,,,
439,V1,V2,V3,L2,,,,,,,,,,,,,,,,,,,,,,,,,,
440,V1,V2,V2,V3,V3,V3,L2,,,,,,,,,,,,,,,,,,,,,,,
441,V1,V2,V3,V3,V4,V4,V4,V5,V6,V6,V6,V6,V6,L1,,,,,,,,,,,,,,,,
442,V1,V2,V3,V5,V5,V5,V5,V5,V5,V5,V5,V5,V5,V5,L2,,,,,,,,,,,,,,,
443,V1,V3,V4,L2,,,,,,,,,,,,,,,,,,,,,,,,,,
444,V1,V2,V3,V4,V4,V4,L2,,,,,,,,,,,,,,,,,,,,,,,
445,V1,V2,L2,,,,,,,,,,,,,,,,,,,,,,,,,,,
446,V1,V3,L2,,,,,,,,,,,,,,,,,,,,,,,,,,,
447,V1,V2,V3,L2,,,,,,,,,,,,,,,,,,,,,,,,,,
448,V1,V4,V4,V4,V6,V6,V5,L2,,,,,,,,,,,,,,,,,,,,,,
449,V1,V2,V2,V4,L2,,,,,,,,,,,,,,,,,,,,,,,,,
450,V1,V2,V4,V4,V6,V6,V6,V5,V5,V5,V5,V5,V6,V6,V6,V6,L1,,,,,,,,,,,,,
451,V1,V2,V3,V5,V5,V6,L1,,,,,,,,,,,,,,,,,,,,,,,
452,V1,V2,V4,V4,V5,L2,,,,,,,,,,,,,,,,,,,,,,,,
453,V1,V3,V4,V4,L2,,,,,,,,,,,,,,,,,,,,,,,,,
454,V1,V2,V3,V4,V6,V6,V6,V6,V6,V6,V6,V6,V6,V6,V6,V6,L1,,,,,,,,,,,,,
455,V1,V2,V2,V2,V3,V5,V5,V5,V5,V6,L1,,,,,,,,,,,,,,,,,,,
456,V1,V4,V5,V6,L1,,,,,,,,,,,,,,,,,,,,,,,,,
457,V1,V3,V4,V4,V6,L1,,,,,,,,,,,,,,,,,,,,,,,,
458,V1,V2,V3,V3,V5,V5,V5,V6,V6,L1,,,,,,,,,,,,,,,,,,,,
459,V1,V2,V5,V5,V5,V5,V5,V6,L1,,,,,,,,,,,,,,,,,,,,,
460,V1,V2,V2,V2,V5,V5,V6,V6,L1,,,,,,,,,,,,,,,,,,,,,
461,V1,V2,V3,V4,V5,V6,V5,V5,V6,V6,L1,,,,,,,,,,,,,,,,,,,
462,V1,V2,V4,L2,,,,,,,,,,,,,,,,,,,,,,,,,,
463,V1,V2,V5,V6,V6,V5,V6,V6,V6,V5,V5,V5,V5,V5,V6,V6,V6,V6,V6,V6,V6,V6,V6,V6,V6,V6,L1,,,
464,V1,L2,,,,,,,,,,,,,,,,,,,,,,,,,,,,
465,V1,V1,V2,V2,V3,V4,V4,L2,,,,,,,,,,,,,,,,,,,,,,
466,V1,V2,V3,V5,V5,V6,V6,V5,V5,V6,V6,V6,V6,V6,L1,,,,,,,,,,,,,,,
467,V1,V2,V3,V5,V6,V6,L1,,,,,,,,,,,,,,,,,,,,,,,
468,V1,V2,V4,V4,V4,V5,V6,L1,,,,,,,,,,,,,,,,,,,,,,
469,V1,V2,V3,L2,,,,,,,,,,,,,,,,,,,,,,,,,,
470,V1,V4,V5,V5,V5,V5,V5,V5,V5,V5,V5,V5,V5,L2,,,,,,,,,,,,,,,,
471,V1,V2,V2,V5,V5,V5,V6,L1,,,,,,,,,,,,,,,,,,,,,,
472,V1,V2,V5,V5,V6,L1,,,,,,,,,,,,,,,,,,,,,,,,
473,V1,V2,V3,V4,V5,V5,V5,V5,V5,V6,V6,V6,V6,V6,V6,V6,V6,V6,V6,V6,V6,V6,V6,L1,,,,,,
474,V1,V2,V3,V5,V6,V6,L1,,,,,,,,,,,,,,,,,,,,,,,
475,V1,V2,V3,V5,V6,V6,L1,,,,,,,,,,,,,,,,,,,,,,,
476,V1,V2,V2,V3,V4,V4,L2,,,,,,,,,,,,,,,,,,,,,,,
477,V1,V4,V5,V5,V5,V6,L1,,,,,,,,,,,,,,,,,,,,,,,
478,V1,V3,V4,V4,V4,V4,L2,,,,,,,,,,,,,,,,,,,,,,,
479,V1,V1,V1,V1,V2,V3,V4,V4,V4,V5,V5,V6,L1,,,,,,,,,,,,,,,,,
480,V1,V2,V4,V4,V4,V4,V5,V5,V6,L1,,,,,,,,,,,,,,,,,,,,
481,V1,L2,,,,,,,,,,,,,,,,,,,,,,,,,,,,
482,V1,V4,V4,L2,,,,,,,,,,,,,,,,,,,,,,,,,,
483,V1,V2,V2,V3,V4,V4,V6,V6,V6,V6,V6,V6,V6,V6,L1,,,,,,,,,,,,,,,
484,V1,V4,V4,V4,V4,V5,V6,V6,L1,,,,,,,,,,,,,,,,,,,,,
485,V1,V2,V5,V6,V6,V6,V6,V6,V6,V6,V5,V5,V5,V6,V6,V5,V5,V6,L1,,,,,,,,,,,
486,V1,V2,V3,V3,L2,,,,,,,,,,,,,,,,,,,,,,,,,
487,V1,V1,V1,V1,V3,V4,L2,,,,,,,,,,,,,,,,,,,,,,,
488,V1,V3,V5,V5,V6,L1,,,,,,,,,,,,,,,,,,,,,,,,
489,V1,V3,V3,V3,V4,V4,V4,V4,V4,V5,V5,V5,V5,V6,V6,V6,L1,,,,,,,,,,,,,
490,V1,V3,V3,V4,L2,,,,,,,,,,,,,,,,,,,,,,,,,
491,V1,V2,V5,V5,V6,V6,V6,V6,V6,L1,,,,,,,,,,,,,,,,,,,,
492,V1,V2,V3,V5,V6,L1,,,,,,,,,,,,,,,,,,,,,,,,
493,V1,V2,V5,V6,V6,V5,V5,V5,V6,V6,V6,V6,V6,L1,,,,,,,,,,,,,,,,
494,V1,V3,V5,V6,V6,V6,V6,V6,V6,V6,V6,L1,,,,,,,,,,,,,,,,,,
495,V1,V2,V4,V4,V6,V6,V6,V6,V6,V6,L1,,,,,,,,,,,,,,,,,,,
496,V1,V2,V3,V5,V5,V6,L1,,,,,,,,,,,,,,,,,,,,,,,
497,V1,V2,V5,V4,V5,V6,V6,V6,V6,V6,V5,V5,V5,L2,,,,,,,,,,,,,,,,
498,V1,L2,,,,,,,,,,,,,,,,,,,,,,,,,,,,
499,V1,V2,V5,V6,V6,V6,L1,,,,,,,,,,,,,,,,,,,,,,,
500,V1,V2,V2,V4,V6,V6,L1,,,,,,,,,,,,,,,,,,,,,,,
501,V1,V3,V3,V5,V5,V6,V6,V6,V6,V6,V6,V6,L1,,,,,,,,,,,,,,,,,
502,V1,V2,V3,V5,V6,L1,,,,,,,,,,,,,,,,,,,,,,,,
503,V1,V1,L2,,,,,,,,,,,,,,,,,,,,,,,,,,,
504,V1,V2,V2,V4,V4,V5,V5,L2,,,,,,,,,,,,,,,,,,,,,,
505,V1,V3,V4,V5,V4,V5,V6,V6,V6,V6,V6,L1,,,,,,,,,,,,,,,,,,
506,V1,V3,V3,V4,V4,V4,L2,,,,,,,,,,,,,,,,,,,,,,,
507,V1,V3,V4,V5,V5,V5,V5,V5,V5,V5,V5,V5,V5,V6,L1,,,,,,,,,,,,,,,
508,V1,V1,V4,V4,V6,V6,L1,,,,,,,,,,,,,,,,,,,,,,,
509,V1,V2,V2,V3,V5,V6,L1,,,,,,,,,,,,,,,,,,,,,,,
510,V1,V3,L2,,,,,,,,,,,,,,,,,,,,,,,,,,,
511,V1,V1,V2,V2,V4,V5,V5,V5,V6,V6,V5,V5,V6,V6,L1,,,,,,,,,,,,,,,
512,V1,V2,V2,V3,V3,V5,V6,V6,V6,L1,,,,,,,,,,,,,,,,,,,,
513,V1,V4,V4,V6,V6,L1,,,,,,,,,,,,,,,,,,,,,,,,
514,V1,V1,V3,V4,V5,V6,L1,,,,,,,,,,,,,,,,,,,,,,,
515,V1,V2,V3,V3,V4,V5,V5,V5,L2,,,,,,,,,,,,,,,,,,,,,
516,V1,V2,V3,V3,V3,V4,L2,,,,,,,,,,,,,,,,,,,,,,,
517,V1,V4,V4,V6,V6,V6,V6,L1,,,,,,,,,,,,,,,,,,,,,,
518,V1,V2,V4,V6,L1,,,,,,,,,,,,,,,,,,,,,,,,,
519,V1,V3,V5,V5,V5,V5,V6,V5,V5,V5,V5,L2,,,,,,,,,,,,,,,,,,
520,V1,V2,V3,L2,,,,,,,,,,,,,,,,,,,,,,,,,,
521,V1,L2,,,,,,,,,,,,,,,,,,,,,,,,,,,,
522,V1,V2,V2,V3,L2,,,,,,,,,,,,,,,,,,,,,,,,,
523,V1,V3,V4,V5,V6,V6,V6,L1,,,,,,,,,,,,,,,,,,,,,,
524,V1,V2,V4,L2,,,,,,,,,,,,,,,,,,,,,,,,,,
525,V1,V2,V3,V4,V5,V6,L1,,,,,,,,,,,,,,,,,,,,,,,
526,V1,V2,V3,V5,V5,V5,L2,,,,,,,,,,,,,,,,,,,,,,,
527,V1,V2,V5,V5,V5,V5,V6,V6,L1,,,,,,,,,,,,,,,,,,,,,
528,V1,V2,V3,V3,L2,,,,,,,,,,,,,,,,,,,,,,,,,
529,V1,V2,V5,V5,V5,V6,V6,V6,V6,L1,,,,,,,,,,,,,,,,,,,,
530,V1,V4,V5,V5,V6,L1,,,,,,,,,,,,,,,,,,,,,,,,
531,V1,V2,V5,V6,V6,V6,V6,V6,V6,L1,,,,,,,,,,,,,,,,,,,,
532,V1,V3,L2,,,,,,,,,,,,,,,,,,,,,,,,,,,
533,V1,V2,V2,V2,V3,V5,V5,V5,V6,V6,L1,,,,,,,,,,,,,,,,,,,
534,V1,L2,,,,,,,,,,,,,,,,,,,,,,,,,,,,
535,V1,V2,V4,V6,V6,V6,V5,L2,,,,,,,,,,,,,,,,,,,,,,
536,V1,V2,V3,V3,V5,V5,V5,V5,V5,V6,V6,V6,V6,V6,V6,L1,,,,,,,,,,,,,,
537,V1,V2,V3,V5,V4,V6,V6,L1,,,,,,,,,,,,,,,,,,,,,,
538,V1,V2,V3,V3,V5,V5,V5,V6,V6,L1,,,,,,,,,,,,,,,,,,,,
539,V1,V2,V5,V5,V6,V5,V5,V6,V6,V6,V6,V6,V5,V5,V5,V5,V6,V6,V6,L1,,,,,,,,,,
540,V1,V2,V4,V4,V5,V5,V5,V5,V5,V5,V5,V5,V6,V6,V6,L1,,,,,,,,,,,,,,
541,V1,V2,V3,V5,V4,V5,V5,V6,L1,,,,,,,,,,,,,,,,,,,,,
542,V1,V2,V3,V5,V5,L2,,,,,,,,,,,,,,,,,,,,,,,,
543,V1,V4,L2,,,,,,,,,,,,,,,,,,,,,,,,,,,
544,V1,V2,V3,V3,V5,V5,V6,V6,L1,,,,,,,,,,,,,,,,,,,,,
545,V1,V2,V3,V4,V4,V5,V5,V5,V6,V6,V6,V6,V6,V6,V6,L1,,,,,,,,,,,,,,
546,V1,V3,V5,V5,V6,L1,,,,,,,,,,,,,,,,,,,,,,,,
547,V1,V2,V4,V4,V5,V6,L1,,,,,,,,,,,,,,,,,,,,,,,
548,V1,L2,,,,,,,,,,,,,,,,,,,,,,,,,,,,
549,V1,V4,V4,V5,V5,V5,V6,L1,,,,,,,,,,,,,,,,,,,,,,
550,V1,V2,V2,V5,V5,V5,V5,V6,V6,V6,V6,V6,L1,,,,,,,,,,,,,,,,,
551,V1,V3,V4,V4,V4,V5,V5,V6,V6,V6,V6,V6,V5,V4,V4,V4,V4,L2,,,,,,,,,,,,
552,V1,V4,V5,V5,V5,V5,V4,V4,V4,V4,V4,L2,,,,,,,,,,,,,,,,,,
553,V1,V2,V5,V6,V6,V6,V6,L1,,,,,,,,,,,,,,,,,,,,,,
554,V1,V2,V2,V3,L2,,,,,,,,,,,,,,,,,,,,,,,,,
555,V1,V3,V4,L2,,,,,,,,,,,,,,,,,,,,,,,,,,
556,V1,V4,V5,V5,V5,V6,V6,V6,V6,V6,L1,,,,,,,,,,,,,,,,,,,
557,V1,V1,V2,V3,V4,V5,V6,L1,,,,,,,,,,,,,,,,,,,,,,
558,V1,V2,V3,V4,V4,V6,V6,V6,V6,V6,V6,V6,V6,V6,L1,,,,,,,,,,,,,,,
559,V1,V2,V3,V3,V3,V4,V5,V5,V6,V5,V5,V5,V4,L2,,,,,,,,,,,,,,,,
560,V1,V2,L2,,,,,,,,,,,,,,,,,,,,,,,,,,,
561,V1,V1,V3,L2,,,,,,,,,,,,,,,,,,,,,,,,,,
562,V1,V2,V3,V5,V5,V6,L1,,,,,,,,,,,,,,,,,,,,,,,
563,V1,V4,V5,V5,V5,V5,V6,V6,V6,V6,V6,V6,L1,,,,,,,,,,,,,,,,,
564,V1,L2,,,,,,,,,,,,,,,,,,,,,,,,,,,,
565,V1,V1,V4,L2,,,,,,,,,,,,,,,,,,,,,,,,,,
566,V1,V2,V2,V2,V3,V5,V5,V5,V5,V4,V6,V6,V6,V6,V6,V6,V6,V6,V6,L1,,,,,,,,,,
567,V1,V4,V4,V6,V6,V6,V6,V6,L1,,,,,,,,,,,,,,,,,,,,,
568,V1,V2,V3,V4,V4,L2,,,,,,,,,,,,,,,,,,,,,,,,
569,V1,V2,V5,V5,V5,V6,L1,,,,,,,,,,,,,,,,,,,,,,,
570,V1,V3,V5,V6,V6,L1,,,,,,,,,,,,,,,,,,,,,,,,
571,V1,V2,V3,L2,,,,,,,,,,,,,,,,,,,,,,,,,,
572,V1,V2,V2,V3,L2,,,,,,,,,,,,,,,,,,,,,,,,,
573,V1,V2,V3,V3,L2,,,,,,,,,,,,,,,,,,,,,,,,,
574,V1,V3,V5,V6,V6,L1,,,,,,,,,,,,,,,,,,,,,,,,
575,V1,V2,V5,V5,V5,V6,V6,V6,V6,L1,,,,,,,,,,,,,,,,,,,,
576,V1,V3,V5,V6,L1,,,,,,,,,,,,,,,,,,,,,,,,,
577,V1,V1,V2,V5,V6,V6,V6,L1,,,,,,,,,,,,,,,,,,,,,,
578,V1,V3,V3,V4,V5,V6,V6,V6,V6,V6,V6,V6,L1,,,,,,,,,,,,,,,,,
579,V1,V1,V4,V4,V4,V4,V4,V6,V6,V6,V6,V6,L1,,,,,,,,,,,,,,,,,
580,V1,V2,V5,V5,V5,V4,V6,L1,,,,,,,,,,,,,,,,,,,,,,
581,V1,V2,V3,V4,V4,V5,V5,V5,V5,V6,V5,L2,,,,,,,,,,,,,,,,,,
582,V1,V2,V3,V4,V4,V5,V5,V5,V6,V6,V6,L1,,,,,,,,,,,,,,,,,,
583,V1,V2,V5,V5,V5,V6,V6,L1,,,,,,,,,,,,,,,,,,,,,,
584,V1,V3,V5,V6,V6,V6,L1,,,,,,,,,,,,,,,,,,,,,,,
585,V1,V4,V4,V4,V4,V4,V4,V4,V4,V5,V5,V5,V6,V6,V5,V6,V5,V6,V6,V6,L1,,,,,,,,,
586,V1,V3,V4,L2,,,,,,,,,,,,,,,,,,,,,,,,,,
587,V1,V2,V5,V6,V6,L1,,,,,,,,,,,,,,,,,,,,,,,,
588,V1,V2,V2,V5,V6,V6,L1,,,,,,,,,,,,,,,,,,,,,,,
589,V1,V2,V4,L2,,,,,,,,,,,,,,,,,,,,,,,,,,
590,V1,V4,V4,V5,V5,V5,V4,V4,L2,,,,,,,,,,,,,,,,,,,,,
591,V1,V3,V3,V5,V5,V6,V6,V6,V5,V5,V4,V5,V5,V5,V5,V5,V6,V6,V6,V6,L1,,,,,,,,,
592,V1,V2,V4,L2,,,,,,,,,,,,,,,,,,,,,,,,,,
593,V1,V3,V5,L2,,,,,,,,,,,,,,,,,,,,,,,,,,
594,V1,V2,L2,,,,,,,,,,,,,,,,,,,,,,,,,,,
595,V1,V2,V3,V4,V5,V4,L2,,,,,,,,,,,,,,,,,,,,,,,
596,V1,V2,V2,V5,V6,V6,V6,L1,,,,,,,,,,,,,,,,,,,,,,
597,V1,V4,V4,V6,V6,L1,,,,,,,,,,,,,,,,,,,,,,,,
598,V1,V2,V2,L2,,,,,,,,,,,,,,,,,,,,,,,,,,
599,V1,V4,V4,V4,V4,V5,V5,V6,V6,V6,V6,L1,,,,,,,,,,,,,,,,,,
600,V1,V3,V5,V4,V4,V5,V5,V5,V5,V6,V5,V5,V5,V5,V6,V6,L1,,,,,,,,,,,,,
601,V1,V3,V5,V6,V6,V6,L1,,,,,,,,,,,,,,,,,,,,,,,
602,V1,V3,V3,V5,L2,,,,,,,,,,,,,,,,,,,,,,,,,
603,V1,V2,V4,V4,V4,L2,,,,,,,,,,,,,,,,,,,,,,,,
604,V1,V2,V3,V3,V5,V5,V6,V6,V6,V6,L1,,,,,,,,,,,,,,,,,,,
605,V1,V2,V2,V3,V5,V5,V6,V6,L1,,,,,,,,,,,,,,,,,,,,,
606,V1,V2,V3,V5,V5,V5,V6,V6,L1,,,,,,,,,,,,,,,,,,,,,
607,V1,V2,V2,V2,V4,V4,V5,V6,V6,V6,V6,V6,L1,,,,,,,,,,,,,,,,,
608,V1,V2,V3,V3,V3,V4,V5,V5,V6,L1,,,,,,,,,,,,,,,,,,,,
609,V1,V1,V3,V3,V4,V6,V6,L1,,,,,,,,,,,,,,,,,,,,,,
610,V1,V2,V5,V5,V6,L1,,,,,,,,,,,,,,,,,,,,,,,,
611,V1,V3,V5,V6,V5,V5,V5,V5,V5,V5,V5,V5,V6,V6,V6,V6,L1,,,,,,,,,,,,,
612,V1,V3,V5,V5,V5,V6,V6,V6,V6,V6,V6,L1,,,,,,,,,,,,,,,,,,
613,V1,V2,V5,V6,V6,L1,,,,,,,,,,,,,,,,,,,,,,,,
614,V1,V3,V5,V6,V5,L2,,,,,,,,,,,,,,,,,,,,,,,,
615,V1,V1,V1,V2,V3,V4,V5,V6,L1,,,,,,,,,,,,,,,,,,,,,
616,V1,V3,L2,,,,,,,,,,,,,,,,,,,,,,,,,,,
617,V1,L2,,,,,,,,,,,,,,,,,,,,,,,,,,,,
618,V1,V2,V2,V2,V2,V3,L2,,,,,,,,,,,,,,,,,,,,,,,
619,V1,V3,V5,V6,V6,V6,L1,,,,,,,,,,,,,,,,,,,,,,,
620,V1,V3,L2,,,,,,,,,,,,,,,,,,,,,,,,,,,
621,V1,V3,V4,L2,,,,,,,,,,,,,,,,,,,,,,,,,,
622,V1,V2,V2,V4,V4,V5,V6,V6,V6,V6,V6,V6,V5,V5,V6,L1,,,,,,,,,,,,,,
623,V1,V3,V5,V5,V5,V5,V5,V6,V6,V6,L1,,,,,,,,,,,,,,,,,,,
624,V1,V2,V2,V5,V6,V6,V6,V6,V6,V6,L1,,,,,,,,,,,,,,,,,,,
625,V1,V2,V4,V4,L2,,,,,,,,,,,,,,,,,,,,,,,,,
626,V1,V4,V5,V6,L1,,,,,,,,,,,,,,,,,,,,,,,,,
627,V1,V2,V5,V6,L1,,,,,,,,,,,,,,,,,,,,,,,,,
628,V1,V3,V4,V5,V5,V5,V5,V5,V4,V5,V6,L1,,,,,,,,,,,,,,,,,,
629,V1,V3,V4,V5,V5,V5,V5,V6,V6,V5,V6,V6,V6,L1,,,,,,,,,,,,,,,,
630,V1,V3,V3,V5,V6,L1,,,,,,,,,,,,,,,,,,,,,,,,
631,V1,V2,V3,V4,V4,V4,V4,V4,V6,L1,,,,,,,,,,,,,,,,,,,,
632,V1,V4,V4,V4,V4,L2,,,,,,,,,,,,,,,,,,,,,,,,
633,V1,V3,V5,V6,V6,V6,V6,L1,,,,,,,,,,,,,,,,,,,,,,
634,V1,V3,V3,V5,V5,V5,V6,V6,L1,,,,,,,,,,,,,,,,,,,,,
635,V1,V2,V5,V5,V5,L2,,,,,,,,,,,,,,,,,,,,,,,,
636,V1,V2,V2,V2,V5,V6,L1,,,,,,,,,,,,,,,,,,,,,,,
637,V1,V3,L2,,,,,,,,,,,,,,,,,,,,,,,,,,,
638,V1,V4,V5,V6,L1,,,,,,,,,,,,,,,,,,,,,,,,,
639,V1,V2,V4,V5,V5,V5,V4,V5,V4,L2,,,,,,,,,,,,,,,,,,,,
640,V1,V2,V2,V5,V5,V5,V5,V6,L1,,,,,,,,,,,,,,,,,,,,,
641,V1,V1,V4,V4,V5,V5,V6,L1,,,,,,,,,,,,,,,,,,,,,,
642,V1,V2,V4,V5,V6,V6,V6,V6,V6,V6,V5,V5,V6,L1,,,,,,,,,,,,,,,,
643,V1,V2,V3,V5,V5,V5,V5,V6,V6,L1,,,,,,,,,,,,,,,,,,,,
644,V1,V4,V4,V4,L2,,,,,,,,,,,,,,,,,,,,,,,,,
645,V1,V2,V3,V4,L2,,,,,,,,,,,,,,,,,,,,,,,,,
646,V1,V4,V5,V5,V5,V6,V6,V6,V6,V5,V5,V6,L1,,,,,,,,,,,,,,,,,
647,V1,V2,V5,V5,V4,V4,V4,V4,V4,L2,,,,,,,,,,,,,,,,,,,,
648,V1,V1,V1,V4,V4,V4,V4,L2,,,,,,,,,,,,,,,,,,,,,,
649,V1,V2,V2,V4,V5,V5,V5,V5,V6,V6,V6,V6,V6,L1,,,,,,,,,,,,,,,,
650,V1,V3,V5,V5,V6,L1,,,,,,,,,,,,,,,,,,,,,,,,
651,V1,L2,,,,,,,,,,,,,,,,,,,,,,,,,,,,
652,V1,V1,V2,V3,V5,V5,V5,V6,V6,V6,V6,V6,V6,L1,,,,,,,,,,,,,,,,
653,V1,V2,V2,V3,V4,V4,V5,V6,V6,V6,L1,,,,,,,,,,,,,,,,,,,
654,V1,V2,V2,V3,V4,V6,V5,V6,V6,V6,V6,L1,,,,,,,,,,,,,,,,,,
655,V1,V2,V3,V5,V6,V6,L1,,,,,,,,,,,,,,,,,,,,,,,
656,V1,V3,V5,V5,V6,L1,,,,,,,,,,,,,,,,,,,,,,,,
657,V1,V1,V3,V5,V6,V6,V6,V6,V6,V6,L1,,,,,,,,,,,,,,,,,,,
658,V1,V2,V2,V2,L2,,,,,,,,,,,,,,,,,,,,,,,,,
659,V1,V1,V4,V4,V6,V6,V6,V5,V6,L1,,,,,,,,,,,,,,,,,,,,
660,V1,V2,V2,V4,V4,V5,V5,V5,V4,V4,V4,V4,V5,V4,V4,V4,V5,V5,V6,V6,V6,L1,,,,,,,,
661,V1,V1,V2,V2,V3,V5,V6,V6,V6,L1,,,,,,,,,,,,,,,,,,,,
662,V1,V2,V4,V4,V5,V5,V5,V5,V5,V6,L1,,,,,,,,,,,,,,,,,,,
663,V1,V4,V4,V4,V5,V6,V6,V6,V6,L1,,,,,,,,,,,,,,,,,,,,
664,V1,V1,V3,V4,V5,V6,L1,,,,,,,,,,,,,,,,,,,,,,,
665,V1,V1,V4,V5,V4,V4,V5,V5,V5,V6,V6,L1,,,,,,,,,,,,,,,,,,
666,V1,V2,V2,V5,V5,V5,L2,,,,,,,,,,,,,,,,,,,,,,,
667,V1,V2,V5,V6,L1,,,,,,,,,,,,,,,,,,,,,,,,,
668,V1,V2,V2,V3,V5,V6,V6,V6,L1,,,,,,,,,,,,,,,,,,,,,
669,V1,V2,V2,L2,,,,,,,,,,,,,,,,,,,,,,,,,,
670,V1,V3,V5,V5,V6,V6,V6,V6,V6,V6,V6,V6,L1,,,,,,,,,,,,,,,,,
671,V1,V3,V3,V3,L2,,,,,,,,,,,,,,,,,,,,,,,,,
672,V1,V1,V3,V5,V6,V6,V6,V6,L1,,,,,,,,,,,,,,,,,,,,,
673,V1,V2,V2,V3,V5,V5,V4,L2,,,,,,,,,,,,,,,,,,,,,,
674,V1,L2,,,,,,,,,,,,,,,,,,,,,,,,,,,,
675,V1,V3,V3,V5,V6,L1,,,,,,,,,,,,,,,,,,,,,,,,
676,V1,V4,V4,L2,,,,,,,,,,,,,,,,,,,,,,,,,,
677,V1,V2,V3,L2,,,,,,,,,,,,,,,,,,,,,,,,,,
678,V1,V3,V4,V5,V5,V6,V6,V6,V6,L1,,,,,,,,,,,,,,,,,,,,
679,V1,V2,V3,V4,V6,V6,L1,,,,,,,,,,,,,,,,,,,,,,,
680,V1,V2,V3,V3,V5,V5,V5,V5,V6,V6,L1,,,,,,,,,,,,,,,,,,,
681,V1,V2,V5,V5,V6,V6,V6,V6,V6,L1,,,,,,,,,,,,,,,,,,,,
682,V1,V2,L2,,,,,,,,,,,,,,,,,,,,,,,,,,,
683,V1,V2,V2,V4,V4,V5,V5,V6,V6,V6,L1,,,,,,,,,,,,,,,,,,,
684,V1,L2,,,,,,,,,,,,,,,,,,,,,,,,,,,,
685,V1,V1,V2,V5,V5,V6,V6,V6,L1,,,,,,,,,,,,,,,,,,,,,
686,V1,V3,V5,V5,V5,V6,V6,L1,,,,,,,,,,,,,,,,,,,,,,
687,V1,V2,V4,V4,V4,V4,L2,,,,,,,,,,,,,,,,,,,,,,,
688,V1,V2,V2,V3,V4,V5,V6,L1,,,,,,,,,,,,,,,,,,,,,,
689,V1,V4,V4,V4,V4,V6,V6,V6,V6,L1,,,,,,,,,,,,,,,,,,,,
690,V1,V1,V2,V3,V3,V4,V4,L2,,,,,,,,,,,,,,,,,,,,,,
691,V1,V3,V5,V6,V6,V6,L1,,,,,,,,,,,,,,,,,,,,,,,
692,V1,V4,V5,V5,V5,V5,L2,,,,,,,,,,,,,,,,,,,,,,,
693,V1,V2,V3,V4,V5,V6,L1,,,,,,,,,,,,,,,,,,,,,,,
694,V1,V2,L2,,,,,,,,,,,,,,,,,,,,,,,,,,,
695,V1,V2,V4,V5,V5,V5,V4,V4,V4,V4,V6,L1,,,,,,,,,,,,,,,,,,
696,V1,V2,V5,V6,V6,L1,,,,,,,,,,,,,,,,,,,,,,,,
697,V1,V4,V4,V5,V6,L1,,,,,,,,,,,,,,,,,,,,,,,,
698,V1,V2,V3,V4,V4,V6,V6,L1,,,,,,,,,,,,,,,,,,,,,,
699,V1,V2,V3,V3,V4,L2,,,,,,,,,,,,,,,,,,,,,,,,
700,V1,V3,V5,V6,L1,,,,,,,,,,,,,,,,,,,,,,,,,
701,V1,V2,V4,V5,V6,V6,V6,V6,V6,L1,,,,,,,,,,,,,,,,,,,,
702,V1,V2,V5,V5,V5,V5,V5,V5,V4,V4,V5,V5,V4,V4,V4,V6,V6,L1,,,,,,,,,,,,
703,V1,V2,V4,V5,V6,V6,V6,V6,V5,V5,V6,V6,L1,,,,,,,,,,,,,,,,,
704,V1,V2,L2,,,,,,,,,,,,,,,,,,,,,,,,,,,
705,V1,V3,V3,V5,V6,V6,V6,L1,,,,,,,,,,,,,,,,,,,,,,
706,V1,V2,V5,V5,V6,V6,V6,V6,V6,L1,,,,,,,,,,,,,,,,,,,,
707,V1,V2,V2,V5,V6,V6,V6,V6,V6,L1,,,,,,,,,,,,,,,,,,,,
708,V1,V4,V5,L2,,,,,,,,,,,,,,,,,,,,,,,,,,
709,V1,V2,V3,V4,V4,V4,V4,V4,L2,,,,,,,,,,,,,,,,,,,,,
710,V1,V1,V4,L2,,,,,,,,,,,,,,,,,,,,,,,,,,
711,V1,V2,V3,V5,V5,V5,V4,V4,V5,V5,V6,L1,,,,,,,,,,,,,,,,,,
712,V1,V2,V4,L2,,,,,,,,,,,,,,,,,,,,,,,,,,
713,V1,V3,L2,,,,,,,,,,,,,,,,,,,,,,,,,,,
714,V1,V2,V3,V4,V4,V6,V6,V6,L1,,,,,,,,,,,,,,,,,,,,,
715,V1,V4,V6,L1,,,,,,,,,,,,,,,,,,,,,,,,,,
716,V1,V2,V3,V4,V4,V4,V4,L2,,,,,,,,,,,,,,,,,,,,,,
717,V1,V1,V2,L2,,,,,,,,,,,,,,,,,,,,,,,,,,
718,V1,V4,V4,V6,L1,,,,,,,,,,,,,,,,,,,,,,,,,
719,V1,V2,V2,V4,V6,L1,,,,,,,,,,,,,,,,,,,,,,,,
720,V1,V2,V2,L2,,,,,,,,,,,,,,,,,,,,,,,,,,
721,V1,V2,V5,V6,V6,V6,V6,V6,V6,L1,,,,,,,,,,,,,,,,,,,,
722,V1,V2,V3,V4,L2,,,,,,,,,,,,,,,,,,,,,,,,,
723,V1,V2,V3,V5,V5,V6,V6,V6,L1,,,,,,,,,,,,,,,,,,,,,
724,V1,V2,V3,V3,V4,L2,,,,,,,,,,,,,,,,,,,,,,,,
725,V1,V4,V5,V5,L2,,,,,,,,,,,,,,,,,,,,,,,,,
726,V1,V3,V3,V5,V5,V4,V4,V5,V5,L2,,,,,,,,,,,,,,,,,,,,
727,V1,V2,V3,V5,V5,V5,V5,V6,L1,,,,,,,,,,,,,,,,,,,,,
728,V1,V2,V3,V5,V6,V6,L1,,,,,,,,,,,,,,,,,,,,,,,
729,V1,V2,V4,V5,V6,V6,V6,V6,V6,V6,L1,,,,,,,,,,,,,,,,,,,
730,V1,V2,V5,V6,L1,,,,,,,,,,,,,,,,,,,,,,,,,
731,V1,V2,V5,V6,V6,V5,V5,V5,L2,,,,,,,,,,,,,,,,,,,,,
732,V1,V2,V4,V4,L2,,,,,,,,,,,,,,,,,,,,,,,,,
733,V1,L2,,,,,,,,,,,,,,,,,,,,,,,,,,,,
734,V1,V2,L2,,,,,,,,,,,,,,,,,,,,,,,,,,,
735,V1,V2,V2,V5,V5,V5,V6,V6,V6,V6,V6,V6,V6,V6,V6,L1,,,,,,,,,,,,,,
736,V1,V4,V4,V4,V5,V6,L1,,,,,,,,,,,,,,,,,,,,,,,
737,V1,V2,V5,V5,V5,V6,V6,L1,,,,,,,,,,,,,,,,,,,,,,
738,V1,V3,V5,V6,L1,,,,,,,,,,,,,,,,,,,,,,,,,
739,V1,V2,V3,V4,L2,,,,,,,,,,,,,,,,,,,,,,,,,
740,V1,V3,V4,V6,V6,L1,,,,,,,,,,,,,,,,,,,,,,,,
741,V1,V2,V3,V4,V4,V5,V6,V6,V6,V6,L1,,,,,,,,,,,,,,,,,,,
742,V1,L2,,,,,,,,,,,,,,,,,,,,,,,,,,,,
743,V1,V3,V5,V5,V6,V6,L1,,,,,,,,,,,,,,,,,,,,,,,
744,V1,V4,L2,,,,,,,,,,,,,,,,,,,,,,,,,,,
745,V1,V2,V2,V5,V5,V6,V6,V6,V6,V6,V6,V6,V6,V5,V6,L1,,,,,,,,,,,,,,
746,V1,V2,V3,V5,L2,,,,,,,,,,,,,,,,,,,,,,,,,
747,V1,V3,V5,V6,V6,V6,L1,,,,,,,,,,,,,,,,,,,,,,,
748,V1,V3,L2,,,,,,,,,,,,,,,,,,,,,,,,,,,
749,V1,V2,V3,V3,V4,V4,V6,L1,,,,,,,,,,,,,,,,,,,,,,
750,V1,V4,V4,V5,V6,V6,V6,V6,V6,V6,L1,,,,,,,,,,,,,,,,,,,
751,V1,V2,L2,,,,,,,,,,,,,,,,,,,,,,,,,,,
752,V1,V2,L2,,,,,,,,,,,,,,,,,,,,,,,,,,,
753,V1,V2,V5,V6,V6,L1,,,,,,,,,,,,,,,,,,,,,,,,
754,V1,V2,V5,V5,V6,V6,L1,,,,,,,,,,,,,,,,,,,,,,,
755,V1,V2,V3,V5,V5,V5,V5,V6,V6,V6,L1,,,,,,,,,,,,,,,,,,,
756,V1,V2,V2,V4,V6,V5,V6,V6,V6,V6,V6,L1,,,,,,,,,,,,,,,,,,
757,V1,L2,,,,,,,,,,,,,,,,,,,,,,,,,,,,
758,V1,V2,V2,V4,V6,V6,V6,V6,L1,,,,,,,,,,,,,,,,,,,,,
759,V1,V3,L2,,,,,,,,,,,,,,,,,,,,,,,,,,,
760,V1,V2,V5,V6,V6,L1,,,,,,,,,,,,,,,,,,,,,,,,
761,V1,V2,V3,V4,V4,V5,V6,L1,,,,,,,,,,,,,,,,,,,,,,
762,V1,V4,V4,L2,,,,,,,,,,,,,,,,,,,,,,,,,,
763,V1,V3,V5,V5,V5,V5,V5,V6,V6,L1,,,,,,,,,,,,,,,,,,,,
764,V1,L2,,,,,,,,,,,,,,,,,,,,,,,,,,,,
765,V1,V2,V2,V3,L2,,,,,,,,,,,,,,,,,,,,,,,,,
766,V1,L2,,,,,,,,,,,,,,,,,,,,,,,,,,,,
767,V1,V2,V2,V3,V5,V6,V6,V6,V6,L1,,,,,,,,,,,,,,,,,,,,
768,V1,V1,V2,L2,,,,,,,,,,,,,,,,,,,,,,,,,,
769,V1,V3,V3,V3,L2,,,,,,,,,,,,,,,,,,,,,,,,,
770,V1,V3,L2,,,,,,,,,,,,,,,,,,,,,,,,,,,
771,V1,V4,V4,V4,V5,V5,V5,L2,,,,,,,,,,,,,,,,,,,,,,
772,V1,V3,L2,,,,,,,,,,,,,,,,,,,,,,,,,,,
773,V1,V2,V5,V5,V6,L1,,,,,,,,,,,,,,,,,,,,,,,,
774,V1,V2,V3,L2,,,,,,,,,,,,,,,,,,,,,,,,,,
775,V1,V3,V3,V3,V3,V5,V5,V5,V5,V4,V4,V4,V4,V6,L1,,,,,,,,,,,,,,,
776,V1,V2,V2,L2,,,,,,,,,,,,,,,,,,,,,,,,,,
777,V1,V2,V2,V4,L2,,,,,,,,,,,,,,,,,,,,,,,,,
778,V1,V4,V4,V4,L2,,,,,,,,,,,,,,,,,,,,,,,,,
779,V1,V2,V5,V6,L1,,,,,,,,,,,,,,,,,,,,,,,,,
780,V1,V4,L2,,,,,,,,,,,,,,,,,,,,,,,,,,,
781,V1,L2,,,,,,,,,,,,,,,,,,,,,,,,,,,,
782,V1,V2,V5,V4,L2,,,,,,,,,,,,,,,,,,,,,,,,,
783,V1,V3,V5,V5,V5,V5,V6,V6,V6,V6,V6,L1,,,,,,,,,,,,,,,,,,
784,V1,V3,V3,V4,V4,V5,V5,V5,V5,V6,L1,,,,,,,,,,,,,,,,,,,
785,V1,V2,V5,V5,V6,L1,,,,,,,,,,,,,,,,,,,,,,,,
786,V1,V2,V2,V2,V5,V5,V6,V6,V6,V6,L1,,,,,,,,,,,,,,,,,,,
787,V1,V2,V4,V4,V5,V4,V5,V5,V6,L1,,,,,,,,,,,,,,,,,,,,
788,V1,L2,,,,,,,,,,,,,,,,,,,,,,,,,,,,
789,V1,V2,V2,V3,V5,V5,V5,V5,V6,V6,L1,,,,,,,,,,,,,,,,,,,
790,V1,V2,V4,V5,V5,V6,V6,V6,L1,,,,,,,,,,,,,,,,,,,,,
791,V1,L2,,,,,,,,,,,,,,,,,,,,,,,,,,,,
792,V1,V2,V5,V5,V5,V6,V6,V6,V6,L1,,,,,,,,,,,,,,,,,,,,
793,V1,V2,V2,V3,L2,,,,,,,,,,,,,,,,,,,,,,,,,
794,V1,V2,V2,V2,V2,V4,V6,V6,L1,,,,,,,,,,,,,,,,,,,,,
795,V1,V2,V5,L2,,,,,,,,,,,,,,,,,,,,,,,,,,
796,V1,V2,V3,V3,L2,,,,,,,,,,,,,,,,,,,,,,,,,
797,V1,V4,V4,L2,,,,,,,,,,,,,,,,,,,,,,,,,,
798,V1,V2,V4,V5,V5,V5,V6,L1,,,,,,,,,,,,,,,,,,,,,,
799,V1,V3,L2,,,,,,,,,,,,,,,,,,,,,,,,,,,
800,V1,V2,V3,V5,V6,V6,V6,V6,L1,,,,,,,,,,,,,,,,,,,,,
801,V1,V2,V3,V5,V5,V5,V5,V6,L1,,,,,,,,,,,,,,,,,,,,,
802,V1,V2,V3,V5,V5,V5,V5,V6,L1,,,,,,,,,,,,,,,,,,,,,
803,V1,V2,V2,V5,V6,V6,L1,,,,,,,,,,,,,,,,,,,,,,,
804,V1,V3,V3,V4,V4,L2,,,,,,,,,,,,,,,,,,,,,,,,
805,V1,V2,V3,V3,V4,V4,V5,L2,,,,,,,,,,,,,,,,,,,,,,
806,V1,V1,V2,V5,V6,V6,L1,,,,,,,,,,,,,,,,,,,,,,,
807,V1,V3,V4,V4,V5,V6,V6,L1,,,,,,,,,,,,,,,,,,,,,,
808,V1,V2,V3,V5,V5,V5,V6,V6,V6,L1,,,,,,,,,,,,,,,,,,,,
809,V1,V1,V2,V5,V5,V5,L2,,,,,,,,,,,,,,,,,,,,,,,
810,V1,V2,V2,V2,V2,V2,V3,V4,L2,,,,,,,,,,,,,,,,,,,,,
811,V1,V4,V4,V4,V4,V4,V4,V5,V5,V6,V6,V6,V6,L1,,,,,,,,,,,,,,,,
812,V1,V2,V3,V5,V5,L2,,,,,,,,,,,,,,,,,,,,,,,,
813,V1,L2,,,,,,,,,,,,,,,,,,,,,,,,,,,,
814,V1,V2,V3,V5,V6,V6,V6,L1,,,,,,,,,,,,,,,,,,,,,,
815,V1,L2,,,,,,,,,,,,,,,,,,,,,,,,,,,,
816,V1,V3,V4,V4,L2,,,,,,,,,,,,,,,,,,,,,,,,,
817,V1,V2,V5,V6,V6,V6,V6,L1,,,,,,,,,,,,,,,,,,,,,,
818,V1,L2,,,,,,,,,,,,,,,,,,,,,,,,,,,,
819,V1,V2,V5,V5,V6,V6,V6,L1,,,,,,,,,,,,,,,,,,,,,,
820,V1,V4,V4,V5,V5,V6,V6,V6,V6,V6,V6,L1,,,,,,,,,,,,,,,,,,
821,V1,V2,V3,V4,L2,,,,,,,,,,,,,,,,,,,,,,,,,
822,V1,V3,V3,L2,,,,,,,,,,,,,,,,,,,,,,,,,,
823,V1,V2,V2,V2,V4,V4,V6,L1,,,,,,,,,,,,,,,,,,,,,,
824,V1,V1,V3,V5,V5,V6,V6,V6,V6,V6,V6,L1,,,,,,,,,,,,,,,,,,
825,V1,V2,V3,V5,V6,V6,V6,V6,L1,,,,,,,,,,,,,,,,,,,,,
826,V1,V3,V4,L2,,,,,,,,,,,,,,,,,,,,,,,,,,
827,V1,V2,V2,L2,,,,,,,,,,,,,,,,,,,,,,,,,,
828,V1,V4,V5,V4,V5,V6,V6,V6,V6,L1,,,,,,,,,,,,,,,,,,,,
829,V1,V1,V1,V2,V3,V4,V4,V5,V5,V5,V5,V5,V5,V5,V5,V6,L1,,,,,,,,,,,,,
830,V1,V2,V5,V5,V5,V5,V5,V5,V5,L2,,,,,,,,,,,,,,,,,,,,
831,V1,V4,V6,L1,,,,,,,,,,,,,,,,,,,,,,,,,,
832,V1,V2,V2,V3,V5,V5,V5,V5,V5,V6,L1,,,,,,,,,,,,,,,,,,,
833,V1,L2,,,,,,,,,,,,,,,,,,,,,,,,,,,,
834,V1,V4,V5,V5,V5,V6,V5,V5,V5,L2,,,,,,,,,,,,,,,,,,,,
835,V1,V3,V4,L2,,,,,,,,,,,,,,,,,,,,,,,,,,
836,V1,V2,V3,V5,V5,V5,V5,V6,V6,V6,V6,L1,,,,,,,,,,,,,,,,,,
837,V1,V2,V4,V4,V4,L2,,,,,,,,,,,,,,,,,,,,,,,,
838,V1,V2,V2,V3,V3,V5,V6,V6,L1,,,,,,,,,,,,,,,,,,,,,
839,V1,V2,V2,V3,V5,V5,V5,V5,V6,V6,V6,V6,L1,,,,,,,,,,,,,,,,,
840,V1,L2,,,,,,,,,,,,,,,,,,,,,,,,,,,,
841,V1,V3,V3,V4,V5,V5,V5,V6,V6,L1,,,,,,,,,,,,,,,,,,,,
842,V1,V2,V2,V3,V5,V5,V5,V5,V5,V4,L2,,,,,,,,,,,,,,,,,,,
843,V1,V3,V5,V6,V6,V6,V6,V6,V6,V6,L1,,,,,,,,,,,,,,,,,,,
844,V1,V4,V4,V4,V5,V4,L2,,,,,,,,,,,,,,,,,,,,,,,
845,V1,L2,,,,,,,,,,,,,,,,,,,,,,,,,,,,
846,V1,V2,V2,V4,L2,,,,,,,,,,,,,,,,,,,,,,,,,
847,V1,V2,V5,V6,V6,V6,V6,L1,,,,,,,,,,,,,,,,,,,,,,
848,V1,V3,V3,V4,V4,L2,,,,,,,,,,,,,,,,,,,,,,,,
849,V1,V3,V5,V5,V5,V6,V6,L1,,,,,,,,,,,,,,,,,,,,,,
850,V1,V2,V5,V6,L1,,,,,,,,,,,,,,,,,,,,,,,,,
851,V1,V3,V5,V6,V6,V6,V6,V6,V6,V6,V6,V6,V6,V6,V6,L1,,,,,,,,,,,,,,
852,V1,V2,V5,L2,,,,,,,,,,,,,,,,,,,,,,,,,,
853,V1,V2,V3,V4,V4,V5,V4,L2,,,,,,,,,,,,,,,,,,,,,,
854,V1,V2,V5,V4,L2,,,,,,,,,,,,,,,,,,,,,,,,,
855,V1,V1,V2,V2,V3,V5,V5,V5,V5,V6,V6,L1,,,,,,,,,,,,,,,,,,
856,V1,V3,V5,V5,V5,V6,V6,V6,V6,V5,V6,V6,V6,L1,,,,,,,,,,,,,,,,
857,V1,V3,L2,,,,,,,,,,,,,,,,,,,,,,,,,,,
858,V1,V2,V3,V3,V4,V4,V4,V5,V5,V5,V5,L2,,,,,,,,,,,,,,,,,,
859,V1,V2,V2,V2,V5,V6,V6,V6,V6,L1,,,,,,,,,,,,,,,,,,,,
860,V1,L2,,,,,,,,,,,,,,,,,,,,,,,,,,,,
861,V1,V4,V5,V5,V6,L1,,,,,,,,,,,,,,,,,,,,,,,,
862,V1,V2,V4,V4,V4,V4,V5,V5,V5,V6,L1,,,,,,,,,,,,,,,,,,,
863,V1,V3,V5,V5,V4,V4,L2,,,,,,,,,,,,,,,,,,,,,,,
864,V1,V2,V4,V5,V6,V6,V6,V6,V5,V6,V6,L1,,,,,,,,,,,,,,,,,,
865,V1,V3,V4,V5,V5,V6,L1,,,,,,,,,,,,,,,,,,,,,,,
866,V1,V2,V3,V5,V5,V5,V5,V5,V5,V6,L1,,,,,,,,,,,,,,,,,,,
867,V1,V2,V2,V2,V2,V5,V5,V5,V6,L1,,,,,,,,,,,,,,,,,,,,
868,V1,V4,L2,,,,,,,,,,,,,,,,,,,,,,,,,,,
869,V1,V2,V4,L2,,,,,,,,,,,,,,,,,,,,,,,,,,
870,V1,V4,V4,V6,V6,L1,,,,,,,,,,,,,,,,,,,,,,,,
871,V1,V2,V4,L2,,,,,,,,,,,,,,,,,,,,,,,,,,
872,V1,V1,V2,V3,V5,V6,V6,L1,,,,,,,,,,,,,,,,,,,,,,
873,V1,V4,V4,L2,,,,,,,,,,,,,,,,,,,,,,,,,,
874,V1,V2,V2,V3,V3,V4,V6,V6,L1,,,,,,,,,,,,,,,,,,,,,
875,V1,V4,L2,,,,,,,,,,,,,,,,,,,,,,,,,,,
876,V1,V3,V5,V6,V6,V6,L1,,,,,,,,,,,,,,,,,,,,,,,
877,V1,L2,,,,,,,,,,,,,,,,,,,,,,,,,,,,
878,V1,V2,V3,V5,V5,V5,V5,V5,V5,V5,V5,V5,V5,V5,V5,V6,V6,V6,V6,L1,,,,,,,,,,
879,V1,V3,V4,V5,V5,V5,V5,V5,V5,V5,V5,V5,V6,V6,V6,V6,L1,,,,,,,,,,,,,
880,V1,V2,V4,V4,V4,V4,V5,L2,,,,,,,,,,,,,,,,,,,,,,
881,V1,V4,L2,,,,,,,,,,,,,,,,,,,,,,,,,,,
882,V1,L2,,,,,,,,,,,,,,,,,,,,,,,,,,,,
883,V1,V2,V2,V2,V5,V5,V6,V6,V6,V6,V6,V6,V6,L1,,,,,,,,,,,,,,,,
884,V1,V4,V6,L1,,,,,,,,,,,,,,,,,,,,,,,,,,
885,V1,V2,V4,V4,L2,,,,,,,,,,,,,,,,,,,,,,,,,
886,V1,V3,V5,V5,V5,V6,L1,,,,,,,,,,,,,,,,,,,,,,,
887,V1,V4,V5,V5,V5,V5,V6,L1,,,,,,,,,,,,,,,,,,,,,,
888,V1,V2,V4,V4,V4,L2,,,,,,,,,,,,,,,,,,,,,,,,
889,V1,V3,V5,V5,V5,V6,L1,,,,,,,,,,,,,,,,,,,,,,,
890,V1,V2,V3,V5,V5,V5,V5,V5,V4,V5,V5,V5,V5,V6,V6,V6,L1,,,,,,,,,,,,,
891,V1,V2,V5,V5,V6,L1,,,,,,,,,,,,,,,,,,,,,,,,
892,V1,V2,V3,V3,L2,,,,,,,,,,,,,,,,,,,,,,,,,
893,V1,V1,V4,V5,V6,V6,L1,,,,,,,,,,,,,,,,,,,,,,,
894,V1,V3,V3,V5,V5,V4,V4,V4,L2,,,,,,,,,,,,,,,,,,,,,
895,V1,V2,V2,V5,V5,V5,V5,L2,,,,,,,,,,,,,,,,,,,,,,
896,V1,V2,V3,V5,L2,,,,,,,,,,,,,,,,,,,,,,,,,
897,V1,L2,,,,,,,,,,,,,,,,,,,,,,,,,,,,
898,V1,V1,V1,V4,L2,,,,,,,,,,,,,,,,,,,,,,,,,
899,V1,V2,V2,V2,V3,V4,L2,,,,,,,,,,,,,,,,,,,,,,,
900,V1,V2,V3,V4,V4,V4,V5,L2,,,,,,,,,,,,,,,,,,,,,,
901,V1,L2,,,,,,,,,,,,,,,,,,,,,,,,,,,,
902,V1,V2,V4,L2,,,,,,,,,,,,,,,,,,,,,,,,,,
903,V1,V1,V2,V5,V6,V6,V6,V6,V6,V6,V6,L1,,,,,,,,,,,,,,,,,,
904,V1,V2,V5,V5,V5,V5,V6,V6,V6,V6,L1,,,,,,,,,,,,,,,,,,,
905,V1,V1,V2,V3,V3,V5,V5,V5,V5,V5,V6,V6,V6,L1,,,,,,,,,,,,,,,,
906,V1,V2,V2,V2,V2,V2,V3,V4,V4,V6,V6,V6,V6,V6,V6,V6,V6,V6,V6,V6,L1,,,,,,,,,
907,V1,V2,V3,V4,V5,V5,V6,V6,L1,,,,,,,,,,,,,,,,,,,,,
908,V1,V2,V2,V2,V3,V5,V5,V5,V6,V6,L1,,,,,,,,,,,,,,,,,,,
909,V1,V1,V3,V5,V5,V6,V6,L1,,,,,,,,,,,,,,,,,,,,,,
910,V1,V2,V3,V5,V5,V5,V5,V6,L1,,,,,,,,,,,,,,,,,,,,,
911,V1,V2,V4,V4,V5,V6,V6,L1,,,,,,,,,,,,,,,,,,,,,,
912,V1,V1,V2,V5,V5,V6,V6,V6,V6,V6,V6,V5,V5,V6,V6,V6,V6,L1,,,,,,,,,,,,
913,V1,V2,V3,L2,,,,,,,,,,,,,,,,,,,,,,,,,,
914,V1,V2,V5,V5,V5,V5,V6,L1,,,,,,,,,,,,,,,,,,,,,,
915,V1,V2,V2,V4,V4,V4,V4,L2,,,,,,,,,,,,,,,,,,,,,,
916,V1,V2,V3,V5,V6,L1,,,,,,,,,,,,,,,,,,,,,,,,
917,V1,V2,V5,V5,V5,V5,V5,V5,L2,,,,,,,,,,,,,,,,,,,,,
918,V1,V2,V2,V4,V5,V5,V6,V6,V6,V6,V6,V6,L1,,,,,,,,,,,,,,,,,
919,V1,V2,V5,V6,L1,,,,,,,,,,,,,,,,,,,,,,,,,
920,V1,V2,V2,V3,L2,,,,,,,,,,,,,,,,,,,,,,,,,
921,V1,V1,V2,V2,V3,V3,V5,V5,V5,V5,V5,V5,V5,V5,V5,V5,V6,V6,V6,L1,,,,,,,,,,
922,V1,V2,V2,V3,V3,V3,V3,V5,V5,V4,V5,V5,V5,V6,V6,V5,V5,V5,V6,V6,V6,V5,V6,V6,L1,,,,,
923,V1,V3,V5,V5,V5,V6,V6,V6,V6,V6,V6,V6,V6,L1,,,,,,,,,,,,,,,,
924,V1,V4,L2,,,,,,,,,,,,,,,,,,,,,,,,,,,
925,V1,V2,V4,V4,V5,V5,V6,V6,V6,L1,,,,,,,,,,,,,,,,,,,,
926,V1,V2,V5,V6,V6,V6,L1,,,,,,,,,,,,,,,,,,,,,,,
927,V1,V1,V2,V2,V3,V4,V4,V4,V5,V5,V5,V5,V5,V6,L1,,,,,,,,,,,,,,,
928,V1,V3,V5,V5,V6,L1,,,,,,,,,,,,,,,,,,,,,,,,
929,V1,L2,,,,,,,,,,,,,,,,,,,,,,,,,,,,
930,V1,V1,V2,V3,V3,L2,,,,,,,,,,,,,,,,,,,,,,,,
931,V1,V1,V2,L2,,,,,,,,,,,,,,,,,,,,,,,,,,
932,V1,L2,,,,,,,,,,,,,,,,,,,,,,,,,,,,
933,V1,V2,V3,V5,V5,V5,V6,V6,V6,L1,,,,,,,,,,,,,,,,,,,,
934,V1,V1,V3,V3,V5,V5,V5,V5,V6,V6,L1,,,,,,,,,,,,,,,,,,,
935,V1,V2,V4,L2,,,,,,,,,,,,,,,,,,,,,,,,,,
936,V1,V3,V4,V4,V5,L2,,,,,,,,,,,,,,,,,,,,,,,,
937,V1,V3,V4,V5,V6,L1,,,,,,,,,,,,,,,,,,,,,,,,
938,V1,V2,V2,V3,L2,,,,,,,,,,,,,,,,,,,,,,,,,
939,V1,V1,V2,V5,V5,V5,V5,V5,V6,V6,V6,V6,L1,,,,,,,,,,,,,,,,,
940,V1,V2,V4,V4,L2,,,,,,,,,,,,,,,,,,,,,,,,,
941,V1,V3,V3,V5,V5,V5,V5,V5,V5,V4,L2,,,,,,,,,,,,,,,,,,,
942,V1,V2,V2,V3,V3,V5,V5,V5,V5,V6,L1,,,,,,,,,,,,,,,,,,,
943,V1,V2,V5,V6,V6,L1,,,,,,,,,,,,,,,,,,,,,,,,
944,V1,V3,V4,V4,V6,V5,V5,V5,V5,V6,V6,V6,L1,,,,,,,,,,,,,,,,,
945,V1,V2,V5,V5,V5,V5,V6,L1,,,,,,,,,,,,,,,,,,,,,,
946,V1,V2,V5,V6,L1,,,,,,,,,,,,,,,,,,,,,,,,,
947,V1,V2,V2,V2,V3,V3,V4,V4,V4,V4,V5,V5,V5,V5,L2,,,,,,,,,,,,,,,
948,V1,V2,V2,V3,V3,V5,V5,V6,V5,V5,V5,V5,V6,V6,L1,,,,,,,,,,,,,,,
949,V1,V2,V4,V4,V6,V6,V6,L1,,,,,,,,,,,,,,,,,,,,,,
950,V1,V3,V5,V4,V5,V5,V5,V5,V5,V6,V6,V6,V6,V6,V6,V5,V5,V5,V6,L1,,,,,,,,,,
951,V1,V2,V3,V5,V4,L2,,,,,,,,,,,,,,,,,,,,,,,,
952,V1,V4,V4,L2,,,,,,,,,,,,,,,,,,,,,,,,,,
953,V1,V2,V3,V3,V5,V5,V5,V6,V6,L1,,,,,,,,,,,,,,,,,,,,
954,V1,V2,V3,V3,V5,V6,V6,V5,V5,V5,V5,V5,V5,V5,V5,V6,V6,L1,,,,,,,,,,,,
955,V1,L2,,,,,,,,,,,,,,,,,,,,,,,,,,,,
956,V1,V3,V4,L2,,,,,,,,,,,,,,,,,,,,,,,,,,
957,V1,V3,V5,V6,L1,,,,,,,,,,,,,,,,,,,,,,,,,
958,V1,V2,V2,V4,V6,V6,V6,V6,V6,L1,,,,,,,,,,,,,,,,,,,,
959,V1,V2,V5,V6,V6,L1,,,,,,,,,,,,,,,,,,,,,,,,
960,V1,L2,,,,,,,,,,,,,,,,,,,,,,,,,,,,
961,V1,V4,V5,V5,L2,,,,,,,,,,,,,,,,,,,,,,,,,
962,V1,V3,L2,,,,,,,,,,,,,,,,,,,,,,,,,,,
963,V1,V2,V4,L2,,,,,,,,,,,,,,,,,,,,,,,,,,
964,V1,V1,V2,V2,V2,V2,V3,V4,V5,V5,V5,V5,V5,V6,V6,L1,,,,,,,,,,,,,,
965,V1,V3,L2,,,,,,,,,,,,,,,,,,,,,,,,,,,
966,V1,V2,V5,V5,V5,V5,V6,V6,L1,,,,,,,,,,,,,,,,,,,,,
967,V1,V3,V5,V5,V6,V6,V6,L1,,,,,,,,,,,,,,,,,,,,,,
968,V1,V1,V2,V3,V3,V5,V5,V4,V4,L2,,,,,,,,,,,,,,,,,,,,
969,V1,V2,V3,V3,V3,V5,V6,V6,L1,,,,,,,,,,,,,,,,,,,,,
970,V1,V3,V3,V5,V6,V6,L1,,,,,,,,,,,,,,,,,,,,,,,
971,V1,V4,V5,V5,V6,V6,V6,V6,L1,,,,,,,,,,,,,,,,,,,,,
972,V1,V3,V5,V5,V6,V6,V6,L1,,,,,,,,,,,,,,,,,,,,,,
973,V1,V3,V3,V5,V6,V6,V6,V6,V6,V6,V6,V6,V6,L1,,,,,,,,,,,,,,,,
974,V1,V3,V5,V4,V4,V5,V5,V6,V6,V6,V6,V6,V6,V6,L1,,,,,,,,,,,,,,,
975,V1,V2,V3,V4,V4,V4,V6,V6,V6,L1,,,,,,,,,,,,,,,,,,,,
976,V1,V2,V2,V3,L2,,,,,,,,,,,,,,,,,,,,,,,,,
977,V1,V2,V2,V4,V5,V5,V6,V6,L1,,,,,,,,,,,,,,,,,,,,,
978,V1,V2,V5,V5,V6,L1,,,,,,,,,,,,,,,,,,,,,,,,
979,V1,L2,,,,,,,,,,,,,,,,,,,,,,,,,,,,
980,V1,V3,L2,,,,,,,,,,,,,,,,,,,,,,,,,,,
981,V1,V2,V2,V3,V5,V5,V6,V6,V6,V6,V6,L1,,,,,,,,,,,,,,,,,,
982,V1,V2,V3,L2,,,,,,,,,,,,,,,,,,,,,,,,,,
983,V1,V3,V3,V4,L2,,,,,,,,,,,,,,,,,,,,,,,,,
984,V1,V1,V2,V5,V6,V6,V5,V4,V6,V6,V6,V6,V6,L1,,,,,,,,,,,,,,,,
985,V1,V3,V5,V6,L1,,,,,,,,,,,,,,,,,,,,,,,,,
986,V1,V2,V3,V3,V3,V3,V4,V6,V6,V6,L1,,,,,,,,,,,,,,,,,,,
987,V1,V3,L2,,,,,,,,,,,,,,,,,,,,,,,,,,,
988,V1,V2,V3,V3,V5,L2,,,,,,,,,,,,,,,,,,,,,,,,
989,V1,V2,V2,V3,V5,V6,L1,,,,,,,,,,,,,,,,,,,,,,,
990,V1,V1,V2,V2,V5,V5,V5,V6,V6,L1,,,,,,,,,,,,,,,,,,,,
991,V1,V3,V3,V5,V5,V5,V5,V6,L1,,,,,,,,,,,,,,,,,,,,,
992,V1,V4,V6,V6,V5,V5,V5,V6,V6,V6,V6,V6,V6,V6,L1,,,,,,,,,,,,,,,
993,V1,V1,L2,,,,,,,,,,,,,,,,,,,,,,,,,,,
994,V1,V3,L2,,,,,,,,,,,,,,,,,,,,,,,,,,,
995,V1,V3,V4,V6,L1,,,,,,,,,,,,,,,,,,,,,,,,,
996,V1,V3,V3,V4,L2,,,,,,,,,,,,,,,,,,,,,,,,,
997,V1,V2,V2,V3,V3,V4,V4,V5,V5,V5,V6,V6,V6,V6,L1,,,,,,,,,,,,,,,
998,V1,V2,V5,V4,V5,V6,V6,V6,L1,,,,,,,,,,,,,,,,,,,,,
999,V1,V2,V2,V4,V4,V4,V4,V5,V6,V6,V6,V6,V6,V6,L1,,,,,,,,,,,,,,,
1000,V1,V3,V5,V6,V6,L1,,,,,,,,,,,,,,,,,,,,,,,,
1001,V1,V2,V5,V5,V6,V6,L1,,,,,,,,,,,,,,,,,,,,,,,
1002,V1,V4,V5,V6,V5,V5,V5,L2,,,,,,,,,,,,,,,,,,,,,,
1003,V1,V2,V2,V3,V3,V5,V5,V6,V6,V6,L1,,,,,,,,,,,,,,,,,,,
1004,V1,V2,V2,V2,V5,V5,V4,V4,L2,,,,,,,,,,,,,,,,,,,,,
1005,V1,V2,V2,V2,V5,V6,V6,V6,V6,V6,L1,,,,,,,,,,,,,,,,,,,
1006,V1,V2,V3,V4,V5,V5,V5,V6,L1,,,,,,,,,,,,,,,,,,,,,
1007,V1,V3,L2,,,,,,,,,,,,,,,,,,,,,,,,,,,
1008,V1,V1,V2,V2,V2,V4,L2,,,,,,,,,,,,,,,,,,,,,,,
1009,V1,V2,V5,V6,V5,V5,V5,V6,V6,V6,V6,V6,V6,V6,V6,L1,,,,,,,,,,,,,,
1010,V1,L2,,,,,,,,,,,,,,,,,,,,,,,,,,,,
1011,V1,V2,V3,V4,L2,,,,,,,,,,,,,,,,,,,,,,,,,
1012,V1,V2,V3,V4,V4,L2,,,,,,,,,,,,,,,,,,,,,,,,
1013,V1,V2,V3,V4,V4,V5,V6,L1,,,,,,,,,,,,,,,,,,,,,,
1014,V1,V2,V3,V5,V6,L1,,,,,,,,,,,,,,,,,,,,,,,,
1015,V1,V2,V4,V4,V5,V5,V5,V5,V5,V5,V5,V6,V6,V6,V6,V6,V6,V6,L1,,,,,,,,,,,
1016,V1,V2,V3,V4,V5,V5,V6,V6,V6,V6,V6,L1,,,,,,,,,,,,,,,,,,
1017,V1,V2,V2,L2,,,,,,,,,,,,,,,,,,,,,,,,,,
1018,V1,V1,V3,V5,V6,V6,L1,,,,,,,,,,,,,,,,,,,,,,,
1019,V1,V3,V4,V4,V4,V4,V4,L2,,,,,,,,,,,,,,,,,,,,,,
1020,V1,V3,V4,V4,V4,V6,V6,V6,V6,L1,,,,,,,,,,,,,,,,,,,,
1021,V1,V2,V3,V4,V4,L2,,,,,,,,,,,,,,,,,,,,,,,,
1022,V1,V3,V5,V5,V5,V4,V4,V4,V5,V6,V6,V6,V6,L1,,,,,,,,,,,,,,,,
1023,V1,V2,V3,V5,V5,V5,V5,V5,V6,V6,V5,V6,L1,,,,,,,,,,,,,,,,,
1024,V1,V2,V5,V5,V5,V6,L1,,,,,,,,,,,,,,,,,,,,,,,
1025,V1,V2,V4,V5,V5,V6,V6,L1,,,,,,,,,,,,,,,,,,,,,,
1026,V1,V2,V5,V6,V6,V6,L1,,,,,,,,,,,,,,,,,,,,,,,
1027,V1,V2,V2,V2,V5,L2,,,,,,,,,,,,,,,,,,,,,,,,
1028,V1,V2,V5,V5,V6,V6,L1,,,,,,,,,,,,,,,,,,,,,,,
1029,V1,V2,V5,V6,V6,V6,L1,,,,,,,,,,,,,,,,,,,,,,,
1030,V1,V2,V5,V6,V5,V5,V6,V6,L1,,,,,,,,,,,,,,,,,,,,,
1031,V1,V2,V4,L2,,,,,,,,,,,,,,,,,,,,,,,,,,
1032,V1,V2,V2,V3,V5,V5,V6,V6,L1,,,,,,,,,,,,,,,,,,,,,
1033,V1,V4,L2,,,,,,,,,,,,,,,,,,,,,,,,,,,
1034,V1,V2,V5,V6,L1,,,,,,,,,,,,,,,,,,,,,,,,,
1035,V1,V1,V3,V3,V3,L2,,,,,,,,,,,,,,,,,,,,,,,,
1036,V1,V1,V2,V5,V5,V5,V5,V5,V6,V6,V6,V6,L1,,,,,,,,,,,,,,,,,
1037,V1,V4,L2,,,,,,,,,,,,,,,,,,,,,,,,,,,
1038,V1,V2,V5,V5,V6,V6,V6,V6,V6,V6,V6,V6,L1,,,,,,,,,,,,,,,,,
1039,V1,L2,,,,,,,,,,,,,,,,,,,,,,,,,,,,
1040,V1,V2,V2,V3,V4,V6,V6,V6,V6,V6,L1,,,,,,,,,,,,,,,,,,,
1041,V1,V2,V3,V4,L2,,,,,,,,,,,,,,,,,,,,,,,,,
1042,V1,V2,L2,,,,,,,,,,,,,,,,,,,,,,,,,,,
1043,V1,V2,V2,V3,V3,V4,L2,,,,,,,,,,,,,,,,,,,,,,,
1044,V1,V2,V3,V3,V5,V5,V6,L1,,,,,,,,,,,,,,,,,,,,,,
1045,V1,V2,V4,L2,,,,,,,,,,,,,,,,,,,,,,,,,,
1046,V1,V1,V2,V2,V2,V4,V4,V4,L2,,,,,,,,,,,,,,,,,,,,,
1047,V1,V2,V3,L2,,,,,,,,,,,,,,,,,,,,,,,,,,
1048,V1,V3,V3,V5,V5,V6,L1,,,,,,,,,,,,,,,,,,,,,,,
1049,V1,V2,V5,V5,V5,V5,V5,V5,V6,V6,L1,,,,,,,,,,,,,,,,,,,
1050,V1,V1,V2,V2,L2,,,,,,,,,,,,,,,,,,,,,,,,,
1051,V1,V3,V3,V4,V5,V6,V6,V6,V6,V6,V6,L1,,,,,,,,,,,,,,,,,,
1052,V1,V3,V4,V4,V4,V5,V5,V6,V6,V6,L1,,,,,,,,,,,,,,,,,,,
1053,V1,V2,V3,V3,V4,V4,L2,,,,,,,,,,,,,,,,,,,,,,,
1054,V1,V2,V3,V4,V4,V5,L2,,,,,,,,,,,,,,,,,,,,,,,
1055,V1,V2,V3,V3,V3,V3,V4,V4,V6,L1,,,,,,,,,,,,,,,,,,,,
1056,V1,V2,V3,V3,L2,,,,,,,,,,,,,,,,,,,,,,,,,
1057,V1,V2,V2,V2,V4,V5,V5,V5,V5,V6,V6,V6,L1,,,,,,,,,,,,,,,,,
1058,V1,V2,V5,V6,V6,V6,V6,V6,V6,V6,V6,L1,,,,,,,,,,,,,,,,,,
1059,V1,V3,V3,V5,V5,V5,V6,L1,,,,,,,,,,,,,,,,,,,,,,
1060,V1,V2,V3,V5,V5,L2,,,,,,,,,,,,,,,,,,,,,,,,
1061,V1,V1,V3,V4,V4,V6,L1,,,,,,,,,,,,,,,,,,,,,,,
1062,V1,V2,V2,V5,V5,V5,V5,V4,V4,V4,V4,V4,V5,V5,V4,L2,,,,,,,,,,,,,,
1063,V1,L2,,,,,,,,,,,,,,,,,,,,,,,,,,,,
1064,V1,V4,V4,V4,V5,V6,V6,V6,L1,,,,,,,,,,,,,,,,,,,,,
1065,V1,V3,V5,V5,V5,V6,V6,V6,V5,V5,V6,L1,,,,,,,,,,,,,,,,,,
1066,V1,V2,V2,V3,V3,V4,V4,V4,V4,L2,,,,,,,,,,,,,,,,,,,,
1067,V1,V2,V2,V3,V5,V5,V5,V5,V5,V6,L1,,,,,,,,,,,,,,,,,,,
1068,V1,V2,L2,,,,,,,,,,,,,,,,,,,,,,,,,,,
1069,V1,L2,,,,,,,,,,,,,,,,,,,,,,,,,,,,
1070,V1,V1,V2,L2,,,,,,,,,,,,,,,,,,,,,,,,,,
1071,V1,V2,V5,V5,V5,V6,V6,V6,V6,V5,V6,V6,V6,L1,,,,,,,,,,,,,,,,
1072,V1,V1,V3,V4,L2,,,,,,,,,,,,,,,,,,,,,,,,,
1073,V1,V3,V3,L2,,,,,,,,,,,,,,,,,,,,,,,,,,
1074,V1,V2,V2,V2,V3,V5,V5,V5,V5,V6,V6,V6,V6,V6,V6,V6,V6,V6,L1,,,,,,,,,,,
1075,V1,V2,V3,V5,V5,V5,V6,V6,V6,V6,V6,L1,,,,,,,,,,,,,,,,,,
1076,V1,V2,V2,V2,V5,L2,,,,,,,,,,,,,,,,,,,,,,,,
1077,V1,L2,,,,,,,,,,,,,,,,,,,,,,,,,,,,
1078,V1,V3,V4,V4,V4,V4,V5,V5,V5,L2,,,,,,,,,,,,,,,,,,,,
1079,V1,V2,V2,V2,V4,V4,V5,L2,,,,,,,,,,,,,,,,,,,,,,
1080,V1,V3,V5,L2,,,,,,,,,,,,,,,,,,,,,,,,,,
1081,V1,V2,V3,V5,V6,V6,V6,V6,V6,L1,,,,,,,,,,,,,,,,,,,,
1082,V1,V2,L2,,,,,,,,,,,,,,,,,,,,,,,,,,,
1083,V1,V2,V2,V3,V3,V5,V5,V5,V6,V6,L1,,,,,,,,,,,,,,,,,,,
1084,V1,V2,V5,V5,V6,L1,,,,,,,,,,,,,,,,,,,,,,,,
1085,V1,V2,V5,V6,V6,L1,,,,,,,,,,,,,,,,,,,,,,,,
1086,V1,V2,V3,V4,V6,L1,,,,,,,,,,,,,,,,,,,,,,,,
1087,V1,V2,L2,,,,,,,,,,,,,,,,,,,,,,,,,,,
1088,V1,V2,V3,V5,V6,L1,,,,,,,,,,,,,,,,,,,,,,,,
1089,V1,V3,V5,V6,L1,,,,,,,,,,,,,,,,,,,,,,,,,
1090,V1,V3,V5,V5,V6,L1,,,,,,,,,,,,,,,,,,,,,,,,
1091,V1,V2,V2,V2,V3,V3,V5,V5,V5,V5,V5,V5,V5,V5,V5,V5,V6,L1,,,,,,,,,,,,
1092,V1,V2,V4,V5,V5,V5,V6,V6,V6,V6,L1,,,,,,,,,,,,,,,,,,,
1093,V1,V2,V2,V3,V4,L2,,,,,,,,,,,,,,,,,,,,,,,,
1094,V1,V2,V4,V4,V4,L2,,,,,,,,,,,,,,,,,,,,,,,,
1095,V1,V3,V5,V5,V6,V6,V5,V5,V6,V6,V6,L1,,,,,,,,,,,,,,,,,,
1096,V1,V1,V2,V2,V4,V4,L2,,,,,,,,,,,,,,,,,,,,,,,
1097,V1,V2,V3,L2,,,,,,,,,,,,,,,,,,,,,,,,,,
1098,V1,V3,V3,V5,V5,V5,V5,V5,V5,V6,L1,,,,,,,,,,,,,,,,,,,
1099,V1,V3,V3,V5,V5,V5,V6,L1,,,,,,,,,,,,,,,,,,,,,,
1100,V1,V1,V3,V4,V4,L2,,,,,,,,,,,,,,,,,,,,,,,,
1101,V1,V2,V3,V5,V6,V6,L1,,,,,,,,,,,,,,,,,,,,,,,
1102,V1,V2,L2,,,,,,,,,,,,,,,,,,,,,,,,,,,
1103,V1,V2,V2,L2,,,,,,,,,,,,,,,,,,,,,,,,,,
1104,V1,V3,V5,V6,L1,,,,,,,,,,,,,,,,,,,,,,,,,
1105,V1,V1,V4,V4,V4,V4,L2,,,,,,,,,,,,,,,,,,,,,,,
1106,V1,V2,V2,V3,V4,V6,V6,L1,,,,,,,,,,,,,,,,,,,,,,
1107,V1,V4,V4,L2,,,,,,,,,,,,,,,,,,,,,,,,,,
1108,V1,V2,V3,V3,V4,L2,,,,,,,,,,,,,,,,,,,,,,,,
1109,V1,V2,V3,L2,,,,,,,,,,,,,,,,,,,,,,,,,,
1110,V1,V4,V4,V4,V4,V4,V4,L2,,,,,,,,,,,,,,,,,,,,,,
1111,V1,V3,V4,V4,V4,V4,V4,V4,L2,,,,,,,,,,,,,,,,,,,,,
1112,V1,V2,V2,V4,V4,V4,V4,V5,V5,V5,V5,V5,V4,V4,V6,L1,,,,,,,,,,,,,,
1113,V1,V1,V2,V3,L2,,,,,,,,,,,,,,,,,,,,,,,,,
1114,V1,V2,V3,V4,V4,L2,,,,,,,,,,,,,,,,,,,,,,,,
1115,V1,V2,V5,V5,V5,L2,,,,,,,,,,,,,,,,,,,,,,,,
1116,V1,V3,V3,V4,V4,L2,,,,,,,,,,,,,,,,,,,,,,,,
1117,V1,V2,V5,V5,V5,V6,V6,L1,,,,,,,,,,,,,,,,,,,,,,
1118,V1,V2,V3,V5,V5,V6,L1,,,,,,,,,,,,,,,,,,,,,,,
1119,V1,V2,V2,V2,V5,V6,V6,V6,V6,V6,V6,L1,,,,,,,,,,,,,,,,,,
1120,V1,V2,V3,V3,V4,L2,,,,,,,,,,,,,,,,,,,,,,,,
1121,V1,V2,V2,V3,V3,V4,V4,V4,V4,L2,,,,,,,,,,,,,,,,,,,,
1122,V1,V2,V5,V5,V5,V6,V6,V5,V6,V6,V6,L1,,,,,,,,,,,,,,,,,,
1123,V1,V2,V5,V5,V6,V6,L1,,,,,,,,,,,,,,,,,,,,,,,
1124,V1,L2,,,,,,,,,,,,,,,,,,,,,,,,,,,,
1125,V1,V2,V2,V3,V4,V4,V5,V5,V5,V5,V5,V6,L1,,,,,,,,,,,,,,,,,
1126,V1,V2,V3,V5,V5,V5,V5,V5,V5,V5,V5,V5,V5,V6,V6,L1,,,,,,,,,,,,,,
1127,V1,V2,V4,V4,V6,L1,,,,,,,,,,,,,,,,,,,,,,,,
1128,V1,V2,V5,V6,L1,,,,,,,,,,,,,,,,,,,,,,,,,
1129,V1,V2,V2,V3,V5,V5,V5,V5,V5,V5,V5,V4,V4,V4,L2,,,,,,,,,,,,,,,
1130,V1,V4,V5,V5,V6,L1,,,,,,,,,,,,,,,,,,,,,,,,
1131,V1,V2,V4,V4,V5,V5,V5,V6,V6,L1,,,,,,,,,,,,,,,,,,,,
1132,V1,V3,V4,V4,V4,L2,,,,,,,,,,,,,,,,,,,,,,,,
1133,V1,V2,V2,V3,V4,V4,V4,L2,,,,,,,,,,,,,,,,,,,,,,
1134,V1,V3,L2,,,,,,,,,,,,,,,,,,,,,,,,,,,
1135,V1,V2,V3,V4,V6,V6,L1,,,,,,,,,,,,,,,,,,,,,,,
1136,V1,V3,V4,V4,V4,V5,V6,V6,L1,,,,,,,,,,,,,,,,,,,,,
1137,V1,V2,V4,V4,V4,V4,V4,L2,,,,,,,,,,,,,,,,,,,,,,
1138,V1,V2,L2,,,,,,,,,,,,,,,,,,,,,,,,,,,
1139,V1,V3,V4,V5,V5,L2,,,,,,,,,,,,,,,,,,,,,,,,
1140,V1,V2,V5,V5,V6,V6,V6,V6,V6,V6,V6,V5,V5,V5,V6,V6,L1,,,,,,,,,,,,,
1141,V1,V3,V3,V5,V5,V6,V6,V6,V6,V6,V6,V5,V5,L2,,,,,,,,,,,,,,,,
1142,V1,V2,V3,V4,V5,V5,V5,V5,V4,V5,V5,V6,V6,V6,V6,L1,,,,,,,,,,,,,,
1143,V1,V3,V3,V5,V5,V5,V5,V5,V5,V5,V5,V5,V5,V6,V6,V6,V6,V6,V6,V6,L1,,,,,,,,,
1144,V1,V2,V3,V3,V5,V6,V6,V6,V6,V6,V6,V6,L1,,,,,,,,,,,,,,,,,
1145,V1,V2,V2,V2,V3,L2,,,,,,,,,,,,,,,,,,,,,,,,
1146,V1,V4,V4,V5,V6,L1,,,,,,,,,,,,,,,,,,,,,,,,
1147,V1,V2,L2,,,,,,,,,,,,,,,,,,,,,,,,,,,
1148,V1,V2,L2,,,,,,,,,,,,,,,,,,,,,,,,,,,
1149,V1,V2,V3,V5,V6,L1,,,,,,,,,,,,,,,,,,,,,,,,
1150,V1,V4,V4,V4,L2,,,,,,,,,,,,,,,,,,,,,,,,,
1151,V1,V2,V3,V5,V6,V6,L1,,,,,,,,,,,,,,,,,,,,,,,
1152,V1,V2,V5,V5,V5,V6,V6,V6,L1,,,,,,,,,,,,,,,,,,,,,
1153,V1,V4,V6,V6,V6,L1,,,,,,,,,,,,,,,,,,,,,,,,
1154,V1,V2,L2,,,,,,,,,,,,,,,,,,,,,,,,,,,
1155,V1,V2,V4,V4,L2,,,,,,,,,,,,,,,,,,,,,,,,,
1156,V1,V2,V5,V4,V5,V5,V6,V6,V6,V6,V6,L1,,,,,,,,,,,,,,,,,,
1157,V1,V3,V3,L2,,,,,,,,,,,,,,,,,,,,,,,,,,
1158,V1,V4,V5,L2,,,,,,,,,,,,,,,,,,,,,,,,,,
1159,V1,V2,L2,,,,,,,,,,,,,,,,,,,,,,,,,,,
1160,V1,V2,V2,V3,V5,V5,L2,,,,,,,,,,,,,,,,,,,,,,,
1161,V1,V2,V4,L2,,,,,,,,,,,,,,,,,,,,,,,,,,
1162,V1,V3,V4,V5,V6,V6,V6,V5,V5,V5,V5,V5,V6,V6,L1,,,,,,,,,,,,,,,
1163,V1,V3,V3,V5,V5,V5,V6,V6,V6,V6,L1,,,,,,,,,,,,,,,,,,,
1164,V1,V3,V5,V6,L1,,,,,,,,,,,,,,,,,,,,,,,,,
1165,V1,V3,V5,V5,V6,V6,L1,,,,,,,,,,,,,,,,,,,,,,,
1166,V1,V2,V3,V3,V5,V6,L1,,,,,,,,,,,,,,,,,,,,,,,
1167,V1,V2,V3,V3,V4,V5,L2,,,,,,,,,,,,,,,,,,,,,,,
1168,V1,V1,V2,V2,V3,V3,V3,L2,,,,,,,,,,,,,,,,,,,,,,
1169,V1,V2,V2,V3,V5,V5,V6,V6,V6,L1,,,,,,,,,,,,,,,,,,,,
1170,V1,V2,V2,V3,V3,V3,V3,V3,V4,V5,V6,L1,,,,,,,,,,,,,,,,,,
1171,V1,V2,V2,V3,L2,,,,,,,,,,,,,,,,,,,,,,,,,
1172,V1,V2,V3,V3,L2,,,,,,,,,,,,,,,,,,,,,,,,,
1173,V1,V3,V4,V4,L2,,,,,,,,,,,,,,,,,,,,,,,,,
1174,V1,L2,,,,,,,,,,,,,,,,,,,,,,,,,,,,
1175,V1,V3,V5,V6,L1,,,,,,,,,,,,,,,,,,,,,,,,,
1176,V1,V2,V5,V6,L1,,,,,,,,,,,,,,,,,,,,,,,,,
1177,V1,V2,L2,,,,,,,,,,,,,,,,,,,,,,,,,,,
1178,V1,V2,V3,V5,V5,V5,V6,V5,V5,V5,V6,V6,L1,,,,,,,,,,,,,,,,,
1179,V1,L2,,,,,,,,,,,,,,,,,,,,,,,,,,,,
1180,V1,V2,V4,V4,L2,,,,,,,,,,,,,,,,,,,,,,,,,
1181,V1,V1,V3,V3,V5,V6,L1,,,,,,,,,,,,,,,,,,,,,,,
1182,V1,V2,V5,V5,V6,L1,,,,,,,,,,,,,,,,,,,,,,,,
1183,V1,V4,V5,V5,V5,V5,V5,V5,V5,V6,L1,,,,,,,,,,,,,,,,,,,
1184,V1,V3,V5,V6,V6,V6,L1,,,,,,,,,,,,,,,,,,,,,,,
1185,V1,L2,,,,,,,,,,,,,,,,,,,,,,,,,,,,
1186,V1,V4,V4,V5,V5,V5,V5,L2,,,,,,,,,,,,,,,,,,,,,,
1187,V1,V4,V4,L2,,,,,,,,,,,,,,,,,,,,,,,,,,
1188,V1,L2,,,,,,,,,,,,,,,,,,,,,,,,,,,,
1189,V1,V3,V4,V5,V6,V6,V6,V6,L1,,,,,,,,,,,,,,,,,,,,,
1190,V1,V2,V2,V2,V4,L2,,,,,,,,,,,,,,,,,,,,,,,,
1191,V1,V2,V3,V4,V4,V4,L2,,,,,,,,,,,,,,,,,,,,,,,
1192,V1,V2,V4,L2,,,,,,,,,,,,,,,,,,,,,,,,,,
1193,V1,V2,V2,L2,,,,,,,,,,,,,,,,,,,,,,,,,,
1194,V1,V4,V4,V4,L2,,,,,,,,,,,,,,,,,,,,,,,,,
1195,V1,V2,V3,V5,V5,V6,V6,L1,,,,,,,,,,,,,,,,,,,,,,
1196,V1,V3,V4,V4,V5,V5,V5,V5,V6,L1,,,,,,,,,,,,,,,,,,,,
1197,V1,L2,,,,,,,,,,,,,,,,,,,,,,,,,,,,
1198,V1,V2,V2,V5,V4,V4,V4,V5,V5,V5,V6,V6,V5,V5,V4,L2,,,,,,,,,,,,,,
1199,V1,V2,V5,V5,V5,V5,V5,V5,V5,L2,,,,,,,,,,,,,,,,,,,,
1200,V1,V3,V3,V4,V6,V6,V6,L1,,,,,,,,,,,,,,,,,,,,,,
1201,V1,V1,V4,V5,V6,V6,V6,L1,,,,,,,,,,,,,,,,,,,,,,
1202,V1,V3,V4,V4,V6,L1,,,,,,,,,,,,,,,,,,,,,,,,
1203,V1,V3,L2,,,,,,,,,,,,,,,,,,,,,,,,,,,
1204,V1,V4,V5,V6,L1,,,,,,,,,,,,,,,,,,,,,,,,,
1205,V1,V2,V2,V3,V5,V5,V6,L1,,,,,,,,,,,,,,,,,,,,,,
1206,V1,V3,V5,L2,,,,,,,,,,,,,,,,,,,,,,,,,,
1207,V1,V2,V5,V5,V5,V5,V5,V4,V5,V5,V5,V6,V6,L1,,,,,,,,,,,,,,,,
1208,V1,V2,V3,L2,,,,,,,,,,,,,,,,,,,,,,,,,,
1209,V1,V2,V5,L2,,,,,,,,,,,,,,,,,,,,,,,,,,
1210,V1,V3,L2,,,,,,,,,,,,,,,,,,,,,,,,,,,
1211,V1,L2,,,,,,,,,,,,,,,,,,,,,,,,,,,,
1212,V1,V2,V5,V5,V5,V5,V6,V6,V6,V5,V6,V6,L1,,,,,,,,,,,,,,,,,
1213,V1,V3,V3,V4,V6,L1,,,,,,,,,,,,,,,,,,,,,,,,
1214,V1,V3,L2,,,,,,,,,,,,,,,,,,,,,,,,,,,
1215,V1,V2,V5,V5,V5,V4,V5,V5,V5,V5,V4,V5,V5,L2,,,,,,,,,,,,,,,,
1216,V1,L2,,,,,,,,,,,,,,,,,,,,,,,,,,,,
1217,V1,V2,V4,L2,,,,,,,,,,,,,,,,,,,,,,,,,,
1218,V1,V3,V3,V4,V5,V5,V5,L2,,,,,,,,,,,,,,,,,,,,,,
1219,V1,V2,V2,V3,V3,V3,V5,V6,V6,L1,,,,,,,,,,,,,,,,,,,,
1220,V1,L2,,,,,,,,,,,,,,,,,,,,,,,,,,,,
1221,V1,L2,,,,,,,,,,,,,,,,,,,,,,,,,,,,
1222,V1,V2,V3,V5,V5,V5,V6,L1,,,,,,,,,,,,,,,,,,,,,,
1223,V1,V2,V3,V5,V5,V5,V5,V6,L1,,,,,,,,,,,,,,,,,,,,,
1224,V1,V3,V4,V4,V4,V4,L2,,,,,,,,,,,,,,,,,,,,,,,
1225,V1,V4,V5,V6,L1,,,,,,,,,,,,,,,,,,,,,,,,,
1226,V1,V3,V5,V6,V6,V5,V5,V6,V6,L1,,,,,,,,,,,,,,,,,,,,
1227,V1,V4,V4,V4,V5,V5,V5,V5,V6,L1,,,,,,,,,,,,,,,,,,,,
1228,V1,V2,V3,V4,V4,V5,V5,V6,V6,V6,V6,V6,V6,V6,V6,V6,V6,L1,,,,,,,,,,,,
1229,V1,V2,V3,L2,,,,,,,,,,,,,,,,,,,,,,,,,,
1230,V1,V3,V5,V4,V4,V4,V5,L2,,,,,,,,,,,,,,,,,,,,,,
1231,V1,V1,V3,V5,V5,V6,L1,,,,,,,,,,,,,,,,,,,,,,,
1232,V1,V2,V3,V5,V6,V6,V6,V5,V6,L1,,,,,,,,,,,,,,,,,,,,
1233,V1,V3,V5,V5,V4,V4,V5,V5,V5,V4,V4,V4,V5,V5,V5,V6,L1,,,,,,,,,,,,,
1234,V1,V2,V2,V5,V5,V4,V4,V4,V5,V5,V5,V6,V6,L1,,,,,,,,,,,,,,,,
1235,V1,L2,,,,,,,,,,,,,,,,,,,,,,,,,,,,
1236,V1,V2,V3,V3,V5,L2,,,,,,,,,,,,,,,,,,,,,,,,
1237,V1,V2,V2,V2,V3,V3,V3,V3,L2,,,,,,,,,,,,,,,,,,,,,
1238,V1,V3,V5,V5,V6,V6,V6,V6,V6,V6,V6,L1,,,,,,,,,,,,,,,,,,
1239,V1,V4,V4,V4,V5,V5,V5,V5,V4,V5,V5,V5,V6,V6,L1,,,,,,,,,,,,,,,
1240,V1,V1,V2,V2,V5,L2,,,,,,,,,,,,,,,,,,,,,,,,
1241,V1,V2,V2,V5,L2,,,,,,,,,,,,,,,,,,,,,,,,,
1242,V1,V3,V4,V4,V6,L1,,,,,,,,,,,,,,,,,,,,,,,,
1243,V1,V1,V2,V3,V4,V5,V5,V5,V5,V5,V5,V6,V6,L1,,,,,,,,,,,,,,,,
1244,V1,V2,V3,V3,V4,V5,V6,V6,V6,V6,V6,V6,V6,V6,V6,V6,V6,V6,V6,V6,L1,,,,,,,,,
1245,V1,V2,V2,V3,V5,V5,V5,V5,V5,V5,V6,V6,V6,V6,V6,V6,V5,V6,V6,V6,L1,,,,,,,,,
1246,V1,V2,V3,V4,L2,,,,,,,,,,,,,,,,,,,,,,,,,
1247,V1,V3,V3,V3,V5,V6,L1,,,,,,,,,,,,,,,,,,,,,,,
1248,V1,V2,V3,V5,V5,V4,L2,,,,,,,,,,,,,,,,,,,,,,,
1249,V1,V3,V3,V5,V5,V4,V5,V5,V6,V5,V5,V5,V5,V4,V4,L2,,,,,,,,,,,,,,
1250,V1,V2,V5,V5,V5,V5,V6,L1,,,,,,,,,,,,,,,,,,,,,,
1251,V1,V1,V4,V4,V4,V5,V5,V5,V5,V5,V5,V6,V5,V6,V6,V6,V6,L1,,,,,,,,,,,,
1252,V1,V2,V5,V6,V6,V6,V6,V6,V6,V5,V5,V6,V6,L1,,,,,,,,,,,,,,,,
1253,V1,V1,V2,V3,V5,V5,V6,V6,L1,,,,,,,,,,,,,,,,,,,,,
1254,V1,V2,V3,V4,L2,,,,,,,,,,,,,,,,,,,,,,,,,
1255,V1,V2,V3,V4,V4,V4,V4,V5,V5,V5,V6,V6,L1,,,,,,,,,,,,,,,,,
1256,V1,V2,V3,V4,L2,,,,,,,,,,,,,,,,,,,,,,,,,
1257,V1,V2,V4,V4,V4,L2,,,,,,,,,,,,,,,,,,,,,,,,
1258,V1,L2,,,,,,,,,,,,,,,,,,,,,,,,,,,,
1259,V1,V2,V5,V5,V6,L1,,,,,,,,,,,,,,,,,,,,,,,,
1260,V1,L2,,,,,,,,,,,,,,,,,,,,,,,,,,,,
1261,V1,V2,V5,V5,V6,V6,L1,,,,,,,,,,,,,,,,,,,,,,,
1262,V1,V3,V4,V6,V6,V5,L2,,,,,,,,,,,,,,,,,,,,,,,
1263,V1,L2,,,,,,,,,,,,,,,,,,,,,,,,,,,,
1264,V1,V1,V1,V2,V4,V4,V5,V5,V5,L2,,,,,,,,,,,,,,,,,,,,
1265,V1,V2,V5,V6,L1,,,,,,,,,,,,,,,,,,,,,,,,,
1266,V1,V1,V1,V3,V3,V3,V4,V5,V5,V6,L1,,,,,,,,,,,,,,,,,,,
1267,V1,V1,V3,V5,V6,V6,V6,L1,,,,,,,,,,,,,,,,,,,,,,
1268,V1,L2,,,,,,,,,,,,,,,,,,,,,,,,,,,,
1269,V1,V2,V3,V5,V6,V6,V6,V5,V6,V6,V6,V6,V6,L1,,,,,,,,,,,,,,,,
1270,V1,V2,V5,V6,V6,V6,L1,,,,,,,,,,,,,,,,,,,,,,,
1271,V1,V2,V3,V4,L2,,,,,,,,,,,,,,,,,,,,,,,,,
1272,V1,V2,V3,V5,V6,V5,V5,V5,V5,V4,V5,V5,V5,V4,V5,V5,V6,V6,V6,L1,,,,,,,,,,
1273,V1,V3,V4,V5,V5,V5,V6,V6,V6,V6,V6,V6,V6,V5,V5,V6,V6,V6,L1,,,,,,,,,,,
1274,V1,V3,V5,V5,V6,L1,,,,,,,,,,,,,,,,,,,,,,,,
1275,V1,V2,V3,V5,V5,V5,V6,V6,L1,,,,,,,,,,,,,,,,,,,,,
1276,V1,V2,V3,V4,L2,,,,,,,,,,,,,,,,,,,,,,,,,
1277,V1,V2,V3,V5,V6,L1,,,,,,,,,,,,,,,,,,,,,,,,
1278,V1,V2,V4,V4,V6,V6,L1,,,,,,,,,,,,,,,,,,,,,,,
1279,V1,V2,V3,V5,V5,V6,V6,L1,,,,,,,,,,,,,,,,,,,,,,
1280,V1,V3,V5,V5,V5,V6,V6,L1,,,,,,,,,,,,,,,,,,,,,,
1281,V1,L2,,,,,,,,,,,,,,,,,,,,,,,,,,,,
1282,V1,V1,V3,L2,,,,,,,,,,,,,,,,,,,,,,,,,,
1283,V1,V2,V3,V5,V6,L1,,,,,,,,,,,,,,,,,,,,,,,,
1284,V1,V2,V2,L2,,,,,,,,,,,,,,,,,,,,,,,,,,
1285,V1,V2,V3,V5,V6,L1,,,,,,,,,,,,,,,,,,,,,,,,
1286,V1,V3,V5,V6,V6,V6,L1,,,,,,,,,,,,,,,,,,,,,,,
1287,V1,V3,V3,V4,V6,V6,V6,L1,,,,,,,,,,,,,,,,,,,,,,
1288,V1,V2,V3,V3,V4,V6,L1,,,,,,,,,,,,,,,,,,,,,,,
1289,V1,V3,V3,V4,V4,V4,V4,V4,V4,V5,V5,V6,V6,V6,V6,L1,,,,,,,,,,,,,,
1290,V1,V3,L2,,,,,,,,,,,,,,,,,,,,,,,,,,,
1291,V1,V3,V5,V5,V5,V5,V5,V5,V5,V5,V5,V5,V5,V6,V6,L1,,,,,,,,,,,,,,
1292,V1,V4,V4,V4,V5,V5,V5,V6,V6,L1,,,,,,,,,,,,,,,,,,,,
1293,V1,V2,L2,,,,,,,,,,,,,,,,,,,,,,,,,,,
1294,V1,V3,L2,,,,,,,,,,,,,,,,,,,,,,,,,,,
1295,V1,V1,V2,V3,V5,V6,V6,L1,,,,,,,,,,,,,,,,,,,,,,
1296,V1,V3,V3,V5,V5,V5,V6,L1,,,,,,,,,,,,,,,,,,,,,,
1297,V1,V3,V5,V6,V6,V6,L1,,,,,,,,,,,,,,,,,,,,,,,
1298,V1,V2,V2,V2,V4,V4,V6,V6,L1,,,,,,,,,,,,,,,,,,,,,
1299,V1,V2,V2,V2,V4,V4,V4,V4,L2,,,,,,,,,,,,,,,,,,,,,
1300,V1,V2,V5,V6,V6,L1,,,,,,,,,,,,,,,,,,,,,,,,
1301,V1,V2,V3,L2,,,,,,,,,,,,,,,,,,,,,,,,,,
1302,V1,V2,V2,V3,L2,,,,,,,,,,,,,,,,,,,,,,,,,
1303,V1,V1,V3,V5,V6,V6,L1,,,,,,,,,,,,,,,,,,,,,,,
1304,V1,V4,V4,V5,V5,V5,V5,V5,V6,V6,V6,V6,V6,V5,V6,V6,V5,V5,V5,V6,V6,V6,L1,,,,,,,
1305,V1,V3,V4,L2,,,,,,,,,,,,,,,,,,,,,,,,,,
1306,V1,V3,V3,L2,,,,,,,,,,,,,,,,,,,,,,,,,,
1307,V1,V4,L2,,,,,,,,,,,,,,,,,,,,,,,,,,,
1308,V1,V3,V3,V4,V4,V4,V5,V6,V6,V6,L1,,,,,,,,,,,,,,,,,,,
1309,V1,V2,V2,V2,V2,V3,V5,V5,V6,V6,V6,V6,L1,,,,,,,,,,,,,,,,,
1310,V1,V2,V2,V2,V3,V5,V6,L1,,,,,,,,,,,,,,,,,,,,,,
1311,V1,V2,V2,V3,V5,V5,V6,V6,V6,V6,L1,,,,,,,,,,,,,,,,,,,
1312,V1,V2,V3,V4,V5,V5,V4,L2,,,,,,,,,,,,,,,,,,,,,,
1313,V1,V3,V4,V4,V5,V6,V6,L1,,,,,,,,,,,,,,,,,,,,,,
1314,V1,V3,V5,V5,V5,V6,V6,L1,,,,,,,,,,,,,,,,,,,,,,
1315,V1,V3,V5,V5,V6,V6,V6,V6,V6,V6,V6,V6,V6,V6,V6,L1,,,,,,,,,,,,,,
1316,V1,L2,,,,,,,,,,,,,,,,,,,,,,,,,,,,
1317,V1,V2,V2,V2,V5,V5,V5,V6,V6,L1,,,,,,,,,,,,,,,,,,,,
1318,V1,V2,V3,V3,V5,V6,L1,,,,,,,,,,,,,,,,,,,,,,,
1319,V1,V2,V3,V3,V4,V5,V6,L1,,,,,,,,,,,,,,,,,,,,,,
1320,V1,V3,V4,V4,V4,V4,V4,V4,V5,V6,L1,,,,,,,,,,,,,,,,,,,
1321,V1,V2,L2,,,,,,,,,,,,,,,,,,,,,,,,,,,
1322,V1,V2,V4,V4,V4,V5,V5,V6,V6,V6,L1,,,,,,,,,,,,,,,,,,,
1323,V1,V3,V3,V4,V6,L1,,,,,,,,,,,,,,,,,,,,,,,,
1324,V1,V2,V5,V6,V6,V6,L1,,,,,,,,,,,,,,,,,,,,,,,
1325,V1,V2,V4,L2,,,,,,,,,,,,,,,,,,,,,,,,,,
1326,V1,V2,V4,V4,V6,V5,V5,V5,V5,V6,V6,V6,V6,V6,V6,L1,,,,,,,,,,,,,,
1327,V1,V2,V5,V6,V6,V6,V6,V6,V6,V6,L1,,,,,,,,,,,,,,,,,,,
1328,V1,V2,V2,V3,V5,V6,L1,,,,,,,,,,,,,,,,,,,,,,,
1329,V1,V2,V2,V2,V3,V3,V5,V6,L1,,,,,,,,,,,,,,,,,,,,,
1330,V1,V3,V4,V5,V5,V5,V5,V5,V6,L1,,,,,,,,,,,,,,,,,,,,
1331,V1,V3,V5,V6,V6,V6,L1,,,,,,,,,,,,,,,,,,,,,,,
1332,V1,V4,V4,L2,,,,,,,,,,,,,,,,,,,,,,,,,,
1333,V1,V2,V3,L2,,,,,,,,,,,,,,,,,,,,,,,,,,
1334,V1,V4,L2,,,,,,,,,,,,,,,,,,,,,,,,,,,
1335,V1,V2,V2,V3,V5,V5,V5,V6,V6,V5,V5,L2,,,,,,,,,,,,,,,,,,
1336,V1,V2,V3,V5,V6,L1,,,,,,,,,,,,,,,,,,,,,,,,
1337,V1,V2,V3,V4,L2,,,,,,,,,,,,,,,,,,,,,,,,,
1338,V1,V2,V2,L2,,,,,,,,,,,,,,,,,,,,,,,,,,
1339,V1,V3,V5,V5,V6,L1,,,,,,,,,,,,,,,,,,,,,,,,
1340,V1,V2,L2,,,,,,,,,,,,,,,,,,,,,,,,,,,
1341,V1,L2,,,,,,,,,,,,,,,,,,,,,,,,,,,,
1342,V1,V2,V5,V6,V6,V6,V6,V6,V6,V6,V6,L1,,,,,,,,,,,,,,,,,,
1343,V1,V2,V5,V5,V6,V6,V6,V6,V6,V6,V6,V6,V6,V6,V6,V6,V6,L1,,,,,,,,,,,,
1344,V1,V1,V3,V3,L2,,,,,,,,,,,,,,,,,,,,,,,,,
1345,V1,V1,V2,V5,V5,V5,V5,V6,V6,V6,L1,,,,,,,,,,,,,,,,,,,
1346,V1,V1,V3,V3,V4,V4,V4,V5,V5,V6,V6,V6,V6,V5,V5,V6,V6,V6,V6,V6,V6,L1,,,,,,,,
1347,V1,V2,V4,L2,,,,,,,,,,,,,,,,,,,,,,,,,,
1348,V1,V2,V3,V3,V4,V5,V6,V6,V6,V6,V6,V6,V6,V6,V6,L1,,,,,,,,,,,,,,
1349,V1,V2,V2,V5,V5,V6,V6,V6,V6,V6,V6,L1,,,,,,,,,,,,,,,,,,
1350,V1,V2,V4,L2,,,,,,,,,,,,,,,,,,,,,,,,,,
1351,V1,V2,V2,V5,V6,V6,V6,L1,,,,,,,,,,,,,,,,,,,,,,
1352,V1,V3,V3,V3,V5,V6,V6,V6,V6,V6,V6,V6,V6,V6,V6,L1,,,,,,,,,,,,,,
1353,V1,V4,V4,V6,V6,V6,V5,V5,V6,V6,L1,,,,,,,,,,,,,,,,,,,
1354,V1,V3,V5,V6,V6,L1,,,,,,,,,,,,,,,,,,,,,,,,
1355,V1,V2,L2,,,,,,,,,,,,,,,,,,,,,,,,,,,
1356,V1,V2,V2,V3,V3,V4,V4,V4,L2,,,,,,,,,,,,,,,,,,,,,
1357,V1,V2,V5,V5,V6,V6,V6,V6,V6,V6,V6,V6,V6,V6,L1,,,,,,,,,,,,,,,
1358,V1,V2,V2,V3,L2,,,,,,,,,,,,,,,,,,,,,,,,,
1359,V1,V2,V2,V2,V4,V4,V4,V4,V4,L2,,,,,,,,,,,,,,,,,,,,
1360,V1,V3,V4,L2,,,,,,,,,,,,,,,,,,,,,,,,,,
1361,V1,V3,L2,,,,,,,,,,,,,,,,,,,,,,,,,,,
1362,V1,V3,V3,V4,V4,V6,V5,V6,L1,,,,,,,,,,,,,,,,,,,,,
1363,V1,V4,V4,V4,L2,,,,,,,,,,,,,,,,,,,,,,,,,
1364,V1,V3,V4,V6,L1,,,,,,,,,,,,,,,,,,,,,,,,,
1365,V1,V1,V4,V4,V4,V6,L1,,,,,,,,,,,,,,,,,,,,,,,
1366,V1,V3,L2,,,,,,,,,,,,,,,,,,,,,,,,,,,
1367,V1,V3,V4,V5,V4,L2,,,,,,,,,,,,,,,,,,,,,,,,
1368,V1,V2,V3,V5,V5,V5,V6,V6,V6,V6,V6,L1,,,,,,,,,,,,,,,,,,
1369,V1,V2,V2,V2,V3,V4,V5,V6,V6,V6,V6,V6,L1,,,,,,,,,,,,,,,,,
1370,V1,V2,V3,V3,L2,,,,,,,,,,,,,,,,,,,,,,,,,
1371,V1,L2,,,,,,,,,,,,,,,,,,,,,,,,,,,,
1372,V1,V3,V4,V6,V6,V6,V6,V6,L1,,,,,,,,,,,,,,,,,,,,,
1373,V1,V2,V3,V4,L2,,,,,,,,,,,,,,,,,,,,,,,,,
1374,V1,V4,V4,V6,V6,V6,V6,L1,,,,,,,,,,,,,,,,,,,,,,
1375,V1,V4,V5,V5,V6,V6,L1,,,,,,,,,,,,,,,,,,,,,,,
1376,V1,V3,V4,V5,V5,V6,L1,,,,,,,,,,,,,,,,,,,,,,,
1377,V1,V3,V5,V6,V6,L1,,,,,,,,,,,,,,,,,,,,,,,,
1378,V1,V4,V4,V6,V6,L1,,,,,,,,,,,,,,,,,,,,,,,,
1379,V1,V4,L2,,,,,,,,,,,,,,,,,,,,,,,,,,,
1380,V1,V1,V2,V5,V5,V6,V5,V5,V6,L1,,,,,,,,,,,,,,,,,,,,
1381,V1,V2,L2,,,,,,,,,,,,,,,,,,,,,,,,,,,
1382,V1,V2,V5,V5,V5,V5,V6,V6,V6,L1,,,,,,,,,,,,,,,,,,,,
1383,V1,V2,V3,V4,V4,V4,L2,,,,,,,,,,,,,,,,,,,,,,,
1384,V1,V2,V2,V2,V3,V4,V4,V5,V6,L1,,,,,,,,,,,,,,,,,,,,
1385,V1,V2,V4,V4,V5,V6,V6,L1,,,,,,,,,,,,,,,,,,,,,,
1386,V1,V2,V2,V3,V3,V5,V5,L2,,,,,,,,,,,,,,,,,,,,,,
1387,V1,V3,V5,V5,V6,V6,V6,V6,V6,V6,V6,V6,V6,V6,V6,V6,V6,V6,V6,L1,,,,,,,,,,
1388,V1,V2,V4,V4,V5,V5,V6,V6,V6,L1,,,,,,,,,,,,,,,,,,,,
1389,V1,V2,V2,V4,V4,V4,V4,V4,L2,,,,,,,,,,,,,,,,,,,,,
1390,V1,V3,V5,V5,V6,V6,V6,L1,,,,,,,,,,,,,,,,,,,,,,
1391,V1,V2,V3,L2,,,,,,,,,,,,,,,,,,,,,,,,,,
1392,V1,V2,V2,V5,V5,V5,V5,V5,V5,V6,V6,V6,L1,,,,,,,,,,,,,,,,,
1393,V1,L2,,,,,,,,,,,,,,,,,,,,,,,,,,,,
1394,V1,V2,V4,L2,,,,,,,,,,,,,,,,,,,,,,,,,,
1395,V1,V2,V5,L2,,,,,,,,,,,,,,,,,,,,,,,,,,
1396,V1,V4,L2,,,,,,,,,,,,,,,,,,,,,,,,,,,
1397,V1,V3,V4,V4,V5,V5,V5,V6,L1,,,,,,,,,,,,,,,,,,,,,
1398,V1,V2,V5,V6,L1,,,,,,,,,,,,,,,,,,,,,,,,,
1399,V1,V2,V5,V5,V5,V5,V6,V6,V6,V6,L1,,,,,,,,,,,,,,,,,,,
1400,V1,V2,V2,V2,V3,V5,V6,V6,V6,V6,V6,V6,V6,V6,V6,V6,V6,V6,V6,V6,V6,V6,V6,V6,V6,V6,V6,L1,,
1401,V1,V1,V1,V2,V3,V4,V4,V4,V4,V4,V5,L2,,,,,,,,,,,,,,,,,,
1402,V1,V1,V2,V2,V3,L2,,,,,,,,,,,,,,,,,,,,,,,,
1403,V1,V2,V5,V5,V5,V5,V5,V5,V5,V6,V6,V6,V6,V6,V6,V6,L1,,,,,,,,,,,,,
1404,V1,V3,V3,V5,V4,V4,V4,V4,V6,L1,,,,,,,,,,,,,,,,,,,,
1405,V1,L2,,,,,,,,,,,,,,,,,,,,,,,,,,,,
1406,V1,V3,V3,L2,,,,,,,,,,,,,,,,,,,,,,,,,,
1407,V1,V3,V5,V5,V5,V5,V6,V6,V6,V6,V6,L1,,,,,,,,,,,,,,,,,,
1408,V1,L2,,,,,,,,,,,,,,,,,,,,,,,,,,,,
1409,V1,V2,V3,V3,V5,V5,V5,V6,V6,V6,V6,V6,V6,V5,L2,,,,,,,,,,,,,,,
1410,V1,V3,V3,V5,V6,V6,L1,,,,,,,,,,,,,,,,,,,,,,,
1411,V1,V2,V4,V4,V6,V6,L1,,,,,,,,,,,,,,,,,,,,,,,
1412,V1,V3,V4,V4,V5,L2,,,,,,,,,,,,,,,,,,,,,,,,
1413,V1,V2,V2,V2,V3,V3,V3,L2,,,,,,,,,,,,,,,,,,,,,,
1414,V1,V1,V3,V4,L2,,,,,,,,,,,,,,,,,,,,,,,,,
1415,V1,V3,V3,L2,,,,,,,,,,,,,,,,,,,,,,,,,,
1416,V1,V2,V2,V3,V5,L2,,,,,,,,,,,,,,,,,,,,,,,,
1417,V1,V1,V4,V4,V6,V6,V6,V6,V6,V6,L1,,,,,,,,,,,,,,,,,,,
1418,V1,V2,V3,V3,V5,V6,L1,,,,,,,,,,,,,,,,,,,,,,,
1419,V1,V2,V2,V5,V6,V6,V5,V6,V5,V5,V6,V6,V6,V6,V6,L1,,,,,,,,,,,,,,
1420,V1,V2,V2,V3,L2,,,,,,,,,,,,,,,,,,,,,,,,,
1421,V1,L2,,,,,,,,,,,,,,,,,,,,,,,,,,,,
1422,V1,V3,V5,V5,V5,V6,V6,V6,V6,V6,L1,,,,,,,,,,,,,,,,,,,
1423,V1,L2,,,,,,,,,,,,,,,,,,,,,,,,,,,,
1424,V1,V3,L2,,,,,,,,,,,,,,,,,,,,,,,,,,,
1425,V1,V2,V4,L2,,,,,,,,,,,,,,,,,,,,,,,,,,
1426,V1,L2,,,,,,,,,,,,,,,,,,,,,,,,,,,,
1427,V1,V3,V5,V6,L1,,,,,,,,,,,,,,,,,,,,,,,,,
1428,V1,V2,V3,V5,V5,V5,V6,V6,L1,,,,,,,,,,,,,,,,,,,,,
1429,V1,L2,,,,,,,,,,,,,,,,,,,,,,,,,,,,
1430,V1,V2,V3,V4,V4,V5,L2,,,,,,,,,,,,,,,,,,,,,,,
1431,V1,V2,V2,V2,V4,V4,L2,,,,,,,,,,,,,,,,,,,,,,,
1432,V1,V3,V3,V4,V4,V6,V6,L1,,,,,,,,,,,,,,,,,,,,,,
1433,V1,V2,V2,V2,V3,V5,V6,V6,L1,,,,,,,,,,,,,,,,,,,,,
1434,V1,V2,V2,V3,V3,V5,V6,L1,,,,,,,,,,,,,,,,,,,,,,
1435,V1,V3,V5,V5,V4,L2,,,,,,,,,,,,,,,,,,,,,,,,
1436,V1,V2,V3,V4,V5,V6,V6,V6,V6,V6,L1,,,,,,,,,,,,,,,,,,,
1437,V1,V3,V3,V5,V5,V5,V5,V5,V4,V4,V4,V4,V4,V5,V6,L1,,,,,,,,,,,,,,
1438,V1,L2,,,,,,,,,,,,,,,,,,,,,,,,,,,,
1439,V1,V3,V3,L2,,,,,,,,,,,,,,,,,,,,,,,,,,
1440,V1,V2,V5,V6,V5,V5,V6,V6,V6,V6,L1,,,,,,,,,,,,,,,,,,,
1441,V1,V2,V5,V5,V5,L2,,,,,,,,,,,,,,,,,,,,,,,,
1442,V1,V3,V3,V4,V4,V4,V4,V4,V6,V6,L1,,,,,,,,,,,,,,,,,,,
1443,V1,V2,V3,L2,,,,,,,,,,,,,,,,,,,,,,,,,,
1444,V1,V3,V4,V4,L2,,,,,,,,,,,,,,,,,,,,,,,,,
1445,V1,V2,V3,V3,V5,V5,V6,V6,V6,V6,L1,,,,,,,,,,,,,,,,,,,
1446,V1,V2,V3,V3,L2,,,,,,,,,,,,,,,,,,,,,,,,,
1447,V1,V3,V4,V6,V6,L1,,,,,,,,,,,,,,,,,,,,,,,,
1448,V1,V3,V3,V4,L2,,,,,,,,,,,,,,,,,,,,,,,,,
1449,V1,V2,V5,V6,L1,,,,,,,,,,,,,,,,,,,,,,,,,
1450,V1,L2,,,,,,,,,,,,,,,,,,,,,,,,,,,,
1451,V1,V3,V5,V6,L1,,,,,,,,,,,,,,,,,,,,,,,,,
1452,V1,V1,V2,V2,V5,V4,L2,,,,,,,,,,,,,,,,,,,,,,,
1453,V1,V2,V3,V3,V3,V4,V5,V4,V6,V6,V6,V6,V5,V5,V6,V6,V6,V6,V6,V6,V6,V6,L1,,,,,,,
1454,V1,V4,V4,V4,V6,L1,,,,,,,,,,,,,,,,,,,,,,,,
1455,V1,L2,,,,,,,,,,,,,,,,,,,,,,,,,,,,
1456,V1,V3,V4,V4,V4,V4,L2,,,,,,,,,,,,,,,,,,,,,,,
1457,V1,L2,,,,,,,,,,,,,,,,,,,,,,,,,,,,
1458,V1,V2,V3,V3,V5,V5,V5,V5,V5,V5,V5,V6,L1,,,,,,,,,,,,,,,,,
1459,V1,V2,V5,V4,L2,,,,,,,,,,,,,,,,,,,,,,,,,
1460,V1,V3,V4,V4,V4,V4,L2,,,,,,,,,,,,,,,,,,,,,,,
1461,V1,V2,V3,V5,V5,V5,V6,V6,V6,V6,V6,V6,L1,,,,,,,,,,,,,,,,,
1462,V1,V2,V2,V3,V5,V5,V5,V5,V4,V5,V5,V6,L1,,,,,,,,,,,,,,,,,
1463,V1,V3,V5,V5,V5,L2,,,,,,,,,,,,,,,,,,,,,,,,
1464,V1,V2,V5,V5,V6,V6,V6,V6,L1,,,,,,,,,,,,,,,,,,,,,
1465,V1,V2,V5,V5,V5,V6,V6,V6,V6,V6,V6,V6,V5,V5,L2,,,,,,,,,,,,,,,
1466,V1,V2,V2,V2,V2,V5,V6,V6,V6,V5,V5,V6,V5,V5,V5,V5,V6,V6,V6,V6,V6,V6,V6,V6,V6,V6,V6,V6,V6,L1
1467,V1,V2,V3,V3,V4,V5,V4,L2,,,,,,,,,,,,,,,,,,,,,,
1468,V1,V2,V4,V4,V4,V4,V5,L2,,,,,,,,,,,,,,,,,,,,,,
1469,V1,V2,V2,V2,V3,V3,V3,V4,V4,V4,V4,V5,V6,L1,,,,,,,,,,,,,,,,
1470,V1,V2,V3,V5,V6,V6,L1,,,,,,,,,,,,,,,,,,,,,,,
1471,V1,V2,V3,V3,V3,V5,V5,V5,V5,V6,V6,V6,L1,,,,,,,,,,,,,,,,,
1472,V1,V2,V3,V4,V5,V5,V5,V5,V5,V5,V5,V6,V6,V6,V6,L1,,,,,,,,,,,,,,
1473,V1,V1,V3,V4,V5,V5,V5,V6,V6,L1,,,,,,,,,,,,,,,,,,,,
1474,V1,V2,V3,L2,,,,,,,,,,,,,,,,,,,,,,,,,,
1475,V1,V4,L2,,,,,,,,,,,,,,,,,,,,,,,,,,,
1476,V1,V2,V4,V5,V5,V5,V5,V5,V5,V5,V5,V6,V6,V6,V6,L1,,,,,,,,,,,,,,
1477,V1,V1,L2,,,,,,,,,,,,,,,,,,,,,,,,,,,
1478,V1,V2,V3,V4,V5,V5,V6,V6,V6,V6,V6,V6,V6,L1,,,,,,,,,,,,,,,,
1479,V1,V1,V3,V4,V4,V4,V6,L1,,,,,,,,,,,,,,,,,,,,,,
1480,V1,V2,V5,V6,L1,,,,,,,,,,,,,,,,,,,,,,,,,
1481,V1,V4,L2,,,,,,,,,,,,,,,,,,,,,,,,,,,
1482,V1,V2,V2,V3,L2,,,,,,,,,,,,,,,,,,,,,,,,,
1483,V1,V2,V3,V4,V4,V4,V6,V6,V6,L1,,,,,,,,,,,,,,,,,,,,
1484,V1,V4,V4,V6,L1,,,,,,,,,,,,,,,,,,,,,,,,,
1485,V1,V2,V2,V3,V4,L2,,,,,,,,,,,,,,,,,,,,,,,,
1486,V1,V1,V2,V2,V2,V5,V6,L1,,,,,,,,,,,,,,,,,,,,,,
1487,V1,V2,V5,V5,V5,V6,V6,L1,,,,,,,,,,,,,,,,,,,,,,
1488,V1,V2,V2,V2,V2,V3,V5,V5,V5,V5,V6,V6,V6,V6,V6,L1,,,,,,,,,,,,,,
1489,V1,V4,L2,,,,,,,,,,,,,,,,,,,,,,,,,,,
1490,V1,V2,V5,V5,V6,L1,,,,,,,,,,,,,,,,,,,,,,,,
1491,V1,V3,V5,V4,V4,L2,,,,,,,,,,,,,,,,,,,,,,,,
1492,V1,V4,V4,V6,V6,V6,V5,V5,L2,,,,,,,,,,,,,,,,,,,,,
1493,V1,V3,V3,V4,V4,V5,V5,V6,L1,,,,,,,,,,,,,,,,,,,,,
1494,V1,V4,V4,L2,,,,,,,,,,,,,,,,,,,,,,,,,,
1495,V1,L2,,,,,,,,,,,,,,,,,,,,,,,,,,,,
1496,V1,V2,V3,V4,V5,V5,V6,V5,V5,V5,V5,V5,V6,V5,V6,V5,V6,L1,,,,,,,,,,,,
1497,V1,V2,V5,V5,V6,V6,V6,V6,V6,V6,V6,V6,V6,L1,,,,,,,,,,,,,,,,
1498,V1,V2,V2,V3,V5,V5,V5,L2,,,,,,,,,,,,,,,,,,,,,,
1499,V1,V2,V5,V6,V6,L1,,,,,,,,,,,,,,,,,,,,,,,,
1500,V1,V2,V2,V3,V3,L2,,,,,,,,,,,,,,,,,,,,,,,,
1501,V1,V4,V4,V5,V5,V6,V6,L1,,,,,,,,,,,,,,,,,,,,,,
1502,V1,V2,V5,V5,V6,V6,V6,V6,V6,V6,L1,,,,,,,,,,,,,,,,,,,
1503,V1,L2,,,,,,,,,,,,,,,,,,,,,,,,,,,,
1504,V1,V4,V4,V6,V6,V6,V6,V6,V6,V6,L1,,,,,,,,,,,,,,,,,,,
1505,V1,V1,V4,L2,,,,,,,,,,,,,,,,,,,,,,,,,,
1506,V1,V4,V4,L2,,,,,,,,,,,,,,,,,,,,,,,,,,
1507,V1,V2,V5,V6,V6,V6,V6,V5,V6,V6,L1,,,,,,,,,,,,,,,,,,,
1508,V1,V3,V5,V6,L1,,,,,,,,,,,,,,,,,,,,,,,,,
1509,V1,V2,V3,V3,V3,V3,V4,V5,V5,V5,V6,V6,V6,V6,V6,L1,,,,,,,,,,,,,,
1510,V1,V2,V3,V5,V6,V6,V6,V5,V5,V5,V6,L1,,,,,,,,,,,,,,,,,,
1511,V1,V2,L2,,,,,,,,,,,,,,,,,,,,,,,,,,,
1512,V1,V2,V4,V4,V6,V5,V6,L1,,,,,,,,,,,,,,,,,,,,,,
1513,V1,V2,V5,L2,,,,,,,,,,,,,,,,,,,,,,,,,,
1514,V1,V3,V3,V4,L2,,,,,,,,,,,,,,,,,,,,,,,,,
1515,V1,V3,V5,V5,V5,V5,V6,V6,L1,,,,,,,,,,,,,,,,,,,,,
1516,V1,V2,V2,V5,V5,V5,V5,V4,V6,V6,L1,,,,,,,,,,,,,,,,,,,
1517,V1,V1,V2,V5,V5,V5,V5,V5,V5,V6,L1,,,,,,,,,,,,,,,,,,,
1518,V1,V4,L2,,,,,,,,,,,,,,,,,,,,,,,,,,,
1519,V1,V2,V4,V4,V4,V6,V6,V6,V6,V6,V6,V6,V6,V6,V6,L1,,,,,,,,,,,,,,
1520,V1,V2,V3,V5,V5,V5,V5,V6,V6,L1,,,,,,,,,,,,,,,,,,,,
1521,V1,V1,V2,V5,V6,L1,,,,,,,,,,,,,,,,,,,,,,,,
1522,V1,V2,V2,V3,V3,L2,,,,,,,,,,,,,,,,,,,,,,,,
1523,V1,V2,V5,V5,V5,V5,V5,L2,,,,,,,,,,,,,,,,,,,,,,
1524,V1,V2,V2,V5,V6,V6,V5,V5,V6,V5,V5,V5,L2,,,,,,,,,,,,,,,,,
1525,V1,V2,V3,V5,V5,V5,L2,,,,,,,,,,,,,,,,,,,,,,,
1526,V1,V3,V3,V5,V5,V5,V6,V6,L1,,,,,,,,,,,,,,,,,,,,,
1527,V1,V3,V3,V4,V5,V5,V6,L1,,,,,,,,,,,,,,,,,,,,,,
1528,V1,V3,V4,V4,V4,L2,,,,,,,,,,,,,,,,,,,,,,,,
1529,V1,V2,V3,V4,V5,V5,L2,,,,,,,,,,,,,,,,,,,,,,,
1530,V1,V4,V4,V4,V4,L2,,,,,,,,,,,,,,,,,,,,,,,,
1531,V1,V2,V2,V3,V5,V6,L1,,,,,,,,,,,,,,,,,,,,,,,
1532,V1,V2,V3,V4,V5,V5,V6,V6,V6,L1,,,,,,,,,,,,,,,,,,,,
1533,V1,V2,V3,V3,V4,V4,V4,V4,L2,,,,,,,,,,,,,,,,,,,,,
1534,V1,V2,V3,V5,V6,V6,L1,,,,,,,,,,,,,,,,,,,,,,,
1535,V1,V2,V3,V5,V5,V6,V5,V6,V5,V6,V6,V6,V6,V5,V6,V6,V6,L1,,,,,,,,,,,,
1536,V1,V2,V3,V4,V4,V5,V5,V4,V4,V4,V6,V6,V6,V6,V6,V6,L1,,,,,,,,,,,,,
1537,V1,V1,V2,V5,V5,L2,,,,,,,,,,,,,,,,,,,,,,,,
1538,V1,V3,V5,V4,V4,V4,L2,,,,,,,,,,,,,,,,,,,,,,,
1539,V1,V4,V4,V5,V5,V5,V6,L1,,,,,,,,,,,,,,,,,,,,,,
1540,V1,V1,V1,V2,V3,V4,V4,V5,V6,V6,V6,L1,,,,,,,,,,,,,,,,,,
1541,V1,V4,L2,,,,,,,,,,,,,,,,,,,,,,,,,,,
1542,V1,V2,V3,V3,L2,,,,,,,,,,,,,,,,,,,,,,,,,
1543,V1,V2,L2,,,,,,,,,,,,,,,,,,,,,,,,,,,
1544,V1,V2,V3,V5,V4,V4,V5,V5,V5,V5,V6,V6,V6,L1,,,,,,,,,,,,,,,,
1545,V1,V2,V3,V5,V5,V6,V6,V6,L1,,,,,,,,,,,,,,,,,,,,,
1546,V1,V3,V4,V4,V4,L2,,,,,,,,,,,,,,,,,,,,,,,,
1547,V1,V2,V2,V2,V3,V3,L2,,,,,,,,,,,,,,,,,,,,,,,
1548,V1,V3,V5,V6,V6,V6,L1,,,,,,,,,,,,,,,,,,,,,,,
1549,V1,V2,L2,,,,,,,,,,,,,,,,,,,,,,,,,,,
1550,V1,V2,V3,V3,V4,V4,V6,V6,V6,V6,V6,V6,L1,,,,,,,,,,,,,,,,,
1551,V1,L2,,,,,,,,,,,,,,,,,,,,,,,,,,,,
1552,V1,V1,V2,V2,V2,V3,V5,V6,V6,V6,L1,,,,,,,,,,,,,,,,,,,
1553,V1,V2,V3,V3,V3,V4,V4,V6,V6,V6,V6,V6,V6,V6,V5,V4,V5,V5,V5,V6,L1,,,,,,,,,
1554,V1,V3,L2,,,,,,,,,,,,,,,,,,,,,,,,,,,
1555,V1,V4,V4,L2,,,,,,,,,,,,,,,,,,,,,,,,,,
1556,V1,V3,V4,V5,V6,V6,V6,L1,,,,,,,,,,,,,,,,,,,,,,
1557,V1,V2,V3,V4,L2,,,,,,,,,,,,,,,,,,,,,,,,,
1558,V1,V1,V4,V4,V4,L2,,,,,,,,,,,,,,,,,,,,,,,,
1559,V1,V3,V5,V6,V5,V5,V4,L2,,,,,,,,,,,,,,,,,,,,,,
1560,V1,V3,V4,V4,V4,V4,V4,V4,V4,V4,V5,V5,V5,V5,V6,V6,L1,,,,,,,,,,,,,
1561,V1,V3,V5,V6,V6,L1,,,,,,,,,,,,,,,,,,,,,,,,
1562,V1,V2,V5,V6,V6,V6,L1,,,,,,,,,,,,,,,,,,,,,,,
1563,V1,V2,V5,V5,V5,V5,V6,V6,L1,,,,,,,,,,,,,,,,,,,,,
1564,V1,V1,V4,V4,V5,V5,V5,V6,L1,,,,,,,,,,,,,,,,,,,,,
1565,V1,V3,V5,V4,V5,V6,V6,V6,V6,V6,V6,V6,V6,L1,,,,,,,,,,,,,,,,
1566,V1,V3,V5,V6,V6,V6,L1,,,,,,,,,,,,,,,,,,,,,,,
1567,V1,V2,V3,V5,V6,V6,V6,V6,V6,L1,,,,,,,,,,,,,,,,,,,,
1568,V1,V2,V5,V5,V5,V6,V6,V6,V6,L1,,,,,,,,,,,,,,,,,,,,
1569,V1,V2,V3,V4,V5,V5,L2,,,,,,,,,,,,,,,,,,,,,,,
1570,V1,V2,V2,V3,V3,V4,V4,V4,V5,V5,V5,V6,L1,,,,,,,,,,,,,,,,,
1571,V1,V2,V3,V4,V5,V5,V5,V5,V6,V6,V6,V6,V6,V6,V6,L1,,,,,,,,,,,,,,
1572,V1,L2,,,,,,,,,,,,,,,,,,,,,,,,,,,,
1573,V1,V2,V3,V4,V4,L2,,,,,,,,,,,,,,,,,,,,,,,,
1574,V1,V2,V3,V4,V6,V6,V6,V6,V6,V6,L1,,,,,,,,,,,,,,,,,,,
1575,V1,V2,V3,V3,V3,V3,V4,V5,V5,V6,V6,V6,V5,V5,V6,V6,L1,,,,,,,,,,,,,
1576,V1,V2,V4,V5,V5,V6,L1,,,,,,,,,,,,,,,,,,,,,,,
1577,V1,V3,V4,L2,,,,,,,,,,,,,,,,,,,,,,,,,,
1578,V1,V2,V3,V3,V5,V6,V6,L1,,,,,,,,,,,,,,,,,,,,,,
1579,V1,V3,V3,V3,V4,V4,V5,V5,V6,L1,,,,,,,,,,,,,,,,,,,,
1580,V1,V2,V2,V5,V5,V6,V6,V6,L1,,,,,,,,,,,,,,,,,,,,,
1581,V1,V2,V3,V4,V4,V5,V6,L1,,,,,,,,,,,,,,,,,,,,,,
1582,V1,V2,V2,V2,L2,,,,,,,,,,,,,,,,,,,,,,,,,
1583,V1,V2,V2,V3,V5,V6,V6,V6,V6,V6,L1,,,,,,,,,,,,,,,,,,,
1584,V1,V2,V5,V5,V5,V5,V6,V6,L1,,,,,,,,,,,,,,,,,,,,,
1585,V1,V2,V2,V3,V4,V4,V4,V6,V6,V6,V6,V6,V6,L1,,,,,,,,,,,,,,,,
1586,V1,V2,V2,V2,V2,V3,V4,V6,V6,V6,L1,,,,,,,,,,,,,,,,,,,
1587,V1,V2,V2,V2,V2,V3,V4,V6,L1,,,,,,,,,,,,,,,,,,,,,
1588,V1,V1,V3,V4,V5,V5,V5,V5,V5,V6,V6,L1,,,,,,,,,,,,,,,,,,
1589,V1,V3,V5,V6,V6,V6,V6,V6,V6,L1,,,,,,,,,,,,,,,,,,,,
1590,V1,V2,V3,V3,V5,V6,V6,V5,V5,V5,V6,L1,,,,,,,,,,,,,,,,,,
1591,V1,V3,V5,V5,V5,V6,V6,L1,,,,,,,,,,,,,,,,,,,,,,
1592,V1,V3,V4,V4,V6,V6,V6,V5,V6,V6,V6,V6,L1,,,,,,,,,,,,,,,,,
1593,V1,V1,V2,V4,V4,V4,V4,V5,V6,V6,L1,,,,,,,,,,,,,,,,,,,
1594,V1,V2,V5,V6,V6,V6,V6,V6,V6,V6,V6,V5,V6,V6,L1,,,,,,,,,,,,,,,
1595,V1,V3,L2,,,,,,,,,,,,,,,,,,,,,,,,,,,
1596,V1,V2,V5,V6,V6,V5,V6,L1,,,,,,,,,,,,,,,,,,,,,,
1597,V1,V2,V4,V4,V4,L2,,,,,,,,,,,,,,,,,,,,,,,,
1598,V1,V2,V2,V2,V2,V3,V4,V4,L2,,,,,,,,,,,,,,,,,,,,,
1599,V1,V2,V3,V3,L2,,,,,,,,,,,,,,,,,,,,,,,,,
1600,V1,V2,V5,V6,L1,,,,,,,,,,,,,,,,,,,,,,,,,
1601,V1,V2,L2,,,,,,,,,,,,,,,,,,,,,,,,,,,
1602,V1,V3,V5,V6,L1,,,,,,,,,,,,,,,,,,,,,,,,,
1603,V1,V2,L2,,,,,,,,,,,,,,,,,,,,,,,,,,,
1604,V1,V2,V3,V4,V4,V4,V4,L2,,,,,,,,,,,,,,,,,,,,,,
1605,V1,V3,V4,V4,V5,V5,V5,V6,V6,V6,V6,V6,V6,V6,V6,V6,V6,V6,L1,,,,,,,,,,,
1606,V1,V3,V3,V5,V6,V6,L1,,,,,,,,,,,,,,,,,,,,,,,
1607,V1,V2,V3,V5,V6,V6,L1,,,,,,,,,,,,,,,,,,,,,,,
1608,V1,V3,V3,L2,,,,,,,,,,,,,,,,,,,,,,,,,,
1609,V1,V4,V5,V6,V6,V5,V5,V5,V5,V5,V5,V5,V5,V5,V6,V6,V6,V6,L1,,,,,,,,,,,
1610,V1,V4,L2,,,,,,,,,,,,,,,,,,,,,,,,,,,
1611,V1,V2,V2,V5,V5,L2,,,,,,,,,,,,,,,,,,,,,,,,
1612,V1,V2,V5,L2,,,,,,,,,,,,,,,,,,,,,,,,,,
1613,V1,V1,V2,V5,V5,V5,V5,V5,L2,,,,,,,,,,,,,,,,,,,,,
1614,V1,V2,V2,V5,L2,,,,,,,,,,,,,,,,,,,,,,,,,
1615,V1,V4,V4,V6,V6,L1,,,,,,,,,,,,,,,,,,,,,,,,
1616,V1,V2,V3,V3,V3,V4,V4,L2,,,,,,,,,,,,,,,,,,,,,,
1617,V1,V3,V3,V5,V6,V6,L1,,,,,,,,,,,,,,,,,,,,,,,
1618,V1,V1,V3,V3,V3,V5,V6,V6,V6,V6,L1,,,,,,,,,,,,,,,,,,,
1619,V1,V2,V5,V6,V6,V6,V6,V5,V6,V6,V6,V6,L1,,,,,,,,,,,,,,,,,
1620,V1,V4,V4,V4,V4,V4,L2,,,,,,,,,,,,,,,,,,,,,,,
1621,V1,V2,V2,V2,V5,V6,V6,V6,V6,L1,,,,,,,,,,,,,,,,,,,,
1622,V1,V2,V5,V5,V5,V5,V5,V5,V6,V6,L1,,,,,,,,,,,,,,,,,,,
1623,V1,V2,V4,V5,V6,L1,,,,,,,,,,,,,,,,,,,,,,,,
1624,V1,V3,V4,V4,L2,,,,,,,,,,,,,,,,,,,,,,,,,
1625,V1,V2,V5,V5,V6,V6,V6,L1,,,,,,,,,,,,,,,,,,,,,,
1626,V1,V2,V3,L2,,,,,,,,,,,,,,,,,,,,,,,,,,
1627,V1,V4,V5,V5,V5,V5,V6,L1,,,,,,,,,,,,,,,,,,,,,,
1628,V1,V3,V4,L2,,,,,,,,,,,,,,,,,,,,,,,,,,
1629,V1,V2,V5,V6,V6,V6,L1,,,,,,,,,,,,,,,,,,,,,,,
1630,V1,V2,V2,V3,V4,V4,V6,V6,V6,V6,L1,,,,,,,,,,,,,,,,,,,
1631,V1,V2,V3,L2,,,,,,,,,,,,,,,,,,,,,,,,,,
1632,V1,V3,V4,V4,V6,L1,,,,,,,,,,,,,,,,,,,,,,,,
1633,V1,V2,V5,V5,V5,V5,V5,V6,V6,L1,,,,,,,,,,,,,,,,,,,,
1634,V1,V4,V5,V5,V5,V6,V6,L1,,,,,,,,,,,,,,,,,,,,,,
1635,V1,V2,V3,V4,V6,L1,,,,,,,,,,,,,,,,,,,,,,,,
1636,V1,V3,V3,V4,V4,L2,,,,,,,,,,,,,,,,,,,,,,,,
1637,V1,V3,V5,V5,L2,,,,,,,,,,,,,,,,,,,,,,,,,
1638,V1,V1,V2,L2,,,,,,,,,,,,,,,,,,,,,,,,,,
1639,V1,V3,V3,V4,V6,V6,L1,,,,,,,,,,,,,,,,,,,,,,,
1640,V1,V2,V2,V5,V5,V5,V5,V6,V6,V6,V6,V6,V6,V5,V5,V4,V4,L2,,,,,,,,,,,,
1641,V1,V3,V5,V5,V5,V5,V6,V6,V6,V6,V6,V6,V6,L1,,,,,,,,,,,,,,,,
1642,V1,V2,V3,V3,V5,V5,V5,V5,V6,V6,V6,L1,,,,,,,,,,,,,,,,,,
1643,V1,V2,V4,V5,V5,V5,V5,V5,V5,V5,V5,L2,,,,,,,,,,,,,,,,,,
1644,V1,V3,V5,V5,V6,V6,V6,L1,,,,,,,,,,,,,,,,,,,,,,
1645,V1,V2,V2,V4,V4,V4,V6,V6,L1,,,,,,,,,,,,,,,,,,,,,
1646,V1,V1,V2,V2,V2,V4,V4,V5,L2,,,,,,,,,,,,,,,,,,,,,
1647,V1,V3,V3,L2,,,,,,,,,,,,,,,,,,,,,,,,,,
1648,V1,V2,V2,V2,V2,V3,V4,V6,V6,V5,V5,V5,V5,V5,V5,V6,V6,V6,V6,L1,,,,,,,,,,
1649,V1,V2,V5,V5,V5,V6,V6,V6,V6,V5,V6,V6,L1,,,,,,,,,,,,,,,,,
1650,V1,V2,V2,V3,V5,V5,V5,V5,V6,V5,V5,V5,V5,V6,V5,V5,V5,V5,V6,V6,L1,,,,,,,,,
1651,V1,V2,V3,V5,L2,,,,,,,,,,,,,,,,,,,,,,,,,
1652,V1,V2,V4,L2,,,,,,,,,,,,,,,,,,,,,,,,,,
1653,V1,V2,V3,V5,V6,V6,V6,V6,V6,V6,L1,,,,,,,,,,,,,,,,,,,
1654,V1,V2,V5,V5,V5,V4,V6,L1,,,,,,,,,,,,,,,,,,,,,,
1655,V1,V3,V3,L2,,,,,,,,,,,,,,,,,,,,,,,,,,
1656,V1,V2,V3,V5,V6,V6,L1,,,,,,,,,,,,,,,,,,,,,,,
1657,V1,V3,L2,,,,,,,,,,,,,,,,,,,,,,,,,,,
1658,V1,V2,L2,,,,,,,,,,,,,,,,,,,,,,,,,,,
1659,V1,V2,V3,L2,,,,,,,,,,,,,,,,,,,,,,,,,,
1660,V1,V2,V2,V4,V4,L2,,,,,,,,,,,,,,,,,,,,,,,,
1661,V1,L2,,,,,,,,,,,,,,,,,,,,,,,,,,,,
1662,V1,V3,L2,,,,,,,,,,,,,,,,,,,,,,,,,,,
1663,V1,V4,V4,V4,L2,,,,,,,,,,,,,,,,,,,,,,,,,
1664,V1,V2,L2,,,,,,,,,,,,,,,,,,,,,,,,,,,
1665,V1,V2,V3,V5,V6,V6,V5,V5,V6,V6,L1,,,,,,,,,,,,,,,,,,,
1666,V1,V4,V5,V5,V6,V6,V6,L1,,,,,,,,,,,,,,,,,,,,,,
1667,V1,V2,V2,V3,V3,V4,V4,V4,V5,V5,V5,V5,V5,V5,V6,V6,L1,,,,,,,,,,,,,
1668,V1,V2,V3,V5,V6,V6,V6,L1,,,,,,,,,,,,,,,,,,,,,,
1669,V1,V2,V4,V5,V5,V5,V5,V5,V6,V5,V6,L1,,,,,,,,,,,,,,,,,,
1670,V1,V3,V5,V5,V5,V5,V5,V6,V6,V6,L1,,,,,,,,,,,,,,,,,,,
1671,V1,V2,L2,,,,,,,,,,,,,,,,,,,,,,,,,,,
1672,V1,V2,V2,V3,V4,V5,V5,V5,V6,L1,,,,,,,,,,,,,,,,,,,,
1673,V1,V2,V5,V5,V5,V6,L1,,,,,,,,,,,,,,,,,,,,,,,
1674,V1,V4,V5,V6,V6,V6,V6,L1,,,,,,,,,,,,,,,,,,,,,,
1675,V1,V4,V5,V6,V6,V6,V6,L1,,,,,,,,,,,,,,,,,,,,,,
1676,V1,V3,V4,V6,L1,,,,,,,,,,,,,,,,,,,,,,,,,
1677,V1,V2,V2,V5,V5,V6,L1,,,,,,,,,,,,,,,,,,,,,,,
1678,V1,V2,V2,V5,V5,L2,,,,,,,,,,,,,,,,,,,,,,,,
1679,V1,V2,V5,V4,V5,V6,L1,,,,,,,,,,,,,,,,,,,,,,,
1680,V1,V3,V5,V6,V5,V4,V4,L2,,,,,,,,,,,,,,,,,,,,,,
1681,V1,V4,V4,V4,V4,V5,V5,V6,L1,,,,,,,,,,,,,,,,,,,,,
1682,V1,V2,V3,V4,V6,V6,L1,,,,,,,,,,,,,,,,,,,,,,,
1683,V1,V2,V3,V5,V6,V6,L1,,,,,,,,,,,,,,,,,,,,,,,
1684,V1,V4,V4,V5,V5,V5,V5,L2,,,,,,,,,,,,,,,,,,,,,,
1685,V1,V2,V5,V6,L1,,,,,,,,,,,,,,,,,,,,,,,,,
1686,V1,V2,V3,V5,L2,,,,,,,,,,,,,,,,,,,,,,,,,
1687,V1,V2,V3,V5,V5,V6,L1,,,,,,,,,,,,,,,,,,,,,,,
1688,V1,V2,V2,V5,V5,V5,V5,V5,V5,L2,,,,,,,,,,,,,,,,,,,,
1689,V1,V2,V2,V2,V3,V4,V5,V5,V5,V6,L1,,,,,,,,,,,,,,,,,,,
1690,V1,V1,V3,V5,V4,V6,V6,L1,,,,,,,,,,,,,,,,,,,,,,
1691,V1,V2,V3,V5,V5,V6,L1,,,,,,,,,,,,,,,,,,,,,,,
1692,V1,V2,V3,V4,V4,L2,,,,,,,,,,,,,,,,,,,,,,,,
1693,V1,V2,V2,V3,V3,V4,V5,V4,V4,V5,V5,V6,V6,V6,L1,,,,,,,,,,,,,,,
1694,V1,V2,V2,V2,V2,V2,V3,L2,,,,,,,,,,,,,,,,,,,,,,
1695,V1,V2,V3,V5,V5,V5,V5,L2,,,,,,,,,,,,,,,,,,,,,,
1696,V1,V2,L2,,,,,,,,,,,,,,,,,,,,,,,,,,,
1697,V1,V2,V3,V4,L2,,,,,,,,,,,,,,,,,,,,,,,,,
1698,V1,V2,V2,L2,,,,,,,,,,,,,,,,,,,,,,,,,,
1699,V1,V4,V5,V5,V6,V6,L1,,,,,,,,,,,,,,,,,,,,,,,
1700,V1,V2,V3,L2,,,,,,,,,,,,,,,,,,,,,,,,,,
1701,V1,V3,L2,,,,,,,,,,,,,,,,,,,,,,,,,,,
1702,V1,V2,V3,V3,V5,V6,V6,L1,,,,,,,,,,,,,,,,,,,,,,
1703,V1,V2,V2,V2,V5,V5,V5,V5,V5,V6,V5,V5,V6,L1,,,,,,,,,,,,,,,,
1704,V1,V2,V5,V4,V4,V4,V5,V5,V5,V5,V5,V5,V6,V6,V6,L1,,,,,,,,,,,,,,
1705,V1,L2,,,,,,,,,,,,,,,,,,,,,,,,,,,,
1706,V1,L2,,,,,,,,,,,,,,,,,,,,,,,,,,,,
1707,V1,V2,V3,L2,,,,,,,,,,,,,,,,,,,,,,,,,,
1708,V1,V3,V4,V4,V5,V5,V6,V6,L1,,,,,,,,,,,,,,,,,,,,,
1709,V1,V2,V5,V5,V5,V5,V6,V5,V5,V5,V5,V5,V5,V5,V6,V6,V6,L1,,,,,,,,,,,,
1710,V1,V3,V5,V6,V6,V6,L1,,,,,,,,,,,,,,,,,,,,,,,
1711,V1,V2,V3,V4,L2,,,,,,,,,,,,,,,,,,,,,,,,,
1712,V1,V3,V3,V3,V4,V4,V5,V5,V6,L1,,,,,,,,,,,,,,,,,,,,
1713,V1,V2,V5,L2,,,,,,,,,,,,,,,,,,,,,,,,,,
1714,V1,V4,V4,V4,V5,V5,V5,L2,,,,,,,,,,,,,,,,,,,,,,
1715,V1,V3,V4,L2,,,,,,,,,,,,,,,,,,,,,,,,,,
1716,V1,V4,V4,L2,,,,,,,,,,,,,,,,,,,,,,,,,,
1717,V1,V2,V3,V5,V5,V6,L1,,,,,,,,,,,,,,,,,,,,,,,
1718,V1,L2,,,,,,,,,,,,,,,,,,,,,,,,,,,,
1719,V1,V4,V4,V4,V5,V4,V5,V4,V4,V5,V5,V6,V6,V6,V6,V6,V6,V6,V6,V6,V6,L1,,,,,,,,
1720,V1,L2,,,,,,,,,,,,,,,,,,,,,,,,,,,,
1721,V1,V4,L2,,,,,,,,,,,,,,,,,,,,,,,,,,,
1722,V1,V2,V2,V3,V5,V5,V6,V6,V6,L1,,,,,,,,,,,,,,,,,,,,
1723,V1,V3,V5,V5,V5,V6,V6,L1,,,,,,,,,,,,,,,,,,,,,,
1724,V1,V3,V5,V6,L1,,,,,,,,,,,,,,,,,,,,,,,,,
1725,V1,V2,V2,V4,V4,V6,L1,,,,,,,,,,,,,,,,,,,,,,,
1726,V1,V3,V4,V4,L2,,,,,,,,,,,,,,,,,,,,,,,,,
1727,V1,V2,V4,V4,V6,V6,V6,V6,V6,V6,L1,,,,,,,,,,,,,,,,,,,
1728,V1,V2,V5,V5,V6,L1,,,,,,,,,,,,,,,,,,,,,,,,
1729,V1,V3,L2,,,,,,,,,,,,,,,,,,,,,,,,,,,
1730,V1,V2,L2,,,,,,,,,,,,,,,,,,,,,,,,,,,
1731,V1,V2,V4,V5,V6,V6,V6,V5,V6,L1,,,,,,,,,,,,,,,,,,,,
1732,V1,V2,V2,L2,,,,,,,,,,,,,,,,,,,,,,,,,,
1733,V1,V2,V3,V5,V6,V6,V6,L1,,,,,,,,,,,,,,,,,,,,,,
1734,V1,V2,V3,V4,V5,V5,V6,L1,,,,,,,,,,,,,,,,,,,,,,
1735,V1,V2,V2,V2,V3,V5,V6,L1,,,,,,,,,,,,,,,,,,,,,,
1736,V1,V3,V4,V5,V6,L1,,,,,,,,,,,,,,,,,,,,,,,,
1737,V1,V3,V5,V6,V6,V6,V6,V6,V6,V6,V6,V6,V6,V6,L1,,,,,,,,,,,,,,,
1738,V1,V2,V3,V3,V5,V5,V5,V6,V6,L1,,,,,,,,,,,,,,,,,,,,
1739,V1,V2,L2,,,,,,,,,,,,,,,,,,,,,,,,,,,
1740,V1,V3,V5,V5,V6,L1,,,,,,,,,,,,,,,,,,,,,,,,
1741,V1,L2,,,,,,,,,,,,,,,,,,,,,,,,,,,,
1742,V1,V3,V3,V4,V4,V5,V5,V5,V6,L1,,,,,,,,,,,,,,,,,,,,
1743,V1,V1,V1,V2,V2,V2,V3,V4,V4,V6,L1,,,,,,,,,,,,,,,,,,,
1744,V1,V2,V2,V5,V5,V5,V6,V6,V6,V6,V6,V6,V6,V6,V6,V6,V6,V6,V6,V6,L1,,,,,,,,,
1745,V1,V1,V3,V4,V4,L2,,,,,,,,,,,,,,,,,,,,,,,,
1746,V1,L2,,,,,,,,,,,,,,,,,,,,,,,,,,,,
1747,V1,V2,V5,V5,V6,L1,,,,,,,,,,,,,,,,,,,,,,,,
1748,V1,V2,V3,V5,V5,V5,V6,L1,,,,,,,,,,,,,,,,,,,,,,
1749,V1,V3,V5,V6,L1,,,,,,,,,,,,,,,,,,,,,,,,,
1750,V1,V2,V3,L2,,,,,,,,,,,,,,,,,,,,,,,,,,
1751,V1,V2,V5,V5,V5,V6,V6,V6,V6,V6,V6,V6,V6,V6,L1,,,,,,,,,,,,,,,
1752,V1,V2,V3,V5,L2,,,,,,,,,,,,,,,,,,,,,,,,,
1753,V1,V2,V4,L2,,,,,,,,,,,,,,,,,,,,,,,,,,
1754,V1,V1,V2,V3,V4,V4,V4,V4,L2,,,,,,,,,,,,,,,,,,,,,
1755,V1,V2,V3,V5,V5,V5,V5,V5,V4,V4,V4,V4,V4,L2,,,,,,,,,,,,,,,,
1756,V1,V2,V3,V5,V6,V6,V6,L1,,,,,,,,,,,,,,,,,,,,,,
1757,V1,V3,V5,V5,V6,L1,,,,,,,,,,,,,,,,,,,,,,,,
1758,V1,V3,L2,,,,,,,,,,,,,,,,,,,,,,,,,,,
1759,V1,V4,V4,L2,,,,,,,,,,,,,,,,,,,,,,,,,,
1760,V1,V2,V2,V4,L2,,,,,,,,,,,,,,,,,,,,,,,,,
1761,V1,V3,V5,V5,V5,V5,L2,,,,,,,,,,,,,,,,,,,,,,,
1762,V1,L2,,,,,,,,,,,,,,,,,,,,,,,,,,,,
1763,V1,L2,,,,,,,,,,,,,,,,,,,,,,,,,,,,
1764,V1,V2,V3,V3,V3,V4,V5,V4,V5,V5,V6,V6,V6,V6,V6,V6,V5,V5,V5,V4,L2,,,,,,,,,
1765,V1,L2,,,,,,,,,,,,,,,,,,,,,,,,,,,,
1766,V1,V4,V6,L1,,,,,,,,,,,,,,,,,,,,,,,,,,
1767,V1,V1,V2,V3,V4,V4,L2,,,,,,,,,,,,,,,,,,,,,,,
1768,V1,V3,V3,V4,V4,V4,V4,V5,V5,V6,V5,V5,V5,V4,V4,V5,V6,V6,V6,V6,L1,,,,,,,,,
1769,V1,V3,V3,V5,V6,V6,V6,V6,L1,,,,,,,,,,,,,,,,,,,,,
1770,V1,V2,V3,V3,V3,V4,V4,V5,L2,,,,,,,,,,,,,,,,,,,,,
1771,V1,V2,V2,V2,V4,V5,V5,V5,V5,V5,V4,V4,V6,V5,V6,L1,,,,,,,,,,,,,,
1772,V1,V2,V3,V5,V4,L2,,,,,,,,,,,,,,,,,,,,,,,,
1773,V1,V2,V3,V4,V5,V5,V6,V6,L1,,,,,,,,,,,,,,,,,,,,,
1774,V1,V2,L2,,,,,,,,,,,,,,,,,,,,,,,,,,,
1775,V1,V2,V3,V5,V6,V6,V6,V6,V5,V5,V6,V6,V6,V6,V6,V6,V6,V6,L1,,,,,,,,,,,
1776,V1,V1,V2,V5,V6,V6,V6,V6,V6,L1,,,,,,,,,,,,,,,,,,,,
1777,V1,V3,V3,V3,V3,V3,V5,V6,V6,V5,V6,V6,V6,V6,V6,V6,V6,L1,,,,,,,,,,,,
1778,V1,V4,V5,V5,V5,V6,V6,L1,,,,,,,,,,,,,,,,,,,,,,
1779,V1,V3,V5,V4,V4,V6,L1,,,,,,,,,,,,,,,,,,,,,,,
1780,V1,L2,,,,,,,,,,,,,,,,,,,,,,,,,,,,
1781,V1,V2,L2,,,,,,,,,,,,,,,,,,,,,,,,,,,
1782,V1,V2,V3,V5,V5,V5,V6,L1,,,,,,,,,,,,,,,,,,,,,,
1783,V1,V4,V6,V6,V6,V6,V6,V6,V6,L1,,,,,,,,,,,,,,,,,,,,
1784,V1,V3,V4,V4,V4,V4,L2,,,,,,,,,,,,,,,,,,,,,,,
1785,V1,V2,V5,V6,L1,,,,,,,,,,,,,,,,,,,,,,,,,
1786,V1,V2,V3,V5,V6,V6,V6,L1,,,,,,,,,,,,,,,,,,,,,,
1787,V1,L2,,,,,,,,,,,,,,,,,,,,,,,,,,,,
1788,V1,V2,V2,V3,V5,V6,L1,,,,,,,,,,,,,,,,,,,,,,,
1789,V1,V2,L2,,,,,,,,,,,,,,,,,,,,,,,,,,,
1790,V1,V3,V5,V5,V5,V5,V4,V5,V5,V5,V5,V5,V6,V6,L1,,,,,,,,,,,,,,,
1791,V1,V2,V2,V3,V3,V4,V6,V6,V6,L1,,,,,,,,,,,,,,,,,,,,
1792,V1,V2,L2,,,,,,,,,,,,,,,,,,,,,,,,,,,
1793,V1,V2,V2,V3,V3,V5,V6,V6,V6,L1,,,,,,,,,,,,,,,,,,,,
1794,V1,V2,V2,V3,V5,V5,V5,V5,V5,V5,V5,V5,V6,V6,V6,V6,V6,V6,L1,,,,,,,,,,,
1795,V1,V1,V4,V4,V5,V5,V5,V4,V4,L2,,,,,,,,,,,,,,,,,,,,
1796,V1,V2,V3,V5,V6,V6,V6,V6,V6,V6,L1,,,,,,,,,,,,,,,,,,,
1797,V1,V3,V4,L2,,,,,,,,,,,,,,,,,,,,,,,,,,
1798,V1,V1,V3,V4,V4,L2,,,,,,,,,,,,,,,,,,,,,,,,
1799,V1,V2,V2,L2,,,,,,,,,,,,,,,,,,,,,,,,,,
1800,V1,V3,V5,V5,V6,L1,,,,,,,,,,,,,,,,,,,,,,,,
1801,V1,V3,V4,V5,V5,V5,V6,L1,,,,,,,,,,,,,,,,,,,,,,
1802,V1,V2,V5,V6,L1,,,,,,,,,,,,,,,,,,,,,,,,,
1803,V1,V2,V5,V5,V5,V6,V6,L1,,,,,,,,,,,,,,,,,,,,,,
1804,V1,V2,V2,V3,V3,V5,V5,L2,,,,,,,,,,,,,,,,,,,,,,
1805,V1,V3,V5,V4,V4,V4,L2,,,,,,,,,,,,,,,,,,,,,,,
1806,V1,V4,V4,V5,L2,,,,,,,,,,,,,,,,,,,,,,,,,
1807,V1,V2,V5,V4,V4,V5,V4,V4,L2,,,,,,,,,,,,,,,,,,,,,
1808,V1,V2,V2,V2,V3,V3,V3,V3,V4,V4,V5,V5,V5,V6,V6,L1,,,,,,,,,,,,,,
1809,V1,V2,V3,V5,V6,V6,V6,L1,,,,,,,,,,,,,,,,,,,,,,
1810,V1,V2,V3,V4,V5,V6,V6,V6,L1,,,,,,,,,,,,,,,,,,,,,
1811,V1,V3,V4,V6,V6,V6,V6,L1,,,,,,,,,,,,,,,,,,,,,,
1812,V1,V1,V2,V5,V5,V5,V5,V5,V5,V5,V6,V6,V6,V6,V6,V6,V6,V6,V6,L1,,,,,,,,,,
1813,V1,V3,V3,V3,V5,L2,,,,,,,,,,,,,,,,,,,,,,,,
1814,V1,V1,V2,V3,V5,V5,V5,L2,,,,,,,,,,,,,,,,,,,,,,
1815,V1,V1,V3,V3,V5,V4,V6,V5,V5,V6,V6,V6,V5,L2,,,,,,,,,,,,,,,,
1816,V1,V4,V4,V4,V5,V6,V6,V6,V6,L1,,,,,,,,,,,,,,,,,,,,
1817,V1,V1,V2,V2,V3,V4,V5,V6,L1,,,,,,,,,,,,,,,,,,,,,
1818,V1,V1,V2,V2,V4,V4,V4,V4,V4,V4,V5,V5,V5,V5,V5,V5,V5,V5,V6,V6,V6,V6,V6,V5,V5,V5,V6,V6,V6,L1
1819,V1,V3,L2,,,,,,,,,,,,,,,,,,,,,,,,,,,
1820,V1,V2,V3,V4,V4,L2,,,,,,,,,,,,,,,,,,,,,,,,
1821,V1,V2,V3,L2,,,,,,,,,,,,,,,,,,,,,,,,,,
1822,V1,V2,V3,V5,V5,V5,V4,V4,V4,V4,V4,V4,V5,V6,V6,V6,V6,V6,V6,V6,L1,,,,,,,,,
1823,V1,V2,V2,V3,L2,,,,,,,,,,,,,,,,,,,,,,,,,
1824,V1,V4,L2,,,,,,,,,,,,,,,,,,,,,,,,,,,
1825,V1,L2,,,,,,,,,,,,,,,,,,,,,,,,,,,,
1826,V1,V3,V5,L2,,,,,,,,,,,,,,,,,,,,,,,,,,
1827,V1,V3,V3,V3,V4,V4,V5,V6,L1,,,,,,,,,,,,,,,,,,,,,
1828,V1,V2,V2,V3,V4,V4,V4,V4,V4,V5,V5,V4,L2,,,,,,,,,,,,,,,,,
1829,V1,V4,V4,L2,,,,,,,,,,,,,,,,,,,,,,,,,,
1830,V1,V2,V2,V3,V5,V5,V5,V5,V5,V5,V5,V5,V5,V5,V6,V6,V6,L1,,,,,,,,,,,,
1831,V1,V4,V5,V5,V6,V6,V6,L1,,,,,,,,,,,,,,,,,,,,,,
1832,V1,V3,V4,V4,V6,L1,,,,,,,,,,,,,,,,,,,,,,,,
1833,V1,V2,V5,V6,L1,,,,,,,,,,,,,,,,,,,,,,,,,
1834,V1,V1,V2,V2,V5,V5,V5,V5,V5,V5,V4,V4,V6,V6,L1,,,,,,,,,,,,,,,
1835,V1,V4,V4,V6,L1,,,,,,,,,,,,,,,,,,,,,,,,,
1836,V1,V3,V4,V5,V5,V6,V6,V6,V6,V6,V6,V6,L1,,,,,,,,,,,,,,,,,
1837,V1,V2,V2,V3,V5,V5,V5,V5,V5,V5,V6,V6,L1,,,,,,,,,,,,,,,,,
1838,V1,V3,V3,V4,V5,V5,V5,L2,,,,,,,,,,,,,,,,,,,,,,
1839,V1,V2,V5,V5,V5,V6,V6,V6,L1,,,,,,,,,,,,,,,,,,,,,
1840,V1,L2,,,,,,,,,,,,,,,,,,,,,,,,,,,,
1841,V1,V2,V4,V5,V6,L1,,,,,,,,,,,,,,,,,,,,,,,,
1842,V1,V3,V3,V4,V6,V6,L1,,,,,,,,,,,,,,,,,,,,,,,
1843,V1,V2,V3,V5,V6,V6,V6,V6,V6,V6,V6,L1,,,,,,,,,,,,,,,,,,
1844,V1,V2,V2,V3,V4,V5,V5,V6,V6,V6,V6,V6,L1,,,,,,,,,,,,,,,,,
1845,V1,V3,V5,V6,L1,,,,,,,,,,,,,,,,,,,,,,,,,
1846,V1,V3,V3,V5,L2,,,,,,,,,,,,,,,,,,,,,,,,,
1847,V1,V3,V4,V4,V4,V4,V5,V6,V6,L1,,,,,,,,,,,,,,,,,,,,
1848,V1,V3,V5,V5,V5,V6,V6,L1,,,,,,,,,,,,,,,,,,,,,,
1849,V1,V2,V3,V3,V4,L2,,,,,,,,,,,,,,,,,,,,,,,,
1850,V1,V3,V3,V4,V4,V4,V6,V6,V6,L1,,,,,,,,,,,,,,,,,,,,
1851,V1,V2,V2,V2,V2,V3,V5,V5,V5,V5,V6,V6,L1,,,,,,,,,,,,,,,,,
1852,V1,L2,,,,,,,,,,,,,,,,,,,,,,,,,,,,
1853,V1,V2,V2,V5,V5,V5,V5,V5,V6,V6,V6,L1,,,,,,,,,,,,,,,,,,
1854,V1,V2,V3,V5,V5,V6,L1,,,,,,,,,,,,,,,,,,,,,,,
1855,V1,V4,V4,V5,V6,V5,V5,V4,V4,L2,,,,,,,,,,,,,,,,,,,,
1856,V1,V4,L2,,,,,,,,,,,,,,,,,,,,,,,,,,,
1857,V1,V3,V5,V5,V5,V6,L1,,,,,,,,,,,,,,,,,,,,,,,
1858,V1,V2,V2,V4,V5,V4,V4,L2,,,,,,,,,,,,,,,,,,,,,,
1859,V1,L2,,,,,,,,,,,,,,,,,,,,,,,,,,,,
1860,V1,V2,V3,V5,V5,V5,L2,,,,,,,,,,,,,,,,,,,,,,,
1861,V1,V1,V3,V5,V5,V5,V6,V5,L2,,,,,,,,,,,,,,,,,,,,,
1862,V1,V3,V3,V3,V5,V5,V5,V6,V6,V6,V5,V5,V5,V5,V6,V6,V6,V6,V6,V6,L1,,,,,,,,,
1863,V1,V3,V4,L2,,,,,,,,,,,,,,,,,,,,,,,,,,
1864,V1,V3,V5,V5,V5,V6,V6,V6,V6,V6,V6,V6,V6,V6,L1,,,,,,,,,,,,,,,
1865,V1,L2,,,,,,,,,,,,,,,,,,,,,,,,,,,,
1866,V1,V2,V5,V6,V6,V6,V6,L1,,,,,,,,,,,,,,,,,,,,,,
1867,V1,V3,V3,V4,V5,L2,,,,,,,,,,,,,,,,,,,,,,,,
1868,V1,V2,V3,V4,V5,V6,V6,V6,L1,,,,,,,,,,,,,,,,,,,,,
1869,V1,V3,V4,L2,,,,,,,,,,,,,,,,,,,,,,,,,,
1870,V1,V2,V3,V4,V4,V4,L2,,,,,,,,,,,,,,,,,,,,,,,
1871,V1,V2,V3,V3,V5,V5,V5,V6,V5,V6,V6,V6,V6,V6,V6,V6,L1,,,,,,,,,,,,,
1872,V1,V4,V5,V5,V5,V5,V6,V6,V6,V6,V6,L1,,,,,,,,,,,,,,,,,,
1873,V1,V2,V3,V5,V6,V6,L1,,,,,,,,,,,,,,,,,,,,,,,
1874,V1,V2,V5,V4,V4,V5,L2,,,,,,,,,,,,,,,,,,,,,,,
1875,V1,V2,V5,V6,V6,L1,,,,,,,,,,,,,,,,,,,,,,,,
1876,V1,V3,V3,V5,V5,V5,V6,V6,L1,,,,,,,,,,,,,,,,,,,,,
1877,V1,V2,V2,V3,V4,V4,V6,L1,,,,,,,,,,,,,,,,,,,,,,
1878,V1,V2,V4,V4,V5,V5,L2,,,,,,,,,,,,,,,,,,,,,,,
1879,V1,V1,V3,V4,V4,V4,L2,,,,,,,,,,,,,,,,,,,,,,,
1880,V1,V4,L2,,,,,,,,,,,,,,,,,,,,,,,,,,,
1881,V1,V2,V5,V5,V5,V5,V6,L1,,,,,,,,,,,,,,,,,,,,,,
1882,V1,V3,V5,V6,V6,V6,V6,V6,V6,V6,L1,,,,,,,,,,,,,,,,,,,
1883,V1,V2,V2,V3,V4,V4,V5,L2,,,,,,,,,,,,,,,,,,,,,,
1884,V1,V2,V2,V2,V5,L2,,,,,,,,,,,,,,,,,,,,,,,,
1885,V1,V2,V2,V2,V3,V4,V5,V5,V6,V6,V6,V6,V5,V4,V4,V4,V6,V6,L1,,,,,,,,,,,
1886,V1,V2,V4,V4,V5,V5,V5,V5,V6,V6,L1,,,,,,,,,,,,,,,,,,,
1887,V1,V2,V2,V2,V3,V3,L2,,,,,,,,,,,,,,,,,,,,,,,
1888,V1,V4,V6,V6,V6,L1,,,,,,,,,,,,,,,,,,,,,,,,
1889,V1,V2,V5,V6,V6,L1,,,,,,,,,,,,,,,,,,,,,,,,
1890,V1,V2,V2,V2,V4,V5,V5,V5,V6,V6,V5,V6,L1,,,,,,,,,,,,,,,,,
1891,V1,V2,V3,V3,V4,V6,V6,L1,,,,,,,,,,,,,,,,,,,,,,
1892,V1,V3,V3,V3,L2,,,,,,,,,,,,,,,,,,,,,,,,,
1893,V1,V3,V3,V5,V4,L2,,,,,,,,,,,,,,,,,,,,,,,,
1894,V1,V2,V2,V3,V5,L2,,,,,,,,,,,,,,,,,,,,,,,,
1895,V1,V2,V2,V3,V5,V6,L1,,,,,,,,,,,,,,,,,,,,,,,
1896,V1,V2,V3,V3,V3,V3,V3,V5,V5,V6,L1,,,,,,,,,,,,,,,,,,,
1897,V1,V2,V3,V3,L2,,,,,,,,,,,,,,,,,,,,,,,,,
1898,V1,V2,V3,V5,V5,V5,V5,V6,L1,,,,,,,,,,,,,,,,,,,,,
1899,V1,V3,V5,V6,V5,V6,V6,L1,,,,,,,,,,,,,,,,,,,,,,
1900,V1,V3,V5,V5,V6,V6,V6,V6,V6,V6,L1,,,,,,,,,,,,,,,,,,,
1901,V1,V2,V5,V5,V6,V6,L1,,,,,,,,,,,,,,,,,,,,,,,
1902,V1,V2,V2,V4,V5,V6,V6,V6,V5,V5,V6,L1,,,,,,,,,,,,,,,,,,
1903,V1,V3,V4,V5,V5,V5,V5,V6,V6,V6,V6,L1,,,,,,,,,,,,,,,,,,
1904,V1,V2,V3,L2,,,,,,,,,,,,,,,,,,,,,,,,,,
1905,V1,V2,V3,V4,V5,V6,L1,,,,,,,,,,,,,,,,,,,,,,,
1906,V1,V2,V5,V5,L2,,,,,,,,,,,,,,,,,,,,,,,,,
1907,V1,V4,L2,,,,,,,,,,,,,,,,,,,,,,,,,,,
1908,V1,V2,V5,V5,V6,L1,,,,,,,,,,,,,,,,,,,,,,,,
1909,V1,V2,V4,V4,V6,V6,L1,,,,,,,,,,,,,,,,,,,,,,,
1910,V1,V2,V3,V4,V5,V6,V6,L1,,,,,,,,,,,,,,,,,,,,,,
1911,V1,V2,V2,V3,V4,V5,V5,V6,L1,,,,,,,,,,,,,,,,,,,,,
1912,V1,V1,V2,V3,V4,V6,L1,,,,,,,,,,,,,,,,,,,,,,,
1913,V1,V2,V5,V6,V6,L1,,,,,,,,,,,,,,,,,,,,,,,,
1914,V1,V2,V2,V4,V4,V6,L1,,,,,,,,,,,,,,,,,,,,,,,
1915,V1,V1,V2,V4,V5,V6,V6,V6,V6,V6,V6,V6,V5,V5,V6,L1,,,,,,,,,,,,,,
1916,V1,V4,V5,V5,L2,,,,,,,,,,,,,,,,,,,,,,,,,
1917,V1,V3,V4,V4,V4,V6,V6,V6,L1,,,,,,,,,,,,,,,,,,,,,
1918,V1,V2,V5,V6,L1,,,,,,,,,,,,,,,,,,,,,,,,,
1919,V1,V2,V3,V5,V5,V5,V5,V6,V6,V6,V6,V6,V6,V6,L1,,,,,,,,,,,,,,,
1920,V1,V2,V5,V6,L1,,,,,,,,,,,,,,,,,,,,,,,,,
1921,V1,V2,V3,V5,L2,,,,,,,,,,,,,,,,,,,,,,,,,
1922,V1,V2,V3,V4,V4,V4,V4,V5,V6,V6,V6,V6,L1,,,,,,,,,,,,,,,,,
1923,V1,V2,V3,V5,V6,V6,V6,V6,L1,,,,,,,,,,,,,,,,,,,,,
1924,V1,V2,V2,V2,V5,V6,V6,V6,V6,V6,V5,V5,V6,V6,V5,V5,V5,V6,V6,V6,V6,V6,V6,L1,,,,,,
1925,V1,V1,V2,V2,V3,V5,V5,V6,V6,V6,L1,,,,,,,,,,,,,,,,,,,
1926,V1,V2,V2,V2,V2,V2,V4,V4,V4,V4,V4,V5,V6,V6,L1,,,,,,,,,,,,,,,
1927,V1,V2,V2,V3,V5,V6,V6,L1,,,,,,,,,,,,,,,,,,,,,,
1928,V1,V3,V4,V5,V5,V6,V6,L1,,,,,,,,,,,,,,,,,,,,,,
1929,V1,V4,V4,V4,V6,V6,V5,V5,V6,V6,L1,,,,,,,,,,,,,,,,,,,
1930,V1,V2,V2,V3,V4,V4,V4,V5,V5,V5,V5,V5,V5,V5,V5,V6,V6,L1,,,,,,,,,,,,
1931,V1,V2,V2,V2,V2,V2,V4,V4,V5,V5,V4,V5,V6,V6,L1,,,,,,,,,,,,,,,
1932,V1,V3,V5,V5,V5,V4,V4,L2,,,,,,,,,,,,,,,,,,,,,,
1933,V1,V2,V2,V5,V5,L2,,,,,,,,,,,,,,,,,,,,,,,,
1934,V1,V2,V4,V4,V5,V5,V5,V6,L1,,,,,,,,,,,,,,,,,,,,,
1935,V1,V1,V3,V4,V5,V6,L1,,,,,,,,,,,,,,,,,,,,,,,
1936,V1,V2,V2,V2,V2,V2,V3,V5,V5,V5,V6,V6,L1,,,,,,,,,,,,,,,,,
1937,V1,V1,V2,V3,V5,V6,L1,,,,,,,,,,,,,,,,,,,,,,,
1938,V1,V4,V4,V5,V5,V6,V6,L1,,,,,,,,,,,,,,,,,,,,,,
1939,V1,V4,V5,V5,V6,V6,V6,L1,,,,,,,,,,,,,,,,,,,,,,
1940,V1,V2,V3,V4,V4,V4,V4,V4,L2,,,,,,,,,,,,,,,,,,,,,
1941,V1,V1,L2,,,,,,,,,,,,,,,,,,,,,,,,,,,
1942,V1,V2,V4,V4,V4,V4,V5,V5,V5,V6,V6,L1,,,,,,,,,,,,,,,,,,
1943,V1,V3,L2,,,,,,,,,,,,,,,,,,,,,,,,,,,
1944,V1,V2,V2,V2,V2,V4,V4,V4,L2,,,,,,,,,,,,,,,,,,,,,
1945,V1,V2,V3,V3,V4,L2,,,,,,,,,,,,,,,,,,,,,,,,
1946,V1,V2,V4,V4,V5,V5,V6,V6,V6,V6,V6,V6,V6,V6,V6,V6,L1,,,,,,,,,,,,,
1947,V1,V1,V2,V3,V5,V5,V6,L1,,,,,,,,,,,,,,,,,,,,,,
1948,V1,V2,V3,L2,,,,,,,,,,,,,,,,,,,,,,,,,,
1949,V1,V2,V3,V3,V4,L2,,,,,,,,,,,,,,,,,,,,,,,,
1950,V1,V2,V3,V5,L2,,,,,,,,,,,,,,,,,,,,,,,,,
1951,V1,V2,V2,V3,V4,V6,L1,,,,,,,,,,,,,,,,,,,,,,,
1952,V1,V2,V5,V5,V5,V6,V6,V6,V6,V6,L1,,,,,,,,,,,,,,,,,,,
1953,V1,V2,L2,,,,,,,,,,,,,,,,,,,,,,,,,,,
1954,V1,V2,V2,V5,V6,L1,,,,,,,,,,,,,,,,,,,,,,,,
1955,V1,V3,V4,V6,L1,,,,,,,,,,,,,,,,,,,,,,,,,
1956,V1,V2,V4,V4,V5,L2,,,,,,,,,,,,,,,,,,,,,,,,
1957,V1,V2,V2,V5,V5,V5,V6,L1,,,,,,,,,,,,,,,,,,,,,,
1958,V1,V2,V5,V6,L1,,,,,,,,,,,,,,,,,,,,,,,,,
1959,V1,V3,V4,V5,V5,V5,V6,V6,V6,L1,,,,,,,,,,,,,,,,,,,,
1960,V1,V3,V4,V5,V6,L1,,,,,,,,,,,,,,,,,,,,,,,,
1961,V1,V2,V3,V4,V4,V5,V6,L1,,,,,,,,,,,,,,,,,,,,,,
1962,V1,V3,V5,V5,V5,V6,V5,V5,V5,V5,V5,V6,V6,L1,,,,,,,,,,,,,,,,
1963,V1,L2,,,,,,,,,,,,,,,,,,,,,,,,,,,,
1964,V1,V3,V3,V5,V5,V6,V6,V6,V6,L1,,,,,,,,,,,,,,,,,,,,
1965,V1,V1,V2,V4,L2,,,,,,,,,,,,,,,,,,,,,,,,,
1966,V1,V2,L2,,,,,,,,,,,,,,,,,,,,,,,,,,,
1967,V1,V2,V3,V5,V5,V5,V5,V5,V6,L1,,,,,,,,,,,,,,,,,,,,
1968,V1,V2,V3,V5,V5,V6,V6,V5,V5,V6,V6,V6,V6,V5,V6,L1,,,,,,,,,,,,,,
1969,V1,V3,V5,V6,L1,,,,,,,,,,,,,,,,,,,,,,,,,
1970,V1,V3,V3,V5,V5,V5,L2,,,,,,,,,,,,,,,,,,,,,,,
1971,V1,L2,,,,,,,,,,,,,,,,,,,,,,,,,,,,
1972,V1,V2,V2,V2,V2,V3,V3,V5,V5,V6,L1,,,,,,,,,,,,,,,,,,,
1973,V1,V2,V3,V5,V5,V6,V6,V6,V6,V6,V6,V6,V6,V6,V6,V6,V6,L1,,,,,,,,,,,,
1974,V1,V3,V3,V5,L2,,,,,,,,,,,,,,,,,,,,,,,,,
1975,V1,V4,V4,V4,V4,V6,V6,L1,,,,,,,,,,,,,,,,,,,,,,
1976,V1,V2,V2,V4,V4,L2,,,,,,,,,,,,,,,,,,,,,,,,
1977,V1,V4,V5,L2,,,,,,,,,,,,,,,,,,,,,,,,,,
1978,V1,V2,V3,L2,,,,,,,,,,,,,,,,,,,,,,,,,,
1979,V1,V2,V2,V4,V5,V6,V6,V6,V6,V6,V6,L1,,,,,,,,,,,,,,,,,,
1980,V1,V2,V3,V4,V6,V6,L1,,,,,,,,,,,,,,,,,,,,,,,
1981,V1,V3,V5,V5,V5,V5,V5,V6,V6,L1,,,,,,,,,,,,,,,,,,,,
1982,V1,V3,V4,V4,V4,V5,V6,L1,,,,,,,,,,,,,,,,,,,,,,
1983,V1,V2,V3,V3,V5,V5,L2,,,,,,,,,,,,,,,,,,,,,,,
1984,V1,V2,V5,V6,L1,,,,,,,,,,,,,,,,,,,,,,,,,
1985,V1,V3,V4,V4,V4,V4,L2,,,,,,,,,,,,,,,,,,,,,,,
1986,V1,V3,V5,V4,V5,V5,V5,V5,V5,V6,V6,V6,V5,V6,L1,,,,,,,,,,,,,,,
1987,V1,V2,V5,V6,L1,,,,,,,,,,,,,,,,,,,,,,,,,
1988,V1,V2,V2,V3,L2,,,,,,,,,,,,,,,,,,,,,,,,,
1989,V1,V2,V5,V6,V6,L1,,,,,,,,,,,,,,,,,,,,,,,,
1990,V1,V3,L2,,,,,,,,,,,,,,,,,,,,,,,,,,,
1991,V1,V1,V4,V5,V5,V6,L1,,,,,,,,,,,,,,,,,,,,,,,
1992,V1,V4,V4,L2,,,,,,,,,,,,,,,,,,,,,,,,,,
1993,V1,V2,V3,V3,V4,V6,L1,,,,,,,,,,,,,,,,,,,,,,,
1994,V1,V3,V4,L2,,,,,,,,,,,,,,,,,,,,,,,,,,
1995,V1,V2,V2,V3,V4,V4,L2,,,,,,,,,,,,,,,,,,,,,,,
1996,V1,V2,V5,V5,V6,V6,L1,,,,,,,,,,,,,,,,,,,,,,,
1997,V1,V3,L2,,,,,,,,,,,,,,,,,,,,,,,,,,,
1998,V1,V2,V4,V4,V4,V4,V4,V5,V5,V5,V5,V5,V5,V5,V6,L1,,,,,,,,,,,,,,
1999,V1,V2,V2,V5,V6,V6,V6,V6,V6,L1,,,,,,,,,,,,,,,,,,,,
2000,V1,V2,V5,L2,,,,,,,,,,,,,,,,,,,,,,,,,,
2001,V1,V2,V5,V5,V5,V5,V6,V6,L1,,,,,,,,,,,,,,,,,,,,,
2002,V1,V1,V2,V5,V6,V6,V6,V6,V6,V6,L1,,,,,,,,,,,,,,,,,,,
2003,V1,V3,V3,V5,V5,V5,V5,V5,L2,,,,,,,,,,,,,,,,,,,,,
2004,V1,V2,L2,,,,,,,,,,,,,,,,,,,,,,,,,,,
2005,V1,V2,V3,V4,V5,V5,V6,V6,L1,,,,,,,,,,,,,,,,,,,,,
2006,V1,V4,V4,L2,,,,,,,,,,,,,,,,,,,,,,,,,,
2007,V1,V3,V5,V5,V6,V6,V6,V6,V6,V6,V6,V6,L1,,,,,,,,,,,,,,,,,
2008,V1,V1,V3,V3,V4,V4,V5,V5,V5,V5,V6,V6,V6,V6,V6,V6,L1,,,,,,,,,,,,,
2009,V1,V2,V2,V3,V5,V5,V5,V5,V6,V5,V5,V5,V5,V4,V4,L2,,,,,,,,,,,,,,
2010,V1,L2,,,,,,,,,,,,,,,,,,,,,,,,,,,,
2011,V1,V2,L2,,,,,,,,,,,,,,,,,,,,,,,,,,,
2012,V1,V2,V4,V4,V5,V6,V6,V6,V6,L1,,,,,,,,,,,,,,,,,,,,
2013,V1,V2,V5,V6,V5,V5,L2,,,,,,,,,,,,,,,,,,,,,,,
2014,V1,V2,V3,V5,L2,,,,,,,,,,,,,,,,,,,,,,,,,
2015,V1,V1,V3,L2,,,,,,,,,,,,,,,,,,,,,,,,,,
2016,V1,V2,V3,V4,V5,V6,V6,V6,V6,L1,,,,,,,,,,,,,,,,,,,,
2017,V1,V4,V4,V4,V4,V4,V4,L2,,,,,,,,,,,,,,,,,,,,,,
2018,V1,V4,V5,V6,V6,V6,L1,,,,,,,,,,,,,,,,,,,,,,,
2019,V1,V3,L2,,,,,,,,,,,,,,,,,,,,,,,,,,,
2020,V1,V3,V3,V3,V4,V4,V5,V6,V6,V6,V6,L1,,,,,,,,,,,,,,,,,,
2021,V1,L2,,,,,,,,,,,,,,,,,,,,,,,,,,,,
2022,V1,V4,V6,L1,,,,,,,,,,,,,,,,,,,,,,,,,,
2023,V1,V2,V5,V6,L1,,,,,,,,,,,,,,,,,,,,,,,,,
2024,V1,V1,V3,V3,V5,V5,V5,V4,V5,V5,V6,V6,L1,,,,,,,,,,,,,,,,,
2025,V1,V2,V4,V4,V4,V4,V4,L2,,,,,,,,,,,,,,,,,,,,,,
2026,V1,V2,V3,V5,V5,V5,V6,V6,L1,,,,,,,,,,,,,,,,,,,,,
2027,V1,V3,V4,V4,V4,V4,L2,,,,,,,,,,,,,,,,,,,,,,,
2028,V1,V4,V5,V6,V6,V6,V6,V6,V6,V5,V6,V6,V6,L1,,,,,,,,,,,,,,,,
2029,V1,V3,V3,V3,V5,V6,V6,V6,V6,V6,L1,,,,,,,,,,,,,,,,,,,
2030,V1,V3,V4,V5,V5,V5,V5,V5,V6,L1,,,,,,,,,,,,,,,,,,,,
2031,V1,V2,V3,L2,,,,,,,,,,,,,,,,,,,,,,,,,,
2032,V1,V1,V4,V5,V4,V5,L2,,,,,,,,,,,,,,,,,,,,,,,
2033,V1,V1,V1,V2,V3,V3,V4,L2,,,,,,,,,,,,,,,,,,,,,,
2034,V1,V2,V3,V5,V4,V4,L2,,,,,,,,,,,,,,,,,,,,,,,
2035,V1,L2,,,,,,,,,,,,,,,,,,,,,,,,,,,,
2036,V1,V2,V2,V5,V5,V6,V6,V6,L1,,,,,,,,,,,,,,,,,,,,,
2037,V1,V2,V5,V5,V6,V6,V6,L1,,,,,,,,,,,,,,,,,,,,,,
2038,V1,V1,V2,V4,V4,V4,V5,V5,V5,V5,V5,V5,V6,V6,V6,L1,,,,,,,,,,,,,,
2039,V1,V2,V2,V5,V6,V6,V6,V6,L1,,,,,,,,,,,,,,,,,,,,,
2040,V1,V1,V1,V2,V3,V4,V4,V4,V4,V5,V5,V5,V6,V6,L1,,,,,,,,,,,,,,,
2041,V1,V2,V5,V6,L1,,,,,,,,,,,,,,,,,,,,,,,,,
2042,V1,V2,V3,V5,V5,V4,L2,,,,,,,,,,,,,,,,,,,,,,,
2043,V1,V4,V4,V5,V5,V6,L1,,,,,,,,,,,,,,,,,,,,,,,
2044,V1,V2,V5,V6,V6,L1,,,,,,,,,,,,,,,,,,,,,,,,
2045,V1,V2,L2,,,,,,,,,,,,,,,,,,,,,,,,,,,
2046,V1,V2,V2,V2,V2,V3,L2,,,,,,,,,,,,,,,,,,,,,,,
2047,V1,V2,V2,V2,V5,V5,V6,V6,V6,V6,V6,V6,L1,,,,,,,,,,,,,,,,,
2048,V1,V3,V4,V4,V4,V4,V4,V4,V5,V4,V4,V5,V4,V5,V6,V6,V6,V6,V6,L1,,,,,,,,,,
2049,V1,V1,V2,V5,V5,V5,V6,V6,L1,,,,,,,,,,,,,,,,,,,,,
2050,V1,V2,V5,V5,V5,V5,V4,V5,V4,V4,V6,V6,V6,V6,V6,V6,V6,L1,,,,,,,,,,,,
2051,V1,V3,V3,V3,V4,V4,L2,,,,,,,,,,,,,,,,,,,,,,,
2052,V1,V3,V5,V5,V6,V6,V6,V6,V6,V6,V6,V6,V6,V6,V5,V6,V6,V6,L1,,,,,,,,,,,
2053,V1,V2,V2,V3,V4,V4,V4,V4,V4,V4,V4,V4,V5,V5,V6,V6,V6,V6,V6,V5,V5,V5,V5,V6,V6,V6,V6,L1,,
2054,V1,V2,V2,V2,V5,V5,V5,V6,V6,V6,L1,,,,,,,,,,,,,,,,,,,
2055,V1,V2,V4,V5,V6,L1,,,,,,,,,,,,,,,,,,,,,,,,
2056,V1,V2,V5,V6,V6,V6,L1,,,,,,,,,,,,,,,,,,,,,,,
2057,V1,V2,V3,L2,,,,,,,,,,,,,,,,,,,,,,,,,,
2058,V1,V2,V2,V5,V5,V5,V6,L1,,,,,,,,,,,,,,,,,,,,,,
2059,V1,L2,,,,,,,,,,,,,,,,,,,,,,,,,,,,
2060,V1,V2,V2,V5,V6,V6,L1,,,,,,,,,,,,,,,,,,,,,,,
2061,V1,V2,V5,V6,V6,V6,V6,V6,V6,L1,,,,,,,,,,,,,,,,,,,,
2062,V1,V2,V3,V5,V5,V5,V6,V6,V6,V6,V6,V6,V6,V6,V6,V5,V6,L1,,,,,,,,,,,,
2063,V1,L2,,,,,,,,,,,,,,,,,,,,,,,,,,,,
2064,V1,V2,V2,V4,V4,V4,V4,V5,V4,V5,V6,V6,V6,L1,,,,,,,,,,,,,,,,
2065,V1,V3,V5,V6,V6,V6,V6,V6,V6,V6,L1,,,,,,,,,,,,,,,,,,,
2066,V1,V2,V2,V2,V5,V5,V5,V5,V4,V4,V5,V6,V6,L1,,,,,,,,,,,,,,,,
2067,V1,V2,V3,V4,V4,V4,V4,L2,,,,,,,,,,,,,,,,,,,,,,
2068,V1,V3,V3,V5,V6,V6,V6,L1,,,,,,,,,,,,,,,,,,,,,,
2069,V1,V2,V2,V3,L2,,,,,,,,,,,,,,,,,,,,,,,,,
2070,V1,V2,V3,V5,V6,L1,,,,,,,,,,,,,,,,,,,,,,,,
2071,V1,V4,V5,V4,L2,,,,,,,,,,,,,,,,,,,,,,,,,
2072,V1,V3,V5,V5,V5,V5,V5,V6,V6,V6,V6,V6,V6,V6,L1,,,,,,,,,,,,,,,
2073,V1,V2,V4,V4,V4,L2,,,,,,,,,,,,,,,,,,,,,,,,
2074,V1,V1,V2,V3,V3,V3,V5,V6,V6,V6,L1,,,,,,,,,,,,,,,,,,,
2075,V1,V2,V2,V2,V3,V4,V6,V6,V6,V6,V6,V6,V6,V6,L1,,,,,,,,,,,,,,,
2076,V1,V2,V2,V5,V5,V6,V6,V6,V6,V5,V5,V5,V5,V5,V6,V6,V6,V6,V6,V6,L1,,,,,,,,,
2077,V1,V2,V3,V3,V3,V4,V5,V5,V5,V6,V6,L1,,,,,,,,,,,,,,,,,,
2078,V1,V3,L2,,,,,,,,,,,,,,,,,,,,,,,,,,,
2079,V1,L2,,,,,,,,,,,,,,,,,,,,,,,,,,,,
2080,V1,V2,L2,,,,,,,,,,,,,,,,,,,,,,,,,,,
2081,V1,V2,V4,L2,,,,,,,,,,,,,,,,,,,,,,,,,,
2082,V1,V3,V5,L2,,,,,,,,,,,,,,,,,,,,,,,,,,
2083,V1,V2,V3,V3,V4,L2,,,,,,,,,,,,,,,,,,,,,,,,
2084,V1,V4,V4,V4,V6,L1,,,,,,,,,,,,,,,,,,,,,,,,
2085,V1,V2,V3,V4,V4,V4,L2,,,,,,,,,,,,,,,,,,,,,,,
2086,V1,V2,V5,V5,V5,V5,L2,,,,,,,,,,,,,,,,,,,,,,,
2087,V1,V4,V4,V4,V6,L1,,,,,,,,,,,,,,,,,,,,,,,,
2088,V1,V3,V4,V4,V4,V5,V5,V5,V5,V5,V6,V6,V6,L1,,,,,,,,,,,,,,,,
2089,V1,V3,L2,,,,,,,,,,,,,,,,,,,,,,,,,,,
2090,V1,V2,V3,V3,V5,V5,L2,,,,,,,,,,,,,,,,,,,,,,,
2091,V1,V2,V2,V2,V2,V4,V5,V6,V6,V6,L1,,,,,,,,,,,,,,,,,,,
2092,V1,V2,V3,L2,,,,,,,,,,,,,,,,,,,,,,,,,,
2093,V1,V2,V3,V3,V4,L2,,,,,,,,,,,,,,,,,,,,,,,,
2094,V1,V2,V2,V2,V5,V5,V5,V5,V5,V5,V6,V6,V6,V6,V6,V6,V6,V6,V6,V6,L1,,,,,,,,,
2095,V1,V4,V5,V5,V5,L2,,,,,,,,,,,,,,,,,,,,,,,,
2096,V1,V2,V3,V3,L2,,,,,,,,,,,,,,,,,,,,,,,,,
2097,V1,V4,L2,,,,,,,,,,,,,,,,,,,,,,,,,,,
2098,V1,V3,V5,V6,V6,L1,,,,,,,,,,,,,,,,,,,,,,,,
2099,V1,V3,V4,V5,V5,V4,L2,,,,,,,,,,,,,,,,,,,,,,,
2100,V1,V3,V5,V6,V6,V6,V6,V6,V6,V6,V6,V6,L1,,,,,,,,,,,,,,,,,
2101,V1,V2,V2,V5,V5,V6,V6,V6,V6,L1,,,,,,,,,,,,,,,,,,,,
2102,V1,L2,,,,,,,,,,,,,,,,,,,,,,,,,,,,
2103,V1,V2,V3,V4,V5,V4,V4,V5,V6,V6,V6,V6,V6,V6,L1,,,,,,,,,,,,,,,
2104,V1,L2,,,,,,,,,,,,,,,,,,,,,,,,,,,,
2105,V1,V2,V2,V3,V5,V5,V5,V5,V5,L2,,,,,,,,,,,,,,,,,,,,
2106,V1,V2,V3,V5,V5,V5,V6,V6,V6,L1,,,,,,,,,,,,,,,,,,,,
2107,V1,V3,L2,,,,,,,,,,,,,,,,,,,,,,,,,,,
2108,V1,V4,V5,V6,L1,,,,,,,,,,,,,,,,,,,,,,,,,
2109,V1,V4,L2,,,,,,,,,,,,,,,,,,,,,,,,,,,
2110,V1,V2,V3,V4,V5,V5,V6,V6,L1,,,,,,,,,,,,,,,,,,,,,
2111,V1,V2,V5,V6,L1,,,,,,,,,,,,,,,,,,,,,,,,,
2112,V1,V2,V2,V3,V4,V4,V5,V6,L1,,,,,,,,,,,,,,,,,,,,,
2113,V1,V1,V2,V5,V5,V5,V4,V4,V5,V5,V5,V5,V5,V5,V5,V4,V4,V4,L2,,,,,,,,,,,
2114,V1,V3,V5,V5,V6,V6,V6,V6,L1,,,,,,,,,,,,,,,,,,,,,
2115,V1,V2,L2,,,,,,,,,,,,,,,,,,,,,,,,,,,
2116,V1,V2,V2,V2,V3,V4,V6,V6,V6,V6,L1,,,,,,,,,,,,,,,,,,,
2117,V1,V3,V4,L2,,,,,,,,,,,,,,,,,,,,,,,,,,
2118,V1,V3,V3,V4,V5,L2,,,,,,,,,,,,,,,,,,,,,,,,
2119,V1,V2,V3,V4,V4,L2,,,,,,,,,,,,,,,,,,,,,,,,
2120,V1,V2,V3,V4,V6,L1,,,,,,,,,,,,,,,,,,,,,,,,
2121,V1,V3,V4,V4,L2,,,,,,,,,,,,,,,,,,,,,,,,,
2122,V1,V1,V2,L2,,,,,,,,,,,,,,,,,,,,,,,,,,
2123,V1,V1,V3,V3,V4,V4,V4,V4,V5,V5,V5,V6,L1,,,,,,,,,,,,,,,,,
2124,V1,V2,V4,V5,V5,V6,V6,V6,V6,L1,,,,,,,,,,,,,,,,,,,,
2125,V1,V3,L2,,,,,,,,,,,,,,,,,,,,,,,,,,,
2126,V1,V1,V2,V2,V2,V2,V2,V3,V4,V5,V5,V5,V6,V6,V6,L1,,,,,,,,,,,,,,
2127,V1,V3,L2,,,,,,,,,,,,,,,,,,,,,,,,,,,
2128,V1,V4,V4,L2,,,,,,,,,,,,,,,,,,,,,,,,,,
2129,V1,V2,V3,V3,V4,V4,V5,V5,V5,V6,L1,,,,,,,,,,,,,,,,,,,
2130,V1,V2,V5,V5,V5,V6,V6,L1,,,,,,,,,,,,,,,,,,,,,,
2131,V1,V3,V4,V6,L1,,,,,,,,,,,,,,,,,,,,,,,,,
2132,V1,V2,V3,V4,V4,V4,V5,V5,V5,V5,V5,V5,V5,V5,V5,V6,V6,V6,V6,V6,V6,V6,V6,V6,V6,L1,,,,
2133,V1,V1,L2,,,,,,,,,,,,,,,,,,,,,,,,,,,
2134,V1,V2,V2,V3,V3,V4,V5,V5,V5,V5,V5,V6,V6,L1,,,,,,,,,,,,,,,,
2135,V1,V2,V5,V4,V5,V5,V6,V6,V6,V6,V6,V6,V6,L1,,,,,,,,,,,,,,,,
2136,V1,V2,V5,V6,V6,L1,,,,,,,,,,,,,,,,,,,,,,,,
2137,V1,V3,V4,V4,L2,,,,,,,,,,,,,,,,,,,,,,,,,
2138,V1,V2,V2,V3,V5,V5,L2,,,,,,,,,,,,,,,,,,,,,,,
2139,V1,V4,V4,L2,,,,,,,,,,,,,,,,,,,,,,,,,,
2140,V1,V2,V3,V4,V5,V6,V6,V6,L1,,,,,,,,,,,,,,,,,,,,,
2141,V1,V2,V5,V5,V6,L1,,,,,,,,,,,,,,,,,,,,,,,,
2142,V1,V2,L2,,,,,,,,,,,,,,,,,,,,,,,,,,,
2143,V1,V3,V3,V3,V5,V6,V6,V6,L1,,,,,,,,,,,,,,,,,,,,,
2144,V1,V2,V3,V5,V5,V5,V6,V6,L1,,,,,,,,,,,,,,,,,,,,,
2145,V1,V2,V3,V5,V5,V4,V5,V6,L1,,,,,,,,,,,,,,,,,,,,,
2146,V1,V2,V5,V5,V5,V5,V5,V6,V6,L1,,,,,,,,,,,,,,,,,,,,
2147,V1,V2,V3,V5,V5,L2,,,,,,,,,,,,,,,,,,,,,,,,
2148,V1,V2,V3,V5,V5,V5,V6,V6,L1,,,,,,,,,,,,,,,,,,,,,
2149,V1,V2,V3,V4,V5,V5,V6,V5,V6,V6,L1,,,,,,,,,,,,,,,,,,,
2150,V1,V4,V5,V6,V6,V6,V6,V6,L1,,,,,,,,,,,,,,,,,,,,,
2151,V1,V1,V3,V4,V6,L1,,,,,,,,,,,,,,,,,,,,,,,,
2152,V1,V2,V5,V5,V6,V6,V6,L1,,,,,,,,,,,,,,,,,,,,,,
2153,V1,V1,V4,L2,,,,,,,,,,,,,,,,,,,,,,,,,,
2154,V1,V2,V3,V5,V5,V5,V5,V5,V5,V6,L1,,,,,,,,,,,,,,,,,,,
2155,V1,V2,V2,V3,V4,L2,,,,,,,,,,,,,,,,,,,,,,,,
2156,V1,V3,V4,L2,,,,,,,,,,,,,,,,,,,,,,,,,,
2157,V1,V1,L2,,,,,,,,,,,,,,,,,,,,,,,,,,,
2158,V1,V3,V4,V5,V4,V4,V4,V6,V6,V6,L1,,,,,,,,,,,,,,,,,,,
2159,V1,V2,V4,V5,V5,V5,V5,V5,V5,V5,V6,L1,,,,,,,,,,,,,,,,,,
2160,V1,V2,V3,V4,V6,V6,V6,V6,L1,,,,,,,,,,,,,,,,,,,,,
2161,V1,V2,V3,V3,V5,V5,V5,V5,V6,V6,V6,V6,L1,,,,,,,,,,,,,,,,,
2162,V1,V2,V5,V5,V5,V6,L1,,,,,,,,,,,,,,,,,,,,,,,
2163,V1,V2,L2,,,,,,,,,,,,,,,,,,,,,,,,,,,
2164,V1,V2,V3,V5,V5,V5,V5,V5,V5,V6,V6,V6,V6,L1,,,,,,,,,,,,,,,,
2165,V1,L2,,,,,,,,,,,,,,,,,,,,,,,,,,,,
2166,V1,V2,V5,V5,V5,V5,V5,V6,V6,V6,L1,,,,,,,,,,,,,,,,,,,
2167,V1,V1,V2,V2,V2,V2,V3,V4,V5,V6,L1,,,,,,,,,,,,,,,,,,,
2168,V1,V3,V4,L2,,,,,,,,,,,,,,,,,,,,,,,,,,
2169,V1,V3,V4,L2,,,,,,,,,,,,,,,,,,,,,,,,,,
2170,V1,V2,V3,V4,V4,V4,V5,V6,V6,V6,V6,V6,V6,L1,,,,,,,,,,,,,,,,
2171,V1,V3,V5,V6,V6,V6,L1,,,,,,,,,,,,,,,,,,,,,,,
2172,V1,V1,V1,V2,V2,V2,V5,V6,L1,,,,,,,,,,,,,,,,,,,,,
2173,V1,V2,L2,,,,,,,,,,,,,,,,,,,,,,,,,,,
2174,V1,V3,V5,V6,V6,L1,,,,,,,,,,,,,,,,,,,,,,,,
2175,V1,V2,V5,V5,V5,V6,V6,L1,,,,,,,,,,,,,,,,,,,,,,
2176,V1,V4,V4,V5,V5,V5,V5,V5,L2,,,,,,,,,,,,,,,,,,,,,
2177,V1,V3,V5,V5,V5,V6,V6,L1,,,,,,,,,,,,,,,,,,,,,,
2178,V1,V3,V5,V5,V5,V5,V5,V5,V4,L2,,,,,,,,,,,,,,,,,,,,
2179,V1,V1,V4,V4,V4,V6,V6,V6,L1,,,,,,,,,,,,,,,,,,,,,
2180,V1,V2,V3,L2,,,,,,,,,,,,,,,,,,,,,,,,,,
2181,V1,V3,V4,V5,L2,,,,,,,,,,,,,,,,,,,,,,,,,
2182,V1,V2,V3,V4,V6,V5,V5,V5,V6,V6,V6,V6,L1,,,,,,,,,,,,,,,,,
2183,V1,V1,V2,V3,V4,V4,L2,,,,,,,,,,,,,,,,,,,,,,,
2184,V1,L2,,,,,,,,,,,,,,,,,,,,,,,,,,,,
2185,V1,V2,V3,V3,V4,V5,V6,V6,L1,,,,,,,,,,,,,,,,,,,,,
2186,V1,V2,V2,V5,V6,V6,V6,L1,,,,,,,,,,,,,,,,,,,,,,
2187,V1,V2,V3,V4,V5,V5,V5,V5,V6,L1,,,,,,,,,,,,,,,,,,,,
2188,V1,V2,V3,V5,V6,V6,V6,V6,V6,V6,V6,V6,V6,V6,V6,V6,L1,,,,,,,,,,,,,
2189,V1,V2,V5,V5,V5,V6,V6,V5,V5,V6,V6,V6,V6,V6,V6,V6,V6,V6,V6,L1,,,,,,,,,,
2190,V1,V2,V2,V2,V4,V4,V4,V4,V6,L1,,,,,,,,,,,,,,,,,,,,
2191,V1,V1,V3,V3,V4,V5,V5,V6,V6,V6,V6,L1,,,,,,,,,,,,,,,,,,
2192,V1,V2,V3,V4,V4,V5,V4,V6,V6,L1,,,,,,,,,,,,,,,,,,,,
2193,V1,V1,V2,V5,V4,V5,L2,,,,,,,,,,,,,,,,,,,,,,,
2194,V1,V3,V4,V4,V4,V4,L2,,,,,,,,,,,,,,,,,,,,,,,
2195,V1,V4,V5,V5,L2,,,,,,,,,,,,,,,,,,,,,,,,,
2196,V1,V2,V3,V3,V3,V4,L2,,,,,,,,,,,,,,,,,,,,,,,
2197,V1,V2,V3,V3,V4,V4,V6,V6,V6,V6,L1,,,,,,,,,,,,,,,,,,,
2198,V1,V2,V3,V4,V5,V5,V6,V6,V6,L1,,,,,,,,,,,,,,,,,,,,
2199,V1,V2,V5,V5,V5,V5,V5,V5,V5,V5,V6,V6,V6,V6,V6,L1,,,,,,,,,,,,,,
2200,V1,V2,V3,V3,V5,V5,V5,V6,L1,,,,,,,,,,,,,,,,,,,,,
2201,V1,V2,V5,V5,V5,V5,V5,V6,V6,L1,,,,,,,,,,,,,,,,,,,,
2202,V1,V2,V2,V2,V4,V6,V6,V6,V6,V6,V6,L1,,,,,,,,,,,,,,,,,,
2203,V1,V3,V3,L2,,,,,,,,,,,,,,,,,,,,,,,,,,
2204,V1,V2,V2,V4,V4,V4,L2,,,,,,,,,,,,,,,,,,,,,,,
2205,V1,V1,V3,V3,V3,V5,V6,L1,,,,,,,,,,,,,,,,,,,,,,
2206,V1,V4,L2,,,,,,,,,,,,,,,,,,,,,,,,,,,
2207,V1,V2,V5,V5,V5,V6,V6,V6,V6,V6,V6,V6,V6,V6,V6,V6,V6,L1,,,,,,,,,,,,
2208,V1,V2,V5,V6,L1,,,,,,,,,,,,,,,,,,,,,,,,,
2209,V1,V2,V2,V2,V3,V4,V4,V5,V6,L1,,,,,,,,,,,,,,,,,,,,
2210,V1,V2,V2,V3,V3,V5,V6,V6,V6,V6,L1,,,,,,,,,,,,,,,,,,,
2211,V1,L2,,,,,,,,,,,,,,,,,,,,,,,,,,,,
2212,V1,V2,V3,V5,V5,L2,,,,,,,,,,,,,,,,,,,,,,,,
2213,V1,V2,V5,V6,L1,,,,,,,,,,,,,,,,,,,,,,,,,
2214,V1,V3,V5,V5,V5,V6,V6,V6,V6,V6,V6,V6,L1,,,,,,,,,,,,,,,,,
2215,V1,V4,V4,L2,,,,,,,,,,,,,,,,,,,,,,,,,,
2216,V1,V2,V3,V5,V6,V6,L1,,,,,,,,,,,,,,,,,,,,,,,
2217,V1,L2,,,,,,,,,,,,,,,,,,,,,,,,,,,,
2218,V1,V1,V2,V2,V5,V5,V6,V6,V6,V6,V6,L1,,,,,,,,,,,,,,,,,,
2219,V1,V2,V2,V5,V4,L2,,,,,,,,,,,,,,,,,,,,,,,,
2220,V1,V2,V3,V3,V5,V5,V5,V5,V6,L1,,,,,,,,,,,,,,,,,,,,
2221,V1,V2,V5,V6,V6,V6,V6,V6,L1,,,,,,,,,,,,,,,,,,,,,
2222,V1,V2,V2,V3,V5,V6,V6,V6,V6,V6,V6,L1,,,,,,,,,,,,,,,,,,
2223,V1,V2,V5,V6,V6,V6,V6,V6,V6,V6,V6,V6,V6,V6,V6,L1,,,,,,,,,,,,,,
2224,V1,V3,V5,V5,V5,V5,V5,V6,V6,V6,V6,V6,V6,V6,V6,V6,V6,V6,V6,V5,V6,L1,,,,,,,,
2225,V1,V2,V3,V4,V4,V4,V5,V6,V5,V6,V6,V6,V6,V6,V5,V5,V5,V5,V5,V6,V6,V6,V6,V6,V6,V6,V6,L1,,
2226,V1,V2,V5,V5,V5,V5,V6,V6,L1,,,,,,,,,,,,,,,,,,,,,
2227,V1,V3,V3,V4,L2,,,,,,,,,,,,,,,,,,,,,,,,,
2228,V1,V4,V6,L1,,,,,,,,,,,,,,,,,,,,,,,,,,
2229,V1,V2,V5,V5,V5,V5,V5,V6,V5,V6,V6,L1,,,,,,,,,,,,,,,,,,
2230,V1,V3,V4,V4,V5,V6,V6,V6,V6,V6,V6,V6,V6,V6,L1,,,,,,,,,,,,,,,
2231,V1,V4,V5,V5,V6,V6,V6,V6,V6,V6,L1,,,,,,,,,,,,,,,,,,,
2232,V1,V1,V2,V5,V5,V5,V6,L1,,,,,,,,,,,,,,,,,,,,,,
2233,V1,V2,V5,V5,V5,V4,L2,,,,,,,,,,,,,,,,,,,,,,,
2234,V1,V2,V3,V3,L2,,,,,,,,,,,,,,,,,,,,,,,,,
2235,V1,V2,V5,V6,V6,L1,,,,,,,,,,,,,,,,,,,,,,,,
2236,V1,V2,V2,V3,V4,V4,V4,V4,V5,V6,V6,V6,V6,V6,V6,L1,,,,,,,,,,,,,,
2237,V1,V2,V5,V6,V6,V6,V6,V6,V6,L1,,,,,,,,,,,,,,,,,,,,
2238,V1,V2,V5,V5,V5,V6,V6,V6,V6,V6,V6,V6,V6,V6,L1,,,,,,,,,,,,,,,
2239,V1,V2,V3,V3,V3,V5,V5,V5,V6,V6,V6,V6,V6,V6,L1,,,,,,,,,,,,,,,
2240,V1,V4,V5,V5,V4,V4,V4,V4,V4,V6,V6,V6,L1,,,,,,,,,,,,,,,,,
2241,V1,V2,V4,V5,V6,L1,,,,,,,,,,,,,,,,,,,,,,,,
2242,V1,V2,V5,V6,L1,,,,,,,,,,,,,,,,,,,,,,,,,
2243,V1,V2,V4,V4,V5,V5,V5,V6,V6,V6,L1,,,,,,,,,,,,,,,,,,,
2244,V1,V4,V5,V6,L1,,,,,,,,,,,,,,,,,,,,,,,,,
2245,V1,V2,V5,V5,V6,V5,V5,V6,V6,V6,L1,,,,,,,,,,,,,,,,,,,
2246,V1,V2,V2,V3,V4,V6,V6,V6,V6,L1,,,,,,,,,,,,,,,,,,,,
2247,V1,V2,V3,V5,V5,V5,V6,L1,,,,,,,,,,,,,,,,,,,,,,
2248,V1,V2,V3,V4,V4,V4,V4,V4,V4,L2,,,,,,,,,,,,,,,,,,,,
2249,V1,V2,V3,V5,V5,L2,,,,,,,,,,,,,,,,,,,,,,,,
2250,V1,V2,V5,V6,V6,L1,,,,,,,,,,,,,,,,,,,,,,,,
2251,V1,V2,V2,V5,V6,V6,V6,L1,,,,,,,,,,,,,,,,,,,,,,
2252,V1,V2,V3,V4,V6,L1,,,,,,,,,,,,,,,,,,,,,,,,
2253,V1,V3,V3,L2,,,,,,,,,,,,,,,,,,,,,,,,,,
2254,V1,V4,L2,,,,,,,,,,,,,,,,,,,,,,,,,,,
2255,V1,V2,V3,V4,V5,V4,V4,V4,V5,V5,V5,V5,V5,V5,V4,L2,,,,,,,,,,,,,,
2256,V1,V4,V5,V6,L1,,,,,,,,,,,,,,,,,,,,,,,,,
2257,V1,V2,V3,V3,L2,,,,,,,,,,,,,,,,,,,,,,,,,
2258,V1,V4,V5,V5,V6,L1,,,,,,,,,,,,,,,,,,,,,,,,
2259,V1,V2,L2,,,,,,,,,,,,,,,,,,,,,,,,,,,
2260,V1,V2,V3,V4,L2,,,,,,,,,,,,,,,,,,,,,,,,,
2261,V1,V2,V3,V5,V5,V5,V5,V5,V6,L1,,,,,,,,,,,,,,,,,,,,
2262,V1,V2,V3,V5,V5,V6,L1,,,,,,,,,,,,,,,,,,,,,,,
2263,V1,V3,V5,V6,L1,,,,,,,,,,,,,,,,,,,,,,,,,
2264,V1,V3,V5,V6,V5,V5,V5,V5,V5,V6,V6,L1,,,,,,,,,,,,,,,,,,
2265,V1,V2,V5,V6,V6,V6,L1,,,,,,,,,,,,,,,,,,,,,,,
2266,V1,V2,V3,V3,V4,V5,L2,,,,,,,,,,,,,,,,,,,,,,,
2267,V1,V3,V5,V5,V5,V5,V5,V5,V5,V5,V5,V4,V4,V5,V6,V6,V6,V6,V6,V6,L1,,,,,,,,,
2268,V1,V2,V3,V4,V5,V5,V5,V5,V5,V6,L1,,,,,,,,,,,,,,,,,,,
2269,V1,V2,V2,V5,V5,V5,V5,V5,V6,V6,V5,V4,V5,V5,V5,V6,L1,,,,,,,,,,,,,
2270,V1,V2,V2,V3,V4,V4,V6,V6,L1,,,,,,,,,,,,,,,,,,,,,
2271,V1,V1,V2,V5,V5,L2,,,,,,,,,,,,,,,,,,,,,,,,
2272,V1,V1,L2,,,,,,,,,,,,,,,,,,,,,,,,,,,
2273,V1,V2,V3,V4,V5,V5,V6,L1,,,,,,,,,,,,,,,,,,,,,,
2274,V1,V2,V2,V3,V5,V5,V5,V6,V6,L1,,,,,,,,,,,,,,,,,,,,
2275,V1,V2,V5,V6,V5,V6,L1,,,,,,,,,,,,,,,,,,,,,,,
2276,V1,V2,V3,V4,V4,L2,,,,,,,,,,,,,,,,,,,,,,,,
2277,V1,V2,V5,V5,V5,V5,V5,V5,V5,V5,V5,V5,V5,V5,V5,V6,V6,V6,V6,L1,,,,,,,,,,
2278,V1,V2,V3,V3,V4,L2,,,,,,,,,,,,,,,,,,,,,,,,
2279,V1,V2,V3,V4,V5,V5,V6,V5,V6,V6,V6,V6,L1,,,,,,,,,,,,,,,,,
2280,V1,V3,V4,V5,V5,L2,,,,,,,,,,,,,,,,,,,,,,,,
2281,V1,V2,V2,V2,V5,V4,V5,L2,,,,,,,,,,,,,,,,,,,,,,
2282,V1,V2,V3,V3,V5,V5,V6,V6,L1,,,,,,,,,,,,,,,,,,,,,
2283,V1,V2,V3,L2,,,,,,,,,,,,,,,,,,,,,,,,,,
2284,V1,V3,V5,V5,V6,L1,,,,,,,,,,,,,,,,,,,,,,,,
2285,V1,V2,V2,V2,V3,V4,V6,V6,V6,L1,,,,,,,,,,,,,,,,,,,,
2286,V1,V2,V3,V5,V5,V5,L2,,,,,,,,,,,,,,,,,,,,,,,
2287,V1,V4,V6,V6,L1,,,,,,,,,,,,,,,,,,,,,,,,,
2288,V1,V2,V4,V4,V4,V6,V6,V6,V6,V6,L1,,,,,,,,,,,,,,,,,,,
2289,V1,V2,V3,V3,V3,V5,V6,V6,V6,V6,V6,V6,V6,V6,L1,,,,,,,,,,,,,,,
2290,V1,V2,V3,V5,L2,,,,,,,,,,,,,,,,,,,,,,,,,
2291,V1,L2,,,,,,,,,,,,,,,,,,,,,,,,,,,,
2292,V1,V2,V5,V5,V5,V6,V6,V6,L1,,,,,,,,,,,,,,,,,,,,,
2293,V1,V3,V5,V5,V4,V6,V5,V6,V6,V6,L1,,,,,,,,,,,,,,,,,,,
2294,V1,V1,V3,V3,V3,V5,V5,V5,V5,V5,V4,V4,V5,V6,V6,V6,L1,,,,,,,,,,,,,
2295,V1,L2,,,,,,,,,,,,,,,,,,,,,,,,,,,,
2296,V1,V2,V3,V3,V3,V5,V5,V5,V5,V5,V5,V6,V6,L1,,,,,,,,,,,,,,,,
2297,V1,V2,L2,,,,,,,,,,,,,,,,,,,,,,,,,,,
2298,V1,V2,V5,V5,V5,V6,V6,L1,,,,,,,,,,,,,,,,,,,,,,
2299,V1,V4,V4,V4,V5,V5,V5,V5,V5,V5,V5,V5,V5,V4,V5,V5,V5,L2,,,,,,,,,,,,
2300,V1,V1,V3,V4,V6,L1,,,,,,,,,,,,,,,,,,,,,,,,
2301,V1,V2,V3,V5,V5,V5,V5,V5,V5,V4,L2,,,,,,,,,,,,,,,,,,,
2302,V1,V2,V2,V4,V4,V4,V5,V4,V4,V4,V4,V6,L1,,,,,,,,,,,,,,,,,
2303,V1,V2,V5,V6,V6,L1,,,,,,,,,,,,,,,,,,,,,,,,
2304,V1,V3,V5,V6,V6,V6,V6,L1,,,,,,,,,,,,,,,,,,,,,,
2305,V1,V2,V2,V2,V5,V6,V6,V6,V6,V6,V6,V6,V6,L1,,,,,,,,,,,,,,,,
2306,V1,V4,V6,L1,,,,,,,,,,,,,,,,,,,,,,,,,,
2307,V1,V3,V3,V4,V4,V4,V4,V4,V4,L2,,,,,,,,,,,,,,,,,,,,
2308,V1,V2,V2,V3,L2,,,,,,,,,,,,,,,,,,,,,,,,,
2309,V1,V2,L2,,,,,,,,,,,,,,,,,,,,,,,,,,,
2310,V1,V1,V2,L2,,,,,,,,,,,,,,,,,,,,,,,,,,
2311,V1,V4,V4,V4,V4,V4,V4,V4,V4,V4,V4,V4,V4,V4,V4,V5,V5,V6,V6,V6,L1,,,,,,,,,
2312,V1,V4,V5,V6,L1,,,,,,,,,,,,,,,,,,,,,,,,,
2313,V1,V1,V2,L2,,,,,,,,,,,,,,,,,,,,,,,,,,
2314,V1,V3,V4,V5,V4,L2,,,,,,,,,,,,,,,,,,,,,,,,
2315,V1,V2,V2,V5,V5,V5,V6,V6,L1,,,,,,,,,,,,,,,,,,,,,
2316,V1,V1,V2,V4,V5,V5,V6,V6,V6,V6,L1,,,,,,,,,,,,,,,,,,,
2317,V1,V2,V5,V6,V6,V5,V5,V5,V6,V6,V6,V5,V5,V6,V6,V6,V6,V6,L1,,,,,,,,,,,
2318,V1,V2,V2,V2,V2,V2,V4,V5,V5,V6,V6,V6,V6,V6,V6,V6,V6,L1,,,,,,,,,,,,
2319,V1,V1,V2,V2,V4,L2,,,,,,,,,,,,,,,,,,,,,,,,
2320,V1,V2,V3,V3,V4,V4,V4,V4,V4,L2,,,,,,,,,,,,,,,,,,,,
2321,V1,V2,V3,V3,L2,,,,,,,,,,,,,,,,,,,,,,,,,
2322,V1,V2,V2,V4,V4,L2,,,,,,,,,,,,,,,,,,,,,,,,
2323,V1,V2,V5,V6,V6,V6,L1,,,,,,,,,,,,,,,,,,,,,,,
2324,V1,V2,V3,V4,V5,V6,L1,,,,,,,,,,,,,,,,,,,,,,,
2325,V1,V2,V3,V4,V5,V5,V5,V5,L2,,,,,,,,,,,,,,,,,,,,,
2326,V1,V1,V2,V2,L2,,,,,,,,,,,,,,,,,,,,,,,,,
2327,V1,L2,,,,,,,,,,,,,,,,,,,,,,,,,,,,
2328,V1,V2,V3,V3,L2,,,,,,,,,,,,,,,,,,,,,,,,,
2329,V1,V4,V5,V5,V5,V5,V5,V5,V5,V5,V6,V6,V6,V6,L1,,,,,,,,,,,,,,,
2330,V1,V2,V3,V3,V4,L2,,,,,,,,,,,,,,,,,,,,,,,,
2331,V1,V2,V3,V5,V5,V5,V6,L1,,,,,,,,,,,,,,,,,,,,,,
2332,V1,V3,V3,V5,V6,V6,L1,,,,,,,,,,,,,,,,,,,,,,,
2333,V1,V2,V2,V5,V5,V5,V5,V5,V5,V6,V6,V6,V6,V6,V5,V6,V6,V6,V6,V6,V6,L1,,,,,,,,
2334,V1,V2,V2,V3,V4,L2,,,,,,,,,,,,,,,,,,,,,,,,
2335,V1,V2,V5,V5,V5,V6,V6,V6,V6,V5,V5,V6,L1,,,,,,,,,,,,,,,,,
2336,V1,V2,V5,V5,V6,L1,,,,,,,,,,,,,,,,,,,,,,,,
2337,V1,V2,V2,V3,V5,V6,V6,V6,L1,,,,,,,,,,,,,,,,,,,,,
2338,V1,V2,V2,V3,L2,,,,,,,,,,,,,,,,,,,,,,,,,
2339,V1,V2,V2,V2,V3,V4,L2,,,,,,,,,,,,,,,,,,,,,,,
2340,V1,V2,V2,V3,V5,V5,V5,V6,V6,L1,,,,,,,,,,,,,,,,,,,,
2341,V1,V2,V4,V4,V5,V5,V5,V5,V5,V5,V5,V5,V5,V5,V5,V6,L1,,,,,,,,,,,,,
2342,V1,V1,V3,V3,V3,V3,V5,V6,V6,L1,,,,,,,,,,,,,,,,,,,,
2343,V1,V3,L2,,,,,,,,,,,,,,,,,,,,,,,,,,,
2344,V1,V2,V3,V5,V5,V5,V4,V4,V4,V6,V6,V6,V6,V6,V6,V6,V6,V6,V6,V6,L1,,,,,,,,,
2345,V1,L2,,,,,,,,,,,,,,,,,,,,,,,,,,,,
2346,V1,V2,V3,V4,V5,V5,V5,V6,L1,,,,,,,,,,,,,,,,,,,,,
2347,V1,V2,V2,V3,V3,V5,V5,V5,V5,V5,V6,V6,V6,V6,V6,L1,,,,,,,,,,,,,,
2348,V1,V2,V5,V6,V6,V6,L1,,,,,,,,,,,,,,,,,,,,,,,
2349,V1,V1,V2,V3,V4,V4,V5,V5,V6,L1,,,,,,,,,,,,,,,,,,,,
2350,V1,V4,V4,V6,L1,,,,,,,,,,,,,,,,,,,,,,,,,
2351,V1,L2,,,,,,,,,,,,,,,,,,,,,,,,,,,,
2352,V1,V2,V5,V5,V5,V5,V6,L1,,,,,,,,,,,,,,,,,,,,,,
2353,V1,V1,V2,V2,V5,V6,V6,V6,V6,L1,,,,,,,,,,,,,,,,,,,,
2354,V1,V2,V3,V5,V5,V5,V6,V6,L1,,,,,,,,,,,,,,,,,,,,,
2355,V1,V2,V2,V3,L2,,,,,,,,,,,,,,,,,,,,,,,,,
2356,V1,V2,V2,V3,L2,,,,,,,,,,,,,,,,,,,,,,,,,
2357,V1,V2,V5,V5,V5,V5,V5,V6,V6,V6,V5,V6,V6,V6,V6,V6,V6,L1,,,,,,,,,,,,
2358,V1,V2,V2,V3,V3,V5,V6,V6,V6,L1,,,,,,,,,,,,,,,,,,,,
2359,V1,V1,V2,V5,V6,L1,,,,,,,,,,,,,,,,,,,,,,,,
2360,V1,V3,V5,V5,V5,V6,V6,L1,,,,,,,,,,,,,,,,,,,,,,
2361,V1,V3,V4,V4,L2,,,,,,,,,,,,,,,,,,,,,,,,,
2362,V1,V2,V3,V5,V5,V6,L1,,,,,,,,,,,,,,,,,,,,,,,
2363,V1,V3,V4,V4,V6,V6,V6,V6,V6,L1,,,,,,,,,,,,,,,,,,,,
2364,V1,V2,V4,V4,L2,,,,,,,,,,,,,,,,,,,,,,,,,
2365,V1,L2,,,,,,,,,,,,,,,,,,,,,,,,,,,,
2366,V1,V2,V3,V4,V4,V4,V4,L2,,,,,,,,,,,,,,,,,,,,,,
2367,V1,L2,,,,,,,,,,,,,,,,,,,,,,,,,,,,
2368,V1,V3,V5,V6,V5,V6,V6,L1,,,,,,,,,,,,,,,,,,,,,,
2369,V1,L2,,,,,,,,,,,,,,,,,,,,,,,,,,,,
2370,V1,V2,L2,,,,,,,,,,,,,,,,,,,,,,,,,,,
2371,V1,L2,,,,,,,,,,,,,,,,,,,,,,,,,,,,
2372,V1,V3,V5,L2,,,,,,,,,,,,,,,,,,,,,,,,,,
2373,V1,V2,V5,L2,,,,,,,,,,,,,,,,,,,,,,,,,,
2374,V1,V3,V5,V6,V6,V6,V6,V6,V6,L1,,,,,,,,,,,,,,,,,,,,
2375,V1,V3,V3,V3,V5,V5,V5,V5,V6,L1,,,,,,,,,,,,,,,,,,,,
2376,V1,V1,V2,V4,V4,V4,L2,,,,,,,,,,,,,,,,,,,,,,,
2377,V1,V2,V2,V3,V3,V4,V4,V4,V4,L2,,,,,,,,,,,,,,,,,,,,
2378,V1,V2,V5,V6,L1,,,,,,,,,,,,,,,,,,,,,,,,,
2379,V1,V3,V3,V3,V4,V5,V6,V6,V6,V6,V6,L1,,,,,,,,,,,,,,,,,,
2380,V1,L2,,,,,,,,,,,,,,,,,,,,,,,,,,,,
2381,V1,V2,V4,V4,V4,L2,,,,,,,,,,,,,,,,,,,,,,,,
2382,V1,V2,V2,V4,V4,V4,V4,V5,L2,,,,,,,,,,,,,,,,,,,,,
2383,V1,V2,V3,V5,V5,V6,V5,V5,V5,V6,V6,L1,,,,,,,,,,,,,,,,,,
2384,V1,V3,V4,V4,V4,V6,L1,,,,,,,,,,,,,,,,,,,,,,,
2385,V1,V2,L2,,,,,,,,,,,,,,,,,,,,,,,,,,,
2386,V1,V3,V3,L2,,,,,,,,,,,,,,,,,,,,,,,,,,
2387,V1,V3,V5,V5,V5,V4,V4,L2,,,,,,,,,,,,,,,,,,,,,,
2388,V1,V3,V4,V5,V5,V5,V6,V6,L1,,,,,,,,,,,,,,,,,,,,,
2389,V1,V2,V4,V5,V6,V6,V6,L1,,,,,,,,,,,,,,,,,,,,,,
2390,V1,V2,V2,V2,V3,V5,V6,V6,V6,L1,,,,,,,,,,,,,,,,,,,,
2391,V1,V3,V5,V6,V6,L1,,,,,,,,,,,,,,,,,,,,,,,,
2392,V1,V3,V4,V4,V5,V6,V6,V6,V6,L1,,,,,,,,,,,,,,,,,,,,
2393,V1,V2,V2,V2,V3,V3,V3,V4,V4,V4,V4,V4,V5,V5,V5,V6,V6,V6,L1,,,,,,,,,,,
2394,V1,V2,V3,V5,V6,V6,V6,V6,V6,V6,V6,V6,V6,L1,,,,,,,,,,,,,,,,
2395,V1,V3,V3,V5,V5,V5,V5,V5,L2,,,,,,,,,,,,,,,,,,,,,
2396,V1,V2,V4,V6,V5,V5,V5,V5,V5,V5,V6,V6,V5,V5,V6,V5,V5,V5,V6,V6,V6,V6,L1,,,,,,,
2397,V1,V2,V5,V5,V5,V5,V5,V5,V6,V6,V6,V6,L1,,,,,,,,,,,,,,,,,
2398,V1,V2,V5,V5,V5,V5,V5,V6,L1,,,,,,,,,,,,,,,,,,,,,
2399,V1,V1,V2,V3,V4,V4,L2,,,,,,,,,,,,,,,,,,,,,,,
2400,V1,V3,V4,V4,L2,,,,,,,,,,,,,,,,,,,,,,,,,
2401,V1,L2,,,,,,,,,,,,,,,,,,,,,,,,,,,,
2402,V1,V3,V3,V5,V5,V5,V6,V6,V6,V6,V6,V6,V6,L1,,,,,,,,,,,,,,,,
2403,V1,L2,,,,,,,,,,,,,,,,,,,,,,,,,,,,
2404,V1,V2,V2,V5,V6,L1,,,,,,,,,,,,,,,,,,,,,,,,
2405,V1,V4,V5,L2,,,,,,,,,,,,,,,,,,,,,,,,,,
2406,V1,V2,V3,V4,V4,V6,L1,,,,,,,,,,,,,,,,,,,,,,,
2407,V1,V3,V5,V6,V6,V6,V6,L1,,,,,,,,,,,,,,,,,,,,,,
2408,V1,V3,V5,V5,V5,V5,V6,V6,V6,V5,V6,V6,V6,V6,V6,L1,,,,,,,,,,,,,,
2409,V1,V4,V5,L2,,,,,,,,,,,,,,,,,,,,,,,,,,
2410,V1,V2,V3,V5,V6,L1,,,,,,,,,,,,,,,,,,,,,,,,
2411,V1,V3,V4,V6,V6,V6,V6,V6,L1,,,,,,,,,,,,,,,,,,,,,
2412,V1,V2,V3,L2,,,,,,,,,,,,,,,,,,,,,,,,,,
2413,V1,V2,V2,V2,V4,V4,V6,V6,V6,L1,,,,,,,,,,,,,,,,,,,,
2414,V1,V1,V1,V2,V2,V3,V4,V6,V6,V6,L1,,,,,,,,,,,,,,,,,,,
2415,V1,V2,V3,V3,V5,V5,V5,V5,L2,,,,,,,,,,,,,,,,,,,,,
2416,V1,V2,L2,,,,,,,,,,,,,,,,,,,,,,,,,,,
2417,V1,V2,V4,V5,V4,V4,V5,V4,V5,V5,V6,L1,,,,,,,,,,,,,,,,,,
2418,V1,V3,V4,V4,V5,V6,V6,L1,,,,,,,,,,,,,,,,,,,,,,
2419,V1,V2,V3,V4,L2,,,,,,,,,,,,,,,,,,,,,,,,,
2420,V1,V2,V3,L2,,,,,,,,,,,,,,,,,,,,,,,,,,
2421,V1,V2,V2,V3,V4,V5,V5,L2,,,,,,,,,,,,,,,,,,,,,,
2422,V1,V1,V2,V2,V4,L2,,,,,,,,,,,,,,,,,,,,,,,,
2423,V1,V2,V2,V4,V4,V6,V6,V6,V6,V6,V6,V6,V6,V6,V6,L1,,,,,,,,,,,,,,
2424,V1,V2,V4,V5,V6,V6,V6,V6,V6,V6,V6,V6,L1,,,,,,,,,,,,,,,,,
2425,V1,V2,V2,V2,V3,V5,V6,V6,V6,V6,V6,V6,V6,V6,V6,V6,L1,,,,,,,,,,,,,
2426,V1,V2,V3,V5,V5,V5,V4,V6,V6,L1,,,,,,,,,,,,,,,,,,,,
2427,V1,V2,V5,V5,V5,V5,V5,V5,V5,L2,,,,,,,,,,,,,,,,,,,,
2428,V1,V3,V5,V5,V5,V5,V6,L1,,,,,,,,,,,,,,,,,,,,,,
2429,V1,V1,V4,L2,,,,,,,,,,,,,,,,,,,,,,,,,,
2430,V1,V2,V3,V4,L2,,,,,,,,,,,,,,,,,,,,,,,,,
2431,V1,V4,V5,V6,V5,V5,V6,V6,V6,V6,L1,,,,,,,,,,,,,,,,,,,
2432,V1,V2,L2,,,,,,,,,,,,,,,,,,,,,,,,,,,
2433,V1,L2,,,,,,,,,,,,,,,,,,,,,,,,,,,,
2434,V1,V2,V3,L2,,,,,,,,,,,,,,,,,,,,,,,,,,
2435,V1,V2,V2,V5,V5,V6,V5,V5,V5,V5,V5,V6,L1,,,,,,,,,,,,,,,,,
2436,V1,V2,V5,V5,V5,V5,L2,,,,,,,,,,,,,,,,,,,,,,,
2437,V1,V2,L2,,,,,,,,,,,,,,,,,,,,,,,,,,,
2438,V1,V1,V3,V5,V5,V6,V6,V6,V6,V6,L1,,,,,,,,,,,,,,,,,,,
2439,V1,V3,V5,V6,V6,L1,,,,,,,,,,,,,,,,,,,,,,,,
2440,V1,V1,V4,V4,V4,V4,V6,L1,,,,,,,,,,,,,,,,,,,,,,
2441,V1,V2,V3,V4,V4,V4,V4,V5,V4,V4,V5,V6,V6,V6,V6,L1,,,,,,,,,,,,,,
2442,V1,V2,V3,V4,L2,,,,,,,,,,,,,,,,,,,,,,,,,
2443,V1,V2,V3,V3,V4,V5,V5,V5,V5,V5,V6,V6,V6,V6,V6,V6,V6,V6,L1,,,,,,,,,,,
2444,V1,V3,V4,V5,V6,V6,V6,V6,L1,,,,,,,,,,,,,,,,,,,,,
2445,V1,V2,V2,V3,L2,,,,,,,,,,,,,,,,,,,,,,,,,
2446,V1,V4,V5,V5,L2,,,,,,,,,,,,,,,,,,,,,,,,,
2447,V1,V3,V5,V6,V6,L1,,,,,,,,,,,,,,,,,,,,,,,,
2448,V1,V2,V5,V5,V6,V6,L1,,,,,,,,,,,,,,,,,,,,,,,
2449,V1,V2,V4,V4,V5,V5,V5,V5,V6,L1,,,,,,,,,,,,,,,,,,,,
2450,V1,V2,V2,V3,V3,V5,V5,V6,V5,L2,,,,,,,,,,,,,,,,,,,,
2451,V1,V2,V5,V5,V6,V6,V6,V5,V5,V6,L1,,,,,,,,,,,,,,,,,,,
2452,V1,V1,V2,V4,V4,V4,V5,V5,V5,L2,,,,,,,,,,,,,,,,,,,,
2453,V1,V3,L2,,,,,,,,,,,,,,,,,,,,,,,,,,,
2454,V1,V3,V3,V3,V4,V5,V6,L1,,,,,,,,,,,,,,,,,,,,,,
2455,V1,V2,V2,V2,V4,V4,V5,V6,V6,V6,V6,V6,V6,V6,L1,,,,,,,,,,,,,,,
2456,V1,V3,V5,V5,V5,V6,V6,V5,V5,V6,V6,L1,,,,,,,,,,,,,,,,,,
2457,V1,V2,V4,V4,V5,V5,V5,V6,V6,V6,V5,V5,V5,V5,V4,V4,V5,L2,,,,,,,,,,,,
2458,V1,V4,V5,V4,V4,V4,V4,V6,L1,,,,,,,,,,,,,,,,,,,,,
2459,V1,V2,V3,V5,V5,V5,V5,V5,V5,V5,V6,L1,,,,,,,,,,,,,,,,,,
2460,V1,V2,V4,V5,V6,V5,V5,V5,V6,V6,V6,V6,V6,V6,V6,V6,L1,,,,,,,,,,,,,
2461,V1,V1,V3,V4,V6,V6,L1,,,,,,,,,,,,,,,,,,,,,,,
2462,V1,V2,V2,V2,V5,V5,V5,V5,V5,V6,V6,V6,V6,L1,,,,,,,,,,,,,,,,
2463,V1,V2,V4,V5,V5,V6,L1,,,,,,,,,,,,,,,,,,,,,,,
2464,V1,V2,V5,V5,V5,V5,V5,V6,V6,V6,L1,,,,,,,,,,,,,,,,,,,
2465,V1,L2,,,,,,,,,,,,,,,,,,,,,,,,,,,,
2466,V1,V2,V2,V3,V3,V5,V5,V6,V6,V6,V6,V6,V6,L1,,,,,,,,,,,,,,,,
2467,V1,V2,V2,V3,V5,V5,V4,L2,,,,,,,,,,,,,,,,,,,,,,
2468,V1,V4,V4,L2,,,,,,,,,,,,,,,,,,,,,,,,,,
2469,V1,V2,V2,V2,V5,V6,L1,,,,,,,,,,,,,,,,,,,,,,,
2470,V1,V2,V2,V2,V3,V5,V6,V6,V6,V6,V6,V6,V5,V5,V5,V5,V5,V6,V6,L1,,,,,,,,,,
2471,V1,V2,L2,,,,,,,,,,,,,,,,,,,,,,,,,,,
2472,V1,V4,L2,,,,,,,,,,,,,,,,,,,,,,,,,,,
2473,V1,V2,V5,V5,V5,V5,V5,V5,V6,V6,V6,V6,V6,L1,,,,,,,,,,,,,,,,
2474,V1,V3,V5,V4,L2,,,,,,,,,,,,,,,,,,,,,,,,,
2475,V1,V3,L2,,,,,,,,,,,,,,,,,,,,,,,,,,,
2476,V1,V1,V2,V2,V5,V6,V6,V5,V6,L1,,,,,,,,,,,,,,,,,,,,
2477,V1,V2,V3,V5,V5,V4,V6,V6,L1,,,,,,,,,,,,,,,,,,,,,
2478,V1,V4,V4,V5,V5,V5,V6,V6,V6,L1,,,,,,,,,,,,,,,,,,,,
2479,V1,V1,V2,V3,V4,L2,,,,,,,,,,,,,,,,,,,,,,,,
2480,V1,V3,V4,L2,,,,,,,,,,,,,,,,,,,,,,,,,,
2481,V1,V1,V2,V3,V5,V5,V6,V6,V6,L1,,,,,,,,,,,,,,,,,,,,
2482,V1,V2,V3,V5,L2,,,,,,,,,,,,,,,,,,,,,,,,,
2483,V1,V2,V2,V3,V3,V3,V5,V5,V6,V6,V6,L1,,,,,,,,,,,,,,,,,,
2484,V1,V3,V4,V6,V6,V6,V6,L1,,,,,,,,,,,,,,,,,,,,,,
2485,V1,V1,V2,V4,V4,V4,V5,V6,V6,V6,L1,,,,,,,,,,,,,,,,,,,
2486,V1,V2,V5,V6,V6,V6,L1,,,,,,,,,,,,,,,,,,,,,,,
2487,V1,V2,V4,V6,V6,L1,,,,,,,,,,,,,,,,,,,,,,,,
2488,V1,V2,V5,L2,,,,,,,,,,,,,,,,,,,,,,,,,,
2489,V1,V3,V5,V4,V4,V4,V5,V5,V6,L1,,,,,,,,,,,,,,,,,,,,
2490,V1,V3,V4,V4,V4,L2,,,,,,,,,,,,,,,,,,,,,,,,
2491,V1,V2,V2,V3,V4,V4,V4,V5,V4,V5,V5,V6,L1,,,,,,,,,,,,,,,,,
2492,V1,V2,V2,V2,V2,V3,V4,L2,,,,,,,,,,,,,,,,,,,,,,
2493,V1,V2,V2,V2,V4,V5,V5,V5,V4,V4,V4,V5,V5,V5,V6,V6,V6,V6,V6,V6,V6,L1,,,,,,,,
2494,V1,V3,V5,V5,V5,V5,V6,V6,V6,V6,V6,V6,V6,V6,V6,L1,,,,,,,,,,,,,,
2495,V1,V2,V4,V5,V5,V5,L2,,,,,,,,,,,,,,,,,,,,,,,
2496,V1,V3,V3,V4,V4,V6,L1,,,,,,,,,,,,,,,,,,,,,,,
2497,V1,V2,V3,V4,V5,V5,V6,L1,,,,,,,,,,,,,,,,,,,,,,
2498,V1,V2,V2,V3,V4,V4,V5,V5,V6,L1,,,,,,,,,,,,,,,,,,,,
2499,V1,V2,V4,V4,L2,,,,,,,,,,,,,,,,,,,,,,,,,
2500,V1,V4,V4,L2,,,,,,,,,,,,,,,,,,,,,,,,,,
2501,V1,V2,V2,V2,V2,V5,V5,V6,V6,L1,,,,,,,,,,,,,,,,,,,,
2502,V1,V1,V2,V2,V3,V5,V6,V6,V6,V6,V6,V6,L1,,,,,,,,,,,,,,,,,
2503,V1,V4,L2,,,,,,,,,,,,,,,,,,,,,,,,,,,
2504,V1,V2,V2,V5,V6,V6,L1,,,,,,,,,,,,,,,,,,,,,,,
2505,V1,V2,V5,V6,V6,V6,V6,V6,L1,,,,,,,,,,,,,,,,,,,,,
2506,V1,V2,V5,V6,V6,L1,,,,,,,,,,,,,,,,,,,,,,,,
2507,V1,V2,V4,V4,V5,L2,,,,,,,,,,,,,,,,,,,,,,,,
2508,V1,V3,V5,V5,V5,V5,V6,L1,,,,,,,,,,,,,,,,,,,,,,
2509,V1,V1,V2,V3,V5,V5,V5,V6,L1,,,,,,,,,,,,,,,,,,,,,
2510,V1,V2,V3,V3,V4,V4,L2,,,,,,,,,,,,,,,,,,,,,,,
2511,V1,V4,V4,L2,,,,,,,,,,,,,,,,,,,,,,,,,,
2512,V1,V2,V3,V5,V5,V5,V6,V6,V6,V6,L1,,,,,,,,,,,,,,,,,,,
2513,V1,V3,V5,V5,V6,V6,V6,V6,L1,,,,,,,,,,,,,,,,,,,,,
2514,V1,V1,V2,V3,V3,V3,V3,L2,,,,,,,,,,,,,,,,,,,,,,
2515,V1,V1,V3,V5,V5,V5,V5,V5,V5,V5,V6,V6,L1,,,,,,,,,,,,,,,,,
2516,V1,L2,,,,,,,,,,,,,,,,,,,,,,,,,,,,
2517,V1,V2,V3,V5,V4,L2,,,,,,,,,,,,,,,,,,,,,,,,
2518,V1,V4,V5,V5,V5,V6,L1,,,,,,,,,,,,,,,,,,,,,,,
2519,V1,V2,V3,V3,V5,L2,,,,,,,,,,,,,,,,,,,,,,,,
2520,V1,V2,V5,V5,V6,V6,V6,V6,V6,L1,,,,,,,,,,,,,,,,,,,,
2521,V1,V2,V5,V5,V6,V6,V6,L1,,,,,,,,,,,,,,,,,,,,,,
2522,V1,V3,L2,,,,,,,,,,,,,,,,,,,,,,,,,,,
2523,V1,V1,V2,V3,V3,V4,V5,V6,V6,L1,,,,,,,,,,,,,,,,,,,,
2524,V1,V2,V2,V2,V2,V2,V2,V5,V6,V6,V6,L1,,,,,,,,,,,,,,,,,,
2525,V1,V4,V5,V6,L1,,,,,,,,,,,,,,,,,,,,,,,,,
2526,V1,V2,V2,V3,V4,L2,,,,,,,,,,,,,,,,,,,,,,,,
2527,V1,V2,V5,L2,,,,,,,,,,,,,,,,,,,,,,,,,,
2528,V1,V2,V2,V3,V5,V6,V6,V5,V5,V6,V6,L1,,,,,,,,,,,,,,,,,,
2529,V1,V2,V3,V5,V5,V6,V6,V6,L1,,,,,,,,,,,,,,,,,,,,,
2530,V1,V2,V2,V3,V3,V5,V4,V5,V6,V5,V6,V6,V6,V6,V6,V6,V6,V6,V6,V6,V6,L1,,,,,,,,
2531,V1,V4,L2,,,,,,,,,,,,,,,,,,,,,,,,,,,
2532,V1,L2,,,,,,,,,,,,,,,,,,,,,,,,,,,,
2533,V1,V2,V5,V6,V6,V6,V6,V6,V6,L1,,,,,,,,,,,,,,,,,,,,
2534,V1,L2,,,,,,,,,,,,,,,,,,,,,,,,,,,,
2535,V1,V3,V3,V5,V4,V4,V4,V4,V4,V4,L2,,,,,,,,,,,,,,,,,,,
2536,V1,V2,V2,V3,V5,V5,V5,V5,L2,,,,,,,,,,,,,,,,,,,,,
2537,V1,V3,V5,V6,V6,V6,V6,L1,,,,,,,,,,,,,,,,,,,,,,
2538,V1,L2,,,,,,,,,,,,,,,,,,,,,,,,,,,,
2539,V1,V2,V2,V2,V3,V5,V5,V5,V6,V6,L1,,,,,,,,,,,,,,,,,,,
2540,V1,V3,V4,V4,V5,V5,V5,V5,V5,V5,V5,V6,V6,V6,V6,V6,V6,V6,V6,V6,V6,V5,V5,V5,V5,V6,V6,V6,L1,
2541,V1,V2,L2,,,,,,,,,,,,,,,,,,,,,,,,,,,
2542,V1,V2,V4,V5,V6,V5,V6,V6,V6,V6,L1,,,,,,,,,,,,,,,,,,,
2543,V1,V2,V2,V2,V5,V6,V6,L1,,,,,,,,,,,,,,,,,,,,,,
2544,V1,V3,V3,V4,V4,V5,V5,V6,V6,V6,L1,,,,,,,,,,,,,,,,,,,
2545,V1,V3,L2,,,,,,,,,,,,,,,,,,,,,,,,,,,
2546,V1,V2,V3,V5,V6,L1,,,,,,,,,,,,,,,,,,,,,,,,
2547,V1,V2,V2,V5,V4,V4,V4,V4,L2,,,,,,,,,,,,,,,,,,,,,
2548,V1,V2,V2,V3,V5,V6,V6,V6,V6,V6,V6,V6,V6,V6,V6,V6,V6,V6,V6,V6,V6,V6,V6,L1,,,,,,
2549,V1,V1,V2,V2,V3,L2,,,,,,,,,,,,,,,,,,,,,,,,
2550,V1,V3,V4,L2,,,,,,,,,,,,,,,,,,,,,,,,,,
2551,V1,V3,V3,V4,V4,V5,V6,V6,V6,V6,V6,L1,,,,,,,,,,,,,,,,,,
2552,V1,V4,V5,V5,V6,V6,V6,V6,V6,V5,V5,V5,V5,V5,V5,V5,V5,V5,V5,V5,V6,V6,L1,,,,,,,
2553,V1,V3,V4,V4,V5,V6,L1,,,,,,,,,,,,,,,,,,,,,,,
2554,V1,L2,,,,,,,,,,,,,,,,,,,,,,,,,,,,
2555,V1,V3,L2,,,,,,,,,,,,,,,,,,,,,,,,,,,
2556,V1,V2,V2,V4,V4,V4,L2,,,,,,,,,,,,,,,,,,,,,,,
2557,V1,L2,,,,,,,,,,,,,,,,,,,,,,,,,,,,
2558,V1,V2,V3,V5,V6,L1,,,,,,,,,,,,,,,,,,,,,,,,
2559,V1,V2,V3,V5,V5,V6,L1,,,,,,,,,,,,,,,,,,,,,,,
2560,V1,V3,V5,V5,V5,V6,L1,,,,,,,,,,,,,,,,,,,,,,,
2561,V1,V2,V2,V5,L2,,,,,,,,,,,,,,,,,,,,,,,,,
2562,V1,V2,V5,L2,,,,,,,,,,,,,,,,,,,,,,,,,,
2563,V1,V2,V4,V4,V5,V6,V6,V6,L1,,,,,,,,,,,,,,,,,,,,,
2564,V1,V1,V2,V2,V2,V3,V4,V4,V4,V5,V6,V6,V6,V6,V6,L1,,,,,,,,,,,,,,
2565,V1,V1,V1,V2,V2,V5,V5,V5,L2,,,,,,,,,,,,,,,,,,,,,
2566,V1,V2,V2,V5,V5,V5,V6,L1,,,,,,,,,,,,,,,,,,,,,,
2567,V1,V4,L2,,,,,,,,,,,,,,,,,,,,,,,,,,,
2568,V1,V4,V5,V5,V5,V6,V6,V6,L1,,,,,,,,,,,,,,,,,,,,,
2569,V1,V2,V5,V6,L1,,,,,,,,,,,,,,,,,,,,,,,,,
2570,V1,V2,V3,V4,V4,V4,V4,L2,,,,,,,,,,,,,,,,,,,,,,
2571,V1,V1,V3,V4,L2,,,,,,,,,,,,,,,,,,,,,,,,,
2572,V1,V3,V4,V6,V6,V5,V5,V5,V5,V5,V6,V6,V6,L1,,,,,,,,,,,,,,,,
2573,V1,V3,V4,V4,V6,V6,L1,,,,,,,,,,,,,,,,,,,,,,,
2574,V1,V2,V3,V3,V4,L2,,,,,,,,,,,,,,,,,,,,,,,,
2575,V1,V3,V4,V5,V6,V6,V6,V6,V5,V5,V5,V5,V5,L2,,,,,,,,,,,,,,,,
2576,V1,V3,V4,V4,V6,V6,V6,L1,,,,,,,,,,,,,,,,,,,,,,
2577,V1,V1,V2,V2,V3,L2,,,,,,,,,,,,,,,,,,,,,,,,
2578,V1,V2,V3,V5,V5,V5,V5,V5,V5,V6,V6,L1,,,,,,,,,,,,,,,,,,
2579,V1,L2,,,,,,,,,,,,,,,,,,,,,,,,,,,,
2580,V1,V3,V3,V3,V4,V4,V5,V5,V5,V5,V6,V6,V6,V6,L1,,,,,,,,,,,,,,,
2581,V1,V3,V3,V5,V6,L1,,,,,,,,,,,,,,,,,,,,,,,,
2582,V1,V2,V2,V3,V4,V4,V6,V5,V6,V6,V6,V5,V5,V6,V6,L1,,,,,,,,,,,,,,
2583,V1,V3,V4,V4,V4,L2,,,,,,,,,,,,,,,,,,,,,,,,
2584,V1,V3,L2,,,,,,,,,,,,,,,,,,,,,,,,,,,
2585,V1,V3,V3,V3,V4,V6,V6,L1,,,,,,,,,,,,,,,,,,,,,,
2586,V1,V4,V5,V5,L2,,,,,,,,,,,,,,,,,,,,,,,,,
2587,V1,V2,V2,V4,V5,V5,V5,V6,L1,,,,,,,,,,,,,,,,,,,,,
2588,V1,L2,,,,,,,,,,,,,,,,,,,,,,,,,,,,
2589,V1,V2,V2,V3,V5,V6,V6,L1,,,,,,,,,,,,,,,,,,,,,,
2590,V1,V4,L2,,,,,,,,,,,,,,,,,,,,,,,,,,,
2591,V1,V2,V5,L2,,,,,,,,,,,,,,,,,,,,,,,,,,
2592,V1,V2,V2,V5,V6,V6,V6,V6,V6,V6,V6,V6,V6,V6,V6,V6,V6,L1,,,,,,,,,,,,
2593,V1,V2,V4,L2,,,,,,,,,,,,,,,,,,,,,,,,,,
2594,V1,V2,V5,V5,V6,L1,,,,,,,,,,,,,,,,,,,,,,,,
2595,V1,V2,V2,V3,V3,V4,V5,L2,,,,,,,,,,,,,,,,,,,,,,
2596,V1,V2,V4,V5,V6,V6,V6,L1,,,,,,,,,,,,,,,,,,,,,,
2597,V1,V2,V2,V3,V3,V5,V6,V6,V6,V5,V5,L2,,,,,,,,,,,,,,,,,,
2598,V1,V2,V3,V4,V6,L1,,,,,,,,,,,,,,,,,,,,,,,,
2599,V1,V3,V4,V6,V6,L1,,,,,,,,,,,,,,,,,,,,,,,,
2600,V1,V2,V5,V6,V6,V6,V6,V6,L1,,,,,,,,,,,,,,,,,,,,,
2601,V1,V2,V5,V5,V5,V6,V6,L1,,,,,,,,,,,,,,,,,,,,,,
2602,V1,V3,V4,L2,,,,,,,,,,,,,,,,,,,,,,,,,,
2603,V1,V2,V5,V5,V5,V6,V6,L1,,,,,,,,,,,,,,,,,,,,,,
2604,V1,V3,V3,V4,V4,V4,V6,V6,L1,,,,,,,,,,,,,,,,,,,,,
2605,V1,V3,V4,V4,L2,,,,,,,,,,,,,,,,,,,,,,,,,
2606,V1,V1,V2,V2,L2,,,,,,,,,,,,,,,,,,,,,,,,,
2607,V1,V4,V4,V4,V4,V4,V4,V4,V4,V5,V5,V5,V5,V5,V5,V6,V6,V6,V6,V6,L1,,,,,,,,,
2608,V1,V2,V3,V3,V4,V4,V4,V5,V6,V6,L1,,,,,,,,,,,,,,,,,,,
2609,V1,V1,V2,V2,V5,V5,V5,V5,V5,V5,V4,V4,V4,V4,V4,L2,,,,,,,,,,,,,,
2610,V1,V2,V2,V5,V6,V6,L1,,,,,,,,,,,,,,,,,,,,,,,
2611,V1,V2,V3,L2,,,,,,,,,,,,,,,,,,,,,,,,,,
2612,V1,V1,V2,V5,V5,V6,V6,V6,V6,L1,,,,,,,,,,,,,,,,,,,,
2613,V1,V3,V5,V6,V6,V6,V6,L1,,,,,,,,,,,,,,,,,,,,,,
2614,V1,V1,V4,V4,V4,V5,V5,V5,V5,V6,V6,L1,,,,,,,,,,,,,,,,,,
2615,V1,V4,V4,V5,V6,V6,L1,,,,,,,,,,,,,,,,,,,,,,,
2616,V1,V3,V5,V4,V4,V5,V5,V6,V6,V6,V5,V6,V6,V6,V6,V6,L1,,,,,,,,,,,,,
2617,V1,V2,V3,V4,L2,,,,,,,,,,,,,,,,,,,,,,,,,
2618,V1,V3,V3,V5,V5,V6,V6,V6,L1,,,,,,,,,,,,,,,,,,,,,
2619,V1,V1,V3,V4,L2,,,,,,,,,,,,,,,,,,,,,,,,,
2620,V1,V3,V4,V6,L1,,,,,,,,,,,,,,,,,,,,,,,,,
2621,V1,V3,V5,V6,V6,L1,,,,,,,,,,,,,,,,,,,,,,,,
2622,V1,V2,V4,V4,V5,V6,V6,V6,V6,V6,V6,L1,,,,,,,,,,,,,,,,,,
2623,V1,V3,V4,L2,,,,,,,,,,,,,,,,,,,,,,,,,,
2624,V1,L2,,,,,,,,,,,,,,,,,,,,,,,,,,,,
2625,V1,V2,V4,V4,V5,V5,V6,V6,V6,V6,V6,V6,V6,V6,V6,V6,V6,L1,,,,,,,,,,,,
2626,V1,V2,V3,L2,,,,,,,,,,,,,,,,,,,,,,,,,,
2627,V1,V2,V3,V4,V5,V5,V5,V5,V6,V6,V6,V6,V6,V6,V6,V6,L1,,,,,,,,,,,,,
2628,V1,V1,V2,L2,,,,,,,,,,,,,,,,,,,,,,,,,,
2629,V1,V2,V2,V5,V5,V4,V4,L2,,,,,,,,,,,,,,,,,,,,,,
2630,V1,L2,,,,,,,,,,,,,,,,,,,,,,,,,,,,
2631,V1,V4,V4,V5,V5,V5,V5,V6,L1,,,,,,,,,,,,,,,,,,,,,
2632,V1,V2,V3,V4,V6,L1,,,,,,,,,,,,,,,,,,,,,,,,
2633,V1,V2,V5,V6,V6,V6,V6,V6,L1,,,,,,,,,,,,,,,,,,,,,
2634,V1,V2,V5,V6,L1,,,,,,,,,,,,,,,,,,,,,,,,,
2635,V1,V2,V3,V5,V6,V6,L1,,,,,,,,,,,,,,,,,,,,,,,
2636,V1,V2,L2,,,,,,,,,,,,,,,,,,,,,,,,,,,
2637,V1,V4,V4,V4,V5,V6,V6,V5,V5,V5,V6,V6,V6,V6,V6,L1,,,,,,,,,,,,,,
2638,V1,V4,V5,V5,V6,V6,V6,V6,V6,L1,,,,,,,,,,,,,,,,,,,,
2639,V1,V3,V5,V6,V6,V6,L1,,,,,,,,,,,,,,,,,,,,,,,
2640,V1,V3,V3,V4,L2,,,,,,,,,,,,,,,,,,,,,,,,,
2641,V1,V4,V5,V5,V6,V5,V4,V4,L2,,,,,,,,,,,,,,,,,,,,,
2642,V1,V3,V3,V4,L2,,,,,,,,,,,,,,,,,,,,,,,,,
2643,V1,V1,V4,V5,V6,V6,V6,V6,V6,V6,V6,V5,V5,V5,L2,,,,,,,,,,,,,,,
2644,V1,V2,V2,V2,V3,V4,V5,V5,V5,V6,V6,V6,V6,V6,V6,V6,V6,V6,V6,L1,,,,,,,,,,
2645,V1,L2,,,,,,,,,,,,,,,,,,,,,,,,,,,,
2646,V1,V1,V1,V3,V5,V5,V5,V5,V5,V5,V5,V4,V4,V4,V4,V4,V4,V4,V4,V6,L1,,,,,,,,,
2647,V1,V2,V5,V5,V6,V6,V6,V6,V6,V6,V6,V6,L1,,,,,,,,,,,,,,,,,
2648,V1,V2,V2,V3,V3,V3,V5,V5,V5,V5,L2,,,,,,,,,,,,,,,,,,,
2649,V1,V4,V4,V5,V5,V6,V6,V6,V6,L1,,,,,,,,,,,,,,,,,,,,
2650,V1,V2,V3,L2,,,,,,,,,,,,,,,,,,,,,,,,,,
2651,V1,V2,V3,V4,V5,V5,V5,V6,V6,L1,,,,,,,,,,,,,,,,,,,,
2652,V1,V2,V3,L2,,,,,,,,,,,,,,,,,,,,,,,,,,
2653,V1,V3,V5,V6,L1,,,,,,,,,,,,,,,,,,,,,,,,,
2654,V1,V2,V5,V5,V6,V6,L1,,,,,,,,,,,,,,,,,,,,,,,
2655,V1,V2,V2,V5,V5,V5,V5,V5,V6,L1,,,,,,,,,,,,,,,,,,,,
2656,V1,L2,,,,,,,,,,,,,,,,,,,,,,,,,,,,
2657,V1,V2,V3,V4,V5,V5,V6,V6,V6,V6,V6,V6,V6,V6,V6,L1,,,,,,,,,,,,,,
2658,V1,V4,V4,L2,,,,,,,,,,,,,,,,,,,,,,,,,,
2659,V1,V2,V3,V3,V3,V5,V5,V5,V6,V6,L1,,,,,,,,,,,,,,,,,,,
2660,V1,V2,V3,V5,V5,V5,V5,V5,V5,V5,L2,,,,,,,,,,,,,,,,,,,
2661,V1,V3,V4,L2,,,,,,,,,,,,,,,,,,,,,,,,,,
2662,V1,V3,V3,L2,,,,,,,,,,,,,,,,,,,,,,,,,,
2663,V1,V3,V5,L2,,,,,,,,,,,,,,,,,,,,,,,,,,
2664,V1,V2,V5,V5,V6,L1,,,,,,,,,,,,,,,,,,,,,,,,
2665,V1,V4,V4,V4,L2,,,,,,,,,,,,,,,,,,,,,,,,,
2666,V1,V4,V4,V4,V4,V5,V5,V6,L1,,,,,,,,,,,,,,,,,,,,,
2667,V1,V2,V3,V5,V4,V4,V4,V4,V4,L2,,,,,,,,,,,,,,,,,,,,
2668,V1,L2,,,,,,,,,,,,,,,,,,,,,,,,,,,,
2669,V1,V3,V5,V5,V6,V6,V6,V6,L1,,,,,,,,,,,,,,,,,,,,,
2670,V1,V3,V4,V5,V5,V6,V6,V6,V6,V6,V6,V6,V6,V6,L1,,,,,,,,,,,,,,,
2671,V1,V1,V3,V4,V6,V6,V6,V6,L1,,,,,,,,,,,,,,,,,,,,,
2672,V1,V2,V3,V4,V4,V4,L2,,,,,,,,,,,,,,,,,,,,,,,
2673,V1,V2,V5,V6,V6,L1,,,,,,,,,,,,,,,,,,,,,,,,
2674,V1,V1,L2,,,,,,,,,,,,,,,,,,,,,,,,,,,
2675,V1,V2,V2,V2,V3,V4,L2,,,,,,,,,,,,,,,,,,,,,,,
2676,V1,V2,V2,L2,,,,,,,,,,,,,,,,,,,,,,,,,,
2677,V1,V2,V5,V6,V5,V5,V5,V5,V5,V5,V5,V6,V6,L1,,,,,,,,,,,,,,,,
2678,V1,L2,,,,,,,,,,,,,,,,,,,,,,,,,,,,
2679,V1,V3,V3,V5,V6,V5,V5,V5,V6,L1,,,,,,,,,,,,,,,,,,,,
2680,V1,V2,V2,V5,L2,,,,,,,,,,,,,,,,,,,,,,,,,
2681,V1,V3,V5,V6,L1,,,,,,,,,,,,,,,,,,,,,,,,,
2682,V1,V3,V5,V4,L2,,,,,,,,,,,,,,,,,,,,,,,,,
2683,V1,V1,V2,V2,V4,V4,V5,V5,V5,V5,V6,V6,L1,,,,,,,,,,,,,,,,,
2684,V1,V3,V4,V4,V6,V6,L1,,,,,,,,,,,,,,,,,,,,,,,
2685,V1,V2,V3,V4,V5,V5,V6,V6,L1,,,,,,,,,,,,,,,,,,,,,
2686,V1,V2,V3,V5,V6,V6,V6,L1,,,,,,,,,,,,,,,,,,,,,,
2687,V1,V2,V3,V4,V5,V5,V5,V5,V5,V5,V6,V6,L1,,,,,,,,,,,,,,,,,
2688,V1,V3,V5,V6,V6,V5,V5,V6,V6,L1,,,,,,,,,,,,,,,,,,,,
2689,V1,V2,V5,V5,V4,V4,V4,V5,V6,L1,,,,,,,,,,,,,,,,,,,,
2690,V1,V2,V4,L2,,,,,,,,,,,,,,,,,,,,,,,,,,
2691,V1,V2,V5,V6,V6,L1,,,,,,,,,,,,,,,,,,,,,,,,
2692,V1,V4,L2,,,,,,,,,,,,,,,,,,,,,,,,,,,
2693,V1,V2,V3,V5,V6,L1,,,,,,,,,,,,,,,,,,,,,,,,
2694,V1,V2,V4,L2,,,,,,,,,,,,,,,,,,,,,,,,,,
2695,V1,V2,V2,V3,V5,V5,V5,V5,V5,V6,V6,V6,V6,V5,V5,V6,V5,V6,V6,V6,V6,V6,V6,V6,V6,L1,,,,
2696,V1,V3,V5,V5,L2,,,,,,,,,,,,,,,,,,,,,,,,,
2697,V1,V2,V3,V3,V4,V4,V5,V6,V6,V6,V6,V6,V5,V5,V5,V5,V6,L1,,,,,,,,,,,,
2698,V1,V2,V5,V4,V4,V5,V5,V5,V5,V6,V6,V6,V5,V6,V6,L1,,,,,,,,,,,,,,
2699,V1,L2,,,,,,,,,,,,,,,,,,,,,,,,,,,,
2700,V1,V3,V5,V5,V6,L1,,,,,,,,,,,,,,,,,,,,,,,,
2701,V1,V4,V4,L2,,,,,,,,,,,,,,,,,,,,,,,,,,
2702,V1,V4,V5,V5,V6,V6,V6,L1,,,,,,,,,,,,,,,,,,,,,,
2703,V1,V2,V3,L2,,,,,,,,,,,,,,,,,,,,,,,,,,
2704,V1,V3,V4,V5,V5,V4,V4,V4,V4,V5,V6,V6,V6,L1,,,,,,,,,,,,,,,,
2705,V1,V2,V3,V5,L2,,,,,,,,,,,,,,,,,,,,,,,,,
2706,V1,V3,V4,V4,V5,V5,V6,V6,V6,L1,,,,,,,,,,,,,,,,,,,,
2707,V1,V2,V2,V3,V5,V5,V5,V5,V5,V6,V6,V6,L1,,,,,,,,,,,,,,,,,
2708,V1,V2,V3,V3,V5,V6,L1,,,,,,,,,,,,,,,,,,,,,,,
2709,V1,V2,V5,V5,L2,,,,,,,,,,,,,,,,,,,,,,,,,
2710,V1,V2,V3,L2,,,,,,,,,,,,,,,,,,,,,,,,,,
2711,V1,V3,V3,V3,V5,V5,V4,V4,V4,L2,,,,,,,,,,,,,,,,,,,,
2712,V1,V2,V2,V3,V5,V6,V5,V5,V5,V5,V6,L1,,,,,,,,,,,,,,,,,,
2713,V1,V2,V4,V4,L2,,,,,,,,,,,,,,,,,,,,,,,,,
2714,V1,V2,V2,V3,V5,V5,V6,V6,V5,V6,L1,,,,,,,,,,,,,,,,,,,
2715,V1,V3,V5,V5,V4,V4,V4,V5,V5,V6,V6,V6,V6,L1,,,,,,,,,,,,,,,,
2716,V1,V3,V4,V4,V5,V5,V6,V6,V6,V6,L1,,,,,,,,,,,,,,,,,,,
2717,V1,V3,V3,V5,V6,V6,V6,L1,,,,,,,,,,,,,,,,,,,,,,
2718,V1,V2,V3,V4,V4,V6,V6,V6,V6,V6,V6,V6,V6,V6,V6,L1,,,,,,,,,,,,,,
2719,V1,V2,V2,V3,V5,V4,V4,V6,V6,L1,,,,,,,,,,,,,,,,,,,,
2720,V1,V2,V5,V5,V6,L1,,,,,,,,,,,,,,,,,,,,,,,,
2721,V1,V2,V3,V3,V5,V5,V6,L1,,,,,,,,,,,,,,,,,,,,,,
2722,V1,V3,V4,L2,,,,,,,,,,,,,,,,,,,,,,,,,,
2723,V1,V2,V3,V4,V5,V6,L1,,,,,,,,,,,,,,,,,,,,,,,
2724,V1,V2,V3,V4,L2,,,,,,,,,,,,,,,,,,,,,,,,,
2725,V1,V2,V3,V3,V3,V4,V5,V5,V6,V6,L1,,,,,,,,,,,,,,,,,,,
2726,V1,V3,V3,V4,V4,V5,V5,V6,V6,V6,V6,V6,V6,V6,V6,L1,,,,,,,,,,,,,,
2727,V1,V4,V5,V5,V6,V6,V6,V6,V6,V6,V6,V6,V6,V6,L1,,,,,,,,,,,,,,,
2728,V1,V2,V2,V2,V5,V5,V5,V5,V5,V5,V5,V5,V5,V6,V6,L1,,,,,,,,,,,,,,
2729,V1,V2,V2,V4,V4,V4,V4,V4,L2,,,,,,,,,,,,,,,,,,,,,
2730,V1,V2,V2,V2,V2,V2,V2,V2,V5,V6,V6,V6,V6,V6,L1,,,,,,,,,,,,,,,
2731,V1,V1,V2,V2,V2,V2,V2,V5,V5,V6,V6,L1,,,,,,,,,,,,,,,,,,
2732,V1,L2,,,,,,,,,,,,,,,,,,,,,,,,,,,,
2733,V1,L2,,,,,,,,,,,,,,,,,,,,,,,,,,,,
2734,V1,V2,V5,V5,V5,L2,,,,,,,,,,,,,,,,,,,,,,,,
2735,V1,V2,V2,V2,V3,V5,V6,V6,V6,L1,,,,,,,,,,,,,,,,,,,,
2736,V1,V2,V3,V4,V4,V4,V5,V6,V6,V6,L1,,,,,,,,,,,,,,,,,,,
2737,V1,V2,V4,V4,V6,V6,V6,V6,L1,,,,,,,,,,,,,,,,,,,,,
2738,V1,V3,V5,V5,L2,,,,,,,,,,,,,,,,,,,,,,,,,
2739,V1,V1,V1,V2,V2,V2,V2,V2,V2,V4,V5,V6,V6,L1,,,,,,,,,,,,,,,,
2740,V1,L2,,,,,,,,,,,,,,,,,,,,,,,,,,,,
2741,V1,V2,V3,V5,V5,V5,V5,L2,,,,,,,,,,,,,,,,,,,,,,
2742,V1,V3,V5,V6,V6,V6,L1,,,,,,,,,,,,,,,,,,,,,,,
2743,V1,V4,V4,V4,V5,V6,L1,,,,,,,,,,,,,,,,,,,,,,,
2744,V1,L2,,,,,,,,,,,,,,,,,,,,,,,,,,,,
2745,V1,V2,V2,V3,V3,V5,V4,V4,L2,,,,,,,,,,,,,,,,,,,,,
2746,V1,V2,V4,V4,V5,V5,V6,V6,V6,L1,,,,,,,,,,,,,,,,,,,,
2747,V1,V2,V2,V3,V3,V5,V5,V6,V6,V6,V6,L1,,,,,,,,,,,,,,,,,,
2748,V1,V2,V3,V5,V6,V6,V6,L1,,,,,,,,,,,,,,,,,,,,,,
2749,V1,V2,V2,V2,V3,V4,V4,V4,V5,V6,V6,V6,L1,,,,,,,,,,,,,,,,,
2750,V1,V4,L2,,,,,,,,,,,,,,,,,,,,,,,,,,,
2751,V1,V2,V3,V4,V4,V4,V5,V5,V5,V5,V5,V6,V6,L1,,,,,,,,,,,,,,,,
2752,V1,V2,V3,V4,V6,V6,L1,,,,,,,,,,,,,,,,,,,,,,,
2753,V1,V2,V4,L2,,,,,,,,,,,,,,,,,,,,,,,,,,
2754,V1,V2,L2,,,,,,,,,,,,,,,,,,,,,,,,,,,
2755,V1,V4,L2,,,,,,,,,,,,,,,,,,,,,,,,,,,
2756,V1,V3,V4,V4,V5,V6,V6,L1,,,,,,,,,,,,,,,,,,,,,,
2757,V1,V3,V4,V4,V5,V6,L1,,,,,,,,,,,,,,,,,,,,,,,
2758,V1,V2,V5,V6,L1,,,,,,,,,,,,,,,,,,,,,,,,,
2759,V1,V2,V4,V5,V6,V6,V6,L1,,,,,,,,,,,,,,,,,,,,,,
2760,V1,V1,V1,V4,V5,V6,V6,V6,V6,V6,L1,,,,,,,,,,,,,,,,,,,
2761,V1,V2,V3,V5,V5,L2,,,,,,,,,,,,,,,,,,,,,,,,
2762,V1,V2,V3,V5,V5,V5,V6,L1,,,,,,,,,,,,,,,,,,,,,,
2763,V1,V2,V5,V5,L2,,,,,,,,,,,,,,,,,,,,,,,,,
2764,V1,V4,V4,V6,V6,L1,,,,,,,,,,,,,,,,,,,,,,,,
2765,V1,V4,V4,V4,V5,V5,V6,L1,,,,,,,,,,,,,,,,,,,,,,
2766,V1,V4,V4,V4,V5,V5,L2,,,,,,,,,,,,,,,,,,,,,,,
2767,V1,V3,V3,V5,V6,V6,V6,L1,,,,,,,,,,,,,,,,,,,,,,
2768,V1,V1,V2,V4,V4,L2,,,,,,,,,,,,,,,,,,,,,,,,
2769,V1,V2,V2,V2,V4,L2,,,,,,,,,,,,,,,,,,,,,,,,
2770,V1,L2,,,,,,,,,,,,,,,,,,,,,,,,,,,,
2771,V1,V2,V3,V5,V5,V5,V5,V6,V6,V6,V6,V6,L1,,,,,,,,,,,,,,,,,
2772,V1,V2,V3,V5,V5,V6,L1,,,,,,,,,,,,,,,,,,,,,,,
2773,V1,V2,V3,V4,L2,,,,,,,,,,,,,,,,,,,,,,,,,
2774,V1,V2,V3,V4,V5,V5,V5,V5,V5,V6,V6,V6,V6,V6,V6,L1,,,,,,,,,,,,,,
2775,V1,V2,V5,V6,V5,V4,L2,,,,,,,,,,,,,,,,,,,,,,,
2776,V1,V2,V5,V6,L1,,,,,,,,,,,,,,,,,,,,,,,,,
2777,V1,V4,V5,V5,V5,V6,L1,,,,,,,,,,,,,,,,,,,,,,,
2778,V1,V4,V5,V5,V6,V5,V6,V6,L1,,,,,,,,,,,,,,,,,,,,,
2779,V1,V3,L2,,,,,,,,,,,,,,,,,,,,,,,,,,,
2780,V1,V2,V3,V3,V4,V5,V6,L1,,,,,,,,,,,,,,,,,,,,,,
2781,V1,V2,V3,L2,,,,,,,,,,,,,,,,,,,,,,,,,,
2782,V1,V2,V2,V3,V3,V3,V4,V5,V5,V6,V6,V6,V6,V6,V6,V6,L1,,,,,,,,,,,,,
2783,V1,V2,V5,V5,V5,V6,L1,,,,,,,,,,,,,,,,,,,,,,,
2784,V1,V2,V4,V5,V5,V5,V5,V6,V6,V5,V5,V5,V6,V6,V6,V6,V6,L1,,,,,,,,,,,,
2785,V1,V3,V4,V5,V6,V6,L1,,,,,,,,,,,,,,,,,,,,,,,
2786,V1,V3,V5,V5,V5,V5,V5,V5,V5,V4,L2,,,,,,,,,,,,,,,,,,,
2787,V1,V4,L2,,,,,,,,,,,,,,,,,,,,,,,,,,,
2788,V1,V2,V5,V5,V4,L2,,,,,,,,,,,,,,,,,,,,,,,,
2789,V1,V2,V3,L2,,,,,,,,,,,,,,,,,,,,,,,,,,
2790,V1,V2,V3,V4,V4,V4,V5,V6,L1,,,,,,,,,,,,,,,,,,,,,
2791,V1,V2,V4,V4,L2,,,,,,,,,,,,,,,,,,,,,,,,,
2792,V1,V3,V4,V4,V4,V4,L2,,,,,,,,,,,,,,,,,,,,,,,
2793,V1,V2,V3,V5,V5,V6,V6,V6,V6,V6,V6,V6,V6,V6,V5,V5,V5,V5,V5,V6,V6,V6,V6,L1,,,,,,
2794,V1,V2,V4,V4,V4,V4,V4,V4,V4,V4,L2,,,,,,,,,,,,,,,,,,,
2795,V1,V3,V5,L2,,,,,,,,,,,,,,,,,,,,,,,,,,
2796,V1,V3,V5,V5,V5,V5,V6,L1,,,,,,,,,,,,,,,,,,,,,,
2797,V1,V1,V2,V2,V2,V3,V4,V6,V6,V5,V5,V5,V5,L2,,,,,,,,,,,,,,,,
2798,V1,V1,V1,V3,L2,,,,,,,,,,,,,,,,,,,,,,,,,
2799,V1,V2,V2,V2,V3,V3,V5,V5,V6,L1,,,,,,,,,,,,,,,,,,,,
2800,V1,V4,V4,V4,V4,V4,V5,V6,V6,V6,V6,V6,V6,V6,V6,V6,L1,,,,,,,,,,,,,
2801,V1,V3,V4,V5,V6,V6,V6,V6,V6,L1,,,,,,,,,,,,,,,,,,,,
2802,V1,V3,V3,V4,V4,L2,,,,,,,,,,,,,,,,,,,,,,,,
2803,V1,L2,,,,,,,,,,,,,,,,,,,,,,,,,,,,
2804,V1,V1,V2,V5,V5,V5,V6,L1,,,,,,,,,,,,,,,,,,,,,,
2805,V1,V4,V4,V4,V6,L1,,,,,,,,,,,,,,,,,,,,,,,,
2806,V1,V3,L2,,,,,,,,,,,,,,,,,,,,,,,,,,,
2807,V1,V4,V4,L2,,,,,,,,,,,,,,,,,,,,,,,,,,
2808,V1,V3,L2,,,,,,,,,,,,,,,,,,,,,,,,,,,
2809,V1,V2,V2,V5,V5,V6,V6,V6,L1,,,,,,,,,,,,,,,,,,,,,
2810,V1,V2,V5,V6,V5,V5,V5,V5,V6,L1,,,,,,,,,,,,,,,,,,,,
2811,V1,V2,V3,L2,,,,,,,,,,,,,,,,,,,,,,,,,,
2812,V1,V3,V5,V6,L1,,,,,,,,,,,,,,,,,,,,,,,,,
2813,V1,V2,V2,V5,V5,V5,V6,V5,V6,V6,L1,,,,,,,,,,,,,,,,,,,
2814,V1,V2,V4,L2,,,,,,,,,,,,,,,,,,,,,,,,,,
2815,V1,V2,V2,V5,V5,V5,V5,V5,V5,V5,V5,V5,V5,V6,V6,V6,V6,L1,,,,,,,,,,,,
2816,V1,V2,V5,V4,V4,V6,V6,V6,V6,V6,V6,L1,,,,,,,,,,,,,,,,,,
2817,V1,V3,V3,V3,L2,,,,,,,,,,,,,,,,,,,,,,,,,
2818,V1,L2,,,,,,,,,,,,,,,,,,,,,,,,,,,,
2819,V1,V2,V3,V4,V4,V4,V4,V5,V4,V5,V5,L2,,,,,,,,,,,,,,,,,,
2820,V1,V2,V3,V4,V4,L2,,,,,,,,,,,,,,,,,,,,,,,,
2821,V1,V2,V3,V4,L2,,,,,,,,,,,,,,,,,,,,,,,,,
2822,V1,V3,V4,V6,L1,,,,,,,,,,,,,,,,,,,,,,,,,
2823,V1,V2,V3,V5,V5,V6,V6,V6,L1,,,,,,,,,,,,,,,,,,,,,
2824,V1,V2,V2,V3,L2,,,,,,,,,,,,,,,,,,,,,,,,,
2825,V1,V2,V5,V5,V5,V5,V5,L2,,,,,,,,,,,,,,,,,,,,,,
2826,V1,V2,V2,V5,V5,V4,V5,V5,V6,V6,V6,L1,,,,,,,,,,,,,,,,,,
2827,V1,V4,V4,L2,,,,,,,,,,,,,,,,,,,,,,,,,,
2828,V1,V2,V2,V2,V4,V4,V5,V6,L1,,,,,,,,,,,,,,,,,,,,,
2829,V1,V2,V5,V5,V5,V6,V5,V6,L1,,,,,,,,,,,,,,,,,,,,,
2830,V1,V3,V5,V6,V6,V5,V5,V5,V5,V5,V6,V6,V6,L1,,,,,,,,,,,,,,,,
2831,V1,V3,V3,V5,V6,V6,V6,V6,L1,,,,,,,,,,,,,,,,,,,,,
2832,V1,V4,L2,,,,,,,,,,,,,,,,,,,,,,,,,,,
2833,V1,V1,V1,L2,,,,,,,,,,,,,,,,,,,,,,,,,,
2834,V1,V3,V3,V3,L2,,,,,,,,,,,,,,,,,,,,,,,,,
2835,V1,V2,V2,V3,V5,V5,V6,V6,V6,V6,L1,,,,,,,,,,,,,,,,,,,
2836,V1,V1,V1,V2,V4,L2,,,,,,,,,,,,,,,,,,,,,,,,
2837,V1,V4,V6,V6,V6,V6,V6,V6,V6,V6,V6,V5,V5,V6,L1,,,,,,,,,,,,,,,
2838,V1,V4,V5,V4,V4,V5,V5,V5,V5,V5,V6,V6,V6,L1,,,,,,,,,,,,,,,,
2839,V1,V2,V2,L2,,,,,,,,,,,,,,,,,,,,,,,,,,
2840,V1,V4,L2,,,,,,,,,,,,,,,,,,,,,,,,,,,
2841,V1,V2,V4,L2,,,,,,,,,,,,,,,,,,,,,,,,,,
2842,V1,V3,V3,V3,V4,L2,,,,,,,,,,,,,,,,,,,,,,,,
2843,V1,V2,V2,V3,V5,V6,L1,,,,,,,,,,,,,,,,,,,,,,,
2844,V1,V2,V2,V2,V2,L2,,,,,,,,,,,,,,,,,,,,,,,,
2845,V1,V2,V3,V5,V6,V6,L1,,,,,,,,,,,,,,,,,,,,,,,
2846,V1,V2,V4,L2,,,,,,,,,,,,,,,,,,,,,,,,,,
2847,V1,V2,V5,V5,V6,L1,,,,,,,,,,,,,,,,,,,,,,,,
2848,V1,V3,V3,V4,V5,V5,V5,V5,V5,V5,V5,V6,V6,L1,,,,,,,,,,,,,,,,
2849,V1,V2,V2,V3,V4,V4,V4,V4,V4,V6,V6,V6,V6,L1,,,,,,,,,,,,,,,,
2850,V1,V1,V3,V3,V5,V5,V5,V6,L1,,,,,,,,,,,,,,,,,,,,,
2851,V1,V2,V2,V2,V3,V4,V4,V5,V6,V6,V6,V6,V6,V6,V6,L1,,,,,,,,,,,,,,
2852,V1,V2,V4,V4,L2,,,,,,,,,,,,,,,,,,,,,,,,,
2853,V1,L2,,,,,,,,,,,,,,,,,,,,,,,,,,,,
2854,V1,V2,V5,V5,V6,L1,,,,,,,,,,,,,,,,,,,,,,,,
2855,V1,V2,V4,V6,V6,L1,,,,,,,,,,,,,,,,,,,,,,,,
2856,V1,L2,,,,,,,,,,,,,,,,,,,,,,,,,,,,
2857,V1,V1,V3,V3,V3,V5,V4,V4,V4,V4,V4,V4,V4,L2,,,,,,,,,,,,,,,,
2858,V1,V2,V3,V3,V3,V4,V4,V5,V5,V5,V5,V5,V4,L2,,,,,,,,,,,,,,,,
2859,V1,V2,V5,V5,V5,V5,V6,V6,V6,V6,V6,L1,,,,,,,,,,,,,,,,,,
2860,V1,V3,V3,L2,,,,,,,,,,,,,,,,,,,,,,,,,,
2861,V1,V2,V5,V5,V6,V6,V6,V6,V6,L1,,,,,,,,,,,,,,,,,,,,
2862,V1,V2,V4,V4,V4,V4,V6,V6,V6,V6,V6,V6,V6,V6,L1,,,,,,,,,,,,,,,
2863,V1,V2,V4,V4,L2,,,,,,,,,,,,,,,,,,,,,,,,,
2864,V1,V2,V3,V4,V5,V5,V5,V6,V6,V6,L1,,,,,,,,,,,,,,,,,,,
2865,V1,V2,V4,V5,V5,V5,V6,V6,L1,,,,,,,,,,,,,,,,,,,,,
2866,V1,V3,V5,V6,L1,,,,,,,,,,,,,,,,,,,,,,,,,
2867,V1,V4,V5,V5,V6,V6,L1,,,,,,,,,,,,,,,,,,,,,,,
2868,V1,V2,L2,,,,,,,,,,,,,,,,,,,,,,,,,,,
2869,V1,V3,L2,,,,,,,,,,,,,,,,,,,,,,,,,,,
2870,V1,V2,V4,V6,V6,L1,,,,,,,,,,,,,,,,,,,,,,,,
2871,V1,V2,V5,V6,V6,V6,V6,L1,,,,,,,,,,,,,,,,,,,,,,
2872,V1,V1,V1,L2,,,,,,,,,,,,,,,,,,,,,,,,,,
2873,V1,V3,L2,,,,,,,,,,,,,,,,,,,,,,,,,,,
2874,V1,V4,V4,L2,,,,,,,,,,,,,,,,,,,,,,,,,,
2875,V1,V3,V3,V4,V4,V5,V5,V5,V6,L1,,,,,,,,,,,,,,,,,,,,
2876,V1,L2,,,,,,,,,,,,,,,,,,,,,,,,,,,,
2877,V1,V2,V5,V5,V5,V6,L1,,,,,,,,,,,,,,,,,,,,,,,
2878,V1,V2,V2,V5,V6,V6,V6,V6,V6,L1,,,,,,,,,,,,,,,,,,,,
2879,V1,V2,V3,V4,V4,V4,V4,V5,V5,V6,V6,V6,V6,V6,V6,V5,V6,V6,V6,V6,L1,,,,,,,,,
2880,V1,V2,L2,,,,,,,,,,,,,,,,,,,,,,,,,,,
2881,V1,V1,V3,V4,V5,V6,V6,V6,V5,V6,V6,V6,V6,V5,V5,V5,V5,V5,V6,V6,V6,V6,V6,V6,V6,V6,V6,L1,,
2882,V1,V2,V3,V4,L2,,,,,,,,,,,,,,,,,,,,,,,,,
2883,V1,V2,V3,V5,V5,V5,V5,V5,V5,V5,V5,V5,V6,V6,V6,V6,L1,,,,,,,,,,,,,
2884,V1,V3,V4,V6,V6,V6,L1,,,,,,,,,,,,,,,,,,,,,,,
2885,V1,V3,V4,V6,L1,,,,,,,,,,,,,,,,,,,,,,,,,
2886,V1,V2,V3,V4,V4,V4,L2,,,,,,,,,,,,,,,,,,,,,,,
2887,V1,V3,L2,,,,,,,,,,,,,,,,,,,,,,,,,,,
2888,V1,V1,V2,V3,V4,V4,V6,L1,,,,,,,,,,,,,,,,,,,,,,
2889,V1,V1,V3,V5,V5,V4,V5,V5,V6,V6,V6,L1,,,,,,,,,,,,,,,,,,
2890,V1,V2,V5,V6,V6,V6,V6,V6,V6,V6,L1,,,,,,,,,,,,,,,,,,,
2891,V1,V1,V2,V2,V5,V6,V6,V6,V6,V6,V6,L1,,,,,,,,,,,,,,,,,,
2892,V1,V1,V2,V2,V5,V5,V5,V4,L2,,,,,,,,,,,,,,,,,,,,,
2893,V1,V4,V4,V6,V6,V6,V6,V6,V6,V6,V6,V5,V5,L2,,,,,,,,,,,,,,,,
2894,V1,V3,V4,V5,V5,V5,V5,V6,V6,V6,V6,L1,,,,,,,,,,,,,,,,,,
2895,V1,V1,V2,V3,V4,V5,V6,V6,V6,V5,V6,L1,,,,,,,,,,,,,,,,,,
2896,V1,V1,V4,V4,V4,V5,V5,L2,,,,,,,,,,,,,,,,,,,,,,
2897,V1,V1,V2,V4,V5,V5,V5,V5,L2,,,,,,,,,,,,,,,,,,,,,
2898,V1,V2,V2,V4,L2,,,,,,,,,,,,,,,,,,,,,,,,,
2899,V1,V1,V2,V2,V3,V4,V4,V4,V4,L2,,,,,,,,,,,,,,,,,,,,
2900,V1,L2,,,,,,,,,,,,,,,,,,,,,,,,,,,,
2901,V1,V1,V3,V3,V3,V4,L2,,,,,,,,,,,,,,,,,,,,,,,
2902,V1,V1,V4,V4,V5,V4,V5,V5,V5,V5,V6,V6,L1,,,,,,,,,,,,,,,,,
2903,V1,V2,V3,V5,V5,V6,L1,,,,,,,,,,,,,,,,,,,,,,,
2904,V1,V4,V6,V6,V6,V6,V6,L1,,,,,,,,,,,,,,,,,,,,,,
2905,V1,V2,V4,V4,V4,V4,V5,V5,V6,V6,V6,V6,L1,,,,,,,,,,,,,,,,,
2906,V1,V3,V3,V5,V6,V5,V6,V6,V6,L1,,,,,,,,,,,,,,,,,,,,
2907,V1,V3,V5,V5,V6,L1,,,,,,,,,,,,,,,,,,,,,,,,
2908,V1,V2,V2,V3,L2,,,,,,,,,,,,,,,,,,,,,,,,,
2909,V1,V3,L2,,,,,,,,,,,,,,,,,,,,,,,,,,,
2910,V1,V1,V2,V2,V2,V2,V3,V5,V6,V6,V6,V6,L1,,,,,,,,,,,,,,,,,
2911,V1,V2,V5,V5,V5,V5,V5,V5,V6,V6,L1,,,,,,,,,,,,,,,,,,,
2912,V1,V2,V2,V2,V4,V4,V4,V6,V6,V6,L1,,,,,,,,,,,,,,,,,,,
2913,V1,L2,,,,,,,,,,,,,,,,,,,,,,,,,,,,
2914,V1,V2,V5,V6,V6,L1,,,,,,,,,,,,,,,,,,,,,,,,
2915,V1,V1,V1,V2,V3,V3,V5,V5,V5,V5,V6,V6,V6,V6,V6,V6,V6,V6,V6,V6,L1,,,,,,,,,
2916,V1,V3,V4,V4,V4,V6,L1,,,,,,,,,,,,,,,,,,,,,,,
2917,V1,V4,V4,V6,V6,L1,,,,,,,,,,,,,,,,,,,,,,,,
2918,V1,V1,V2,V2,V3,V5,V6,V6,L1,,,,,,,,,,,,,,,,,,,,,
2919,V1,V2,V5,V4,V6,L1,,,,,,,,,,,,,,,,,,,,,,,,
2920,V1,V2,V3,V4,V6,L1,,,,,,,,,,,,,,,,,,,,,,,,
2921,V1,V2,V3,V5,V6,L1,,,,,,,,,,,,,,,,,,,,,,,,
2922,V1,V3,L2,,,,,,,,,,,,,,,,,,,,,,,,,,,
2923,V1,V3,V5,V5,V5,V5,V5,V5,V6,V6,V5,L2,,,,,,,,,,,,,,,,,,
2924,V1,V2,V5,V6,L1,,,,,,,,,,,,,,,,,,,,,,,,,
2925,V1,V2,V2,V3,V3,V4,V4,V5,V5,V4,L2,,,,,,,,,,,,,,,,,,,
2926,V1,V2,V5,V5,V5,V5,V6,V6,V6,L1,,,,,,,,,,,,,,,,,,,,
2927,V1,V2,V2,V2,V4,L2,,,,,,,,,,,,,,,,,,,,,,,,
2928,V1,V2,V3,V5,V5,V6,V6,V6,V6,V6,V6,L1,,,,,,,,,,,,,,,,,,
2929,V1,V2,V3,V4,V4,L2,,,,,,,,,,,,,,,,,,,,,,,,
2930,V1,V2,V3,V4,V4,L2,,,,,,,,,,,,,,,,,,,,,,,,
2931,V1,V2,V3,V5,V6,V6,V6,L1,,,,,,,,,,,,,,,,,,,,,,
2932,V1,V3,V5,V6,L1,,,,,,,,,,,,,,,,,,,,,,,,,
2933,V1,V2,V2,V2,V2,V3,L2,,,,,,,,,,,,,,,,,,,,,,,
2934,V1,L2,,,,,,,,,,,,,,,,,,,,,,,,,,,,
2935,V1,V4,V4,V4,L2,,,,,,,,,,,,,,,,,,,,,,,,,
2936,V1,V2,L2,,,,,,,,,,,,,,,,,,,,,,,,,,,
2937,V1,V2,V3,V3,V3,V5,V6,V6,V6,L1,,,,,,,,,,,,,,,,,,,,
2938,V1,V3,V3,V5,V5,V4,V4,V4,L2,,,,,,,,,,,,,,,,,,,,,
2939,V1,V4,V5,V5,V5,V6,V5,V5,V5,V5,V5,V4,L2,,,,,,,,,,,,,,,,,
2940,V1,V1,V4,L2,,,,,,,,,,,,,,,,,,,,,,,,,,
2941,V1,V2,V2,L2,,,,,,,,,,,,,,,,,,,,,,,,,,
2942,V1,V1,V3,V4,V6,V6,L1,,,,,,,,,,,,,,,,,,,,,,,
2943,V1,V1,V3,V4,V4,V5,V5,V6,L1,,,,,,,,,,,,,,,,,,,,,
2944,V1,V4,V4,L2,,,,,,,,,,,,,,,,,,,,,,,,,,
2945,V1,V2,V4,L2,,,,,,,,,,,,,,,,,,,,,,,,,,
2946,V1,V3,V5,V6,V5,V6,V5,V5,V5,V6,V6,V6,L1,,,,,,,,,,,,,,,,,
2947,V1,V2,V3,V4,V4,V4,V5,V5,V5,V6,V6,L1,,,,,,,,,,,,,,,,,,
2948,V1,V4,V4,V4,V4,V5,V5,V5,V6,V6,V6,L1,,,,,,,,,,,,,,,,,,
2949,V1,V3,V5,V5,V5,L2,,,,,,,,,,,,,,,,,,,,,,,,
2950,V1,V2,V3,V4,V4,V4,V6,V6,L1,,,,,,,,,,,,,,,,,,,,,
2951,V1,V2,V5,L2,,,,,,,,,,,,,,,,,,,,,,,,,,
2952,V1,V2,V4,V5,V6,V6,V6,V6,L1,,,,,,,,,,,,,,,,,,,,,
2953,V1,V2,V5,V4,V4,L2,,,,,,,,,,,,,,,,,,,,,,,,
2954,V1,V2,V2,V5,V5,L2,,,,,,,,,,,,,,,,,,,,,,,,
2955,V1,V2,V2,V3,V5,V5,V5,V5,V5,L2,,,,,,,,,,,,,,,,,,,,
2956,V1,V3,L2,,,,,,,,,,,,,,,,,,,,,,,,,,,
2957,V1,V1,V2,V2,V3,V5,V6,V6,V6,L1,,,,,,,,,,,,,,,,,,,,
2958,V1,V2,V5,V6,V5,V5,V6,L1,,,,,,,,,,,,,,,,,,,,,,
2959,V1,V1,V2,V2,V3,V3,V5,V6,V6,L1,,,,,,,,,,,,,,,,,,,,
2960,V1,V2,V5,L2,,,,,,,,,,,,,,,,,,,,,,,,,,
2961,V1,V2,V3,V5,V5,V4,L2,,,,,,,,,,,,,,,,,,,,,,,
2962,V1,L2,,,,,,,,,,,,,,,,,,,,,,,,,,,,
2963,V1,V2,V3,V4,V6,L1,,,,,,,,,,,,,,,,,,,,,,,,
2964,V1,V2,V3,V3,V4,V4,V4,V4,V4,V4,L2,,,,,,,,,,,,,,,,,,,
2965,V1,V2,V3,V3,V5,V5,V5,V5,V5,V5,V5,V6,V6,V6,V6,V6,V5,V4,L2,,,,,,,,,,,
2966,V1,V4,V4,V4,V4,V4,V5,V6,L1,,,,,,,,,,,,,,,,,,,,,
2967,V1,V2,V2,V3,L2,,,,,,,,,,,,,,,,,,,,,,,,,
2968,V1,V1,V2,V4,L2,,,,,,,,,,,,,,,,,,,,,,,,,
2969,V1,V3,V5,V5,V6,V6,V6,V6,V6,V6,V6,V6,V6,L1,,,,,,,,,,,,,,,,
2970,V1,V2,V5,V5,V6,V6,L1,,,,,,,,,,,,,,,,,,,,,,,
2971,V1,V2,V3,V4,V4,V4,V4,V5,V5,V6,V6,L1,,,,,,,,,,,,,,,,,,
2972,V1,V1,V2,V3,V3,V4,V4,L2,,,,,,,,,,,,,,,,,,,,,,
2973,V1,V3,V3,V5,V5,V6,V6,V6,L1,,,,,,,,,,,,,,,,,,,,,
2974,V1,V2,V3,V4,V4,V4,L2,,,,,,,,,,,,,,,,,,,,,,,
2975,V1,V3,V5,V6,L1,,,,,,,,,,,,,,,,,,,,,,,,,
2976,V1,V2,V2,V4,V6,V6,V6,V6,V6,L1,,,,,,,,,,,,,,,,,,,,
2977,V1,V1,V2,V2,V3,V3,V3,V3,V3,V5,V5,V5,V6,L1,,,,,,,,,,,,,,,,
2978,V1,V1,V4,V4,V4,V4,V4,V4,V4,L2,,,,,,,,,,,,,,,,,,,,
2979,V1,V2,V4,V4,V4,V5,V6,V6,V6,V6,V6,V6,L1,,,,,,,,,,,,,,,,,
2980,V1,V2,V5,V6,L1,,,,,,,,,,,,,,,,,,,,,,,,,
2981,V1,V2,V3,V4,V4,V4,V4,V5,V5,V5,V5,V6,V5,V5,V4,V5,V6,L1,,,,,,,,,,,,
2982,V1,V2,V3,V4,V4,V4,V4,V4,V4,V5,V5,V5,V6,L1,,,,,,,,,,,,,,,,
2983,V1,V1,L2,,,,,,,,,,,,,,,,,,,,,,,,,,,
2984,V1,V3,V4,V5,V6,L1,,,,,,,,,,,,,,,,,,,,,,,,
2985,V1,V2,V2,V2,V5,L2,,,,,,,,,,,,,,,,,,,,,,,,
2986,V1,V4,V5,V5,V5,V5,V6,V6,V6,V6,V6,L1,,,,,,,,,,,,,,,,,,
2987,V1,V2,V4,V5,V5,V6,V6,V6,L1,,,,,,,,,,,,,,,,,,,,,
2988,V1,V3,V5,V4,V4,V5,V5,L2,,,,,,,,,,,,,,,,,,,,,,
2989,V1,V3,V5,V5,V5,V5,V5,V5,L2,,,,,,,,,,,,,,,,,,,,,
2990,V1,L2,,,,,,,,,,,,,,,,,,,,,,,,,,,,
2991,V1,V2,V2,V3,V4,V4,L2,,,,,,,,,,,,,,,,,,,,,,,
2992,V1,V2,V5,V6,V6,V6,V6,V6,L1,,,,,,,,,,,,,,,,,,,,,
2993,V1,V2,V5,V5,V6,V6,L1,,,,,,,,,,,,,,,,,,,,,,,
2994,V1,V2,V3,V5,V5,V5,V6,L1,,,,,,,,,,,,,,,,,,,,,,
2995,V1,V2,V2,V5,V5,V5,V6,V6,V6,V6,L1,,,,,,,,,,,,,,,,,,,
2996,V1,V2,V2,V4,V4,L2,,,,,,,,,,,,,,,,,,,,,,,,
2997,V1,V1,V3,V3,V4,V5,V4,V6,L1,,,,,,,,,,,,,,,,,,,,,
2998,V1,V2,V4,V5,L2,,,,,,,,,,,,,,,,,,,,,,,,,
2999,V1,V2,V3,V5,V5,V5,V5,V6,V6,L1,,,,,,,,,,,,,,,,,,,,
3000,V1,V1,V2,V3,V5,V5,V6,V5,V6,L1,,,,,,,,,,,,,,,,,,,,
